PRAGMA foreign_keys=OFF;
BEGIN TRANSACTION;
CREATE TABLE spatial_ref_sys(srid INTEGER PRIMARY KEY,sr_name TEXT, auth_name TEXT,auth_srid INTEGER,srtext TEXT,sr_xytol REAL,sr_ztol REAL );
INSERT INTO spatial_ref_sys VALUES(0,'Default',NULL,0,NULL,0.0005,NULL);
CREATE TABLE geometry_columns (f_table_name TEXT,f_geometry_column TEXT,geometry_type INTEGER,geometry_dettype INTEGER,coord_dimension INTEGER,srid INTEGER,geometry_format TEXT);
INSERT INTO geometry_columns VALUES('CONSTRUCT_LINES','GEOM',2,2578,0,0,'FGF');
INSERT INTO geometry_columns VALUES('CONSTRUCT_MARKERS','GEOM',1,1,0,0,'FGF');
INSERT INTO geometry_columns VALUES('CONSTRUCT_POINTS','GEOM',1,1,0,0,'FGF');
INSERT INTO geometry_columns VALUES('CONSTRUCT_POINTS_TBL','GEOM',1,1,0,0,'FGF');
INSERT INTO geometry_columns VALUES('TB_FEATURE_GROUP','GEOM',1,1,0,0,'FGF');
INSERT INTO geometry_columns VALUES('TEST_CLASSE_GEO_01','GEOM',1,1,0,0,'FGF');
CREATE TABLE TB_DOMAIN (ID INTEGER PRIMARY KEY not null, ACTIVE INTEGER(1) default 1 not null, CAPTION VARCHAR2(255) not null, READ_ONLY INTEGER(1) default 0 not null, TABLE_DOES_NOT_EXIST INTEGER(1) default 0 not null, TABLE_NAME VARCHAR2(30) not null, constraint TB_DOMAIN_CAPTION_U unique (CAPTION), constraint TB_DOMAIN_TABLENAME_U unique (TABLE_NAME));
INSERT INTO TB_DOMAIN VALUES(1,1,'Horizontal Alignment',0,0,'TB_HOR_ALIGNMENT_TBD');
INSERT INTO TB_DOMAIN VALUES(2,1,'Vertical Alignment',0,0,'TB_VER_ALIGNMENT_TBD');
CREATE TABLE TB_INFO (ID INTEGER PRIMARY KEY not null, COMMENTARY VARCHAR2(255), PARAM VARCHAR2(255) not null, VALUE_CHAR VARCHAR2(255), VALUE_NUMBER REAL(20,8), constraint TB_INFO_U unique (PARAM));
INSERT INTO TB_INFO VALUES(1004,'The FDO spatial_ref_sys ID, an industry model only supports one coordinate system and this is the ID stored in the spatial_ref_sys table.','DEFAULT_SRID',NULL,0.0);
INSERT INTO TB_INFO VALUES(1005,'Default spatial tolerance for this user if no other is set','DEFAULT_SPATIAL_TOLERANCE',NULL,0.0005);
INSERT INTO TB_INFO VALUES(1006,'Default dimension for this user if no other is set','DEFAULT_DIMENSION',NULL,2.0);
INSERT INTO TB_INFO VALUES(1013,'1012 = Meter; 1006 = Foot (International)','DEFAULT_DISTANCE',NULL,1012.0);
INSERT INTO TB_INFO VALUES(1014,'3005 = Radian; 3001 = Degree; 3003 = Gon','DEFAULT_ANGLE',NULL,3001.0);
INSERT INTO TB_INFO VALUES(1015,'4001 = Celsius; 4002 = Fahrenheit','DEFAULT_TEMPERATURE',NULL,4001.0);
INSERT INTO TB_INFO VALUES(1016,'100 = Gon; 90 = Decimal Degree','DEFAULT_ORIENTATION',NULL,90.0);
INSERT INTO TB_INFO VALUES(1017,'2012 = Square Meter; 2006 = Square Foot (International)','DEFAULT_AREA',NULL,2012.0);
INSERT INTO TB_INFO VALUES(1018,'8003 = Volt','DEFAULT_VOLTAGE',NULL,8003.0);
INSERT INTO TB_INFO VALUES(1019,'5004 = Kilogram','DEFAULT_MASS',NULL,5004.0);
INSERT INTO TB_INFO VALUES(1021,'7012 = Cubic Meter','DEFAULT_VOLUME',NULL,7012.0);
INSERT INTO TB_INFO VALUES(1022,'9005 = Pascal','DEFAULT_PRESSURE',NULL,9005.0);
INSERT INTO TB_INFO VALUES(1023,'10001 = Ampere','DEFAULT_EL_CURRENT',NULL,10001.0);
INSERT INTO TB_INFO VALUES(1024,'11005 = Watt','DEFAULT_EL_POWER',NULL,11005.0);
INSERT INTO TB_INFO VALUES(1025,'12009 = Watt hour','DEFAULT_EL_ENERGY',NULL,12009.0);
INSERT INTO TB_INFO VALUES(1026,'13005 = Ohm','DEFAULT_EL_RESISTANCE',NULL,13005.0);
INSERT INTO TB_INFO VALUES(1027,'14003 = Siemens','DEFAULT_EL_CONDUCTIVITY',NULL,14003.0);
INSERT INTO TB_INFO VALUES(1028,'15002 = Coulomb','DEFAULT_EL_CHARGE',NULL,15002.0);
INSERT INTO TB_INFO VALUES(1029,'16001 = Farad','DEFAULT_EL_CAPACITANCE',NULL,16001.0);
INSERT INTO TB_INFO VALUES(1030,'17001 = Henry','DEFAULT_EL_INDUCTANCE',NULL,17001.0);
INSERT INTO TB_INFO VALUES(1032,'18003 = Newton','DEFAULT_EL_FORCE',NULL,18003.0);
INSERT INTO TB_INFO VALUES(1033,'19005 = Ohm per Meter','DEFAULT_EL_RESISTANCE_PER_LENGTH',NULL,19005.0);
INSERT INTO TB_INFO VALUES(1034,'20002 = Newton per Meter','DEFAULT_EL_FORCE_PER_LENGTH',NULL,20002.0);
INSERT INTO TB_INFO VALUES(1035,'The industry model name.','DOCUMENT_NAME','Industry model 1',NULL);
INSERT INTO TB_INFO VALUES(1036,'21002 = Kilogram per Meter','DEFAULT_MASS_PER_LENGTH',NULL,21002.0);
INSERT INTO TB_INFO VALUES(1037,'22001 = Newton Meter','DEFAULT_TORQUE',NULL,22001.0);
CREATE TABLE TB_VERSION (ID INTEGER PRIMARY KEY not null, DATA_MODEL_CODE VARCHAR2(12), MODULE_NAME VARCHAR2(255), VERSION_DATE DATETIME_as_text not null, VERSION_NUMBER VARCHAR2(10) not null, CAPTION VARCHAR2(255), MIN_VERSION_REASON VARCHAR2(4000), MIN_VERSION VARCHAR2(10));
INSERT INTO TB_VERSION VALUES(1001,NULL,NULL,'2026-07-20T11:38:06.754','11.2.0','Autodesk Industry Model 2025',NULL,NULL);
INSERT INTO TB_VERSION VALUES(1002,'2.14.0','Geometry Construction Tools Extension','2026-07-20T11:38:12.956','2.0.0',NULL,NULL,NULL);
INSERT INTO TB_VERSION VALUES(1003,'2.15.0','Templates Extension','2026-07-20T11:38:13.193','3.0.0',NULL,NULL,NULL);
CREATE TABLE fdo_columns( f_table_name TEXT, f_column_name TEXT, f_column_desc TEXT, fdo_data_type INTEGER, fdo_data_details INTEGER, fdo_data_length INTEGER, fdo_data_precision INTEGER, fdo_data_scale INTEGER);
INSERT INTO fdo_columns VALUES('CONSTRUCT','FID','Number',7,2,0,18,0);
INSERT INTO fdo_columns VALUES('CONSTRUCT_LINES','FID','Number',7,2,0,18,0);
INSERT INTO fdo_columns VALUES('CONSTRUCT_LINES','LENGTH','Number',3,0,0,20,8);
INSERT INTO fdo_columns VALUES('CONSTRUCT_LINES','DESCRIPTION','Varchar2',9,0,48,0,0);
INSERT INTO fdo_columns VALUES('CONSTRUCT_LINES','FID_PARENT','Number',7,0,0,10,0);
INSERT INTO fdo_columns VALUES('CONSTRUCT_MARKERS','FID','Number',7,2,0,18,0);
INSERT INTO fdo_columns VALUES('CONSTRUCT_MARKERS','ORIENTATION','Number',3,0,0,6,3);
INSERT INTO fdo_columns VALUES('CONSTRUCT_MARKERS','Z','Number',3,0,0,20,8);
INSERT INTO fdo_columns VALUES('CONSTRUCT_MARKERS','QUALITY','Number',7,0,0,10,0);
INSERT INTO fdo_columns VALUES('CONSTRUCT_MARKERS','DESCRIPTION','Varchar2',9,0,48,0,0);
INSERT INTO fdo_columns VALUES('CONSTRUCT_MARKERS','FID_PARENT','Number',7,0,0,10,0);
INSERT INTO fdo_columns VALUES('CONSTRUCT_POINTS','FID','Number',7,2,0,18,0);
INSERT INTO fdo_columns VALUES('CONSTRUCT_POINTS','ORIENTATION','Number',3,0,0,6,3);
INSERT INTO fdo_columns VALUES('CONSTRUCT_POINTS','Z','Number',3,0,0,20,8);
INSERT INTO fdo_columns VALUES('CONSTRUCT_POINTS','QUALITY','Number',7,0,0,10,0);
INSERT INTO fdo_columns VALUES('CONSTRUCT_POINTS','DESCRIPTION','Varchar2',9,0,48,0,0);
INSERT INTO fdo_columns VALUES('CONSTRUCT_POINTS','FID_PARENT','Number',7,0,0,10,0);
INSERT INTO fdo_columns VALUES('CONSTRUCT_POINTS_TBL','FID','Number',7,2,0,18,0);
INSERT INTO fdo_columns VALUES('CONSTRUCT_POINTS_TBL','LABEL_DEF_ID','Number',7,0,0,18,0);
INSERT INTO fdo_columns VALUES('CONSTRUCT_POINTS_TBL','FID_PARENT','Number',7,0,0,10,0);
INSERT INTO fdo_columns VALUES('CONSTRUCT_POINTS_TBL','LABEL_TEXT','Varchar2',9,0,2000,0,0);
INSERT INTO fdo_columns VALUES('CONSTRUCT_POINTS_TBL','HORIZONTAL_ALIGNMENT','Varchar2',9,0,10,0,0);
INSERT INTO fdo_columns VALUES('CONSTRUCT_POINTS_TBL','VERTICAL_ALIGNMENT','Varchar2',9,0,10,0,0);
INSERT INTO fdo_columns VALUES('CONSTRUCT_POINTS_TBL','ORIENTATION','Number',3,0,0,6,3);
INSERT INTO fdo_columns VALUES('CONSTRUCT_POINTS_TBL','PRE','Varchar2',9,0,255,0,0);
INSERT INTO fdo_columns VALUES('CONSTRUCT_POINTS_TBL','SUF','Varchar2',9,0,255,0,0);
INSERT INTO fdo_columns VALUES('TB_FEATURE_GROUP','FID','Number',7,2,0,18,0);
INSERT INTO fdo_columns VALUES('TB_FEATURE_GROUP','ORIENTATION','Number',3,0,0,6,3);
INSERT INTO fdo_columns VALUES('TB_FEATURE_GROUP','Z','Number',3,0,0,20,8);
INSERT INTO fdo_columns VALUES('TB_FEATURE_GROUP','QUALITY','Number',7,0,0,10,0);
INSERT INTO fdo_columns VALUES('TB_FEATURE_GROUP','DATE_CREATION','Date',2,0,0,0,0);
INSERT INTO fdo_columns VALUES('TB_FEATURE_GROUP','FID_TEMPLATE','Number',7,0,0,10,0);
INSERT INTO fdo_columns VALUES('TB_FEATURE_GROUP','IS_MIRROR','Number',6,0,0,1,0);
INSERT INTO fdo_columns VALUES('TB_FEATURE_GROUP','SCALE_FACTOR','Number',3,0,0,20,8);
INSERT INTO fdo_columns VALUES('TB_FEATURE_GROUP','USER_FLAG','Varchar2',9,0,255,0,0);
INSERT INTO fdo_columns VALUES('TB_FEATURE_GROUP_FEATURE','FID','Number',7,2,0,18,0);
INSERT INTO fdo_columns VALUES('TB_FEATURE_GROUP_FEATURE','F_CLASS_ID','Number',7,0,0,10,0);
INSERT INTO fdo_columns VALUES('TB_FEATURE_GROUP_FEATURE','FID_FEATURE','Number',7,0,0,10,0);
INSERT INTO fdo_columns VALUES('TB_FEATURE_GROUP_FEATURE','FID_FEATURE_GROUP','Number',7,0,0,10,0);
INSERT INTO fdo_columns VALUES('TB_FEATURE_GROUP_FEATURE','FID_TEMPLATE_FEATURE','Number',7,0,0,10,0);
INSERT INTO fdo_columns VALUES('TB_FEATURE_GROUP_FEATURE','USER_FLAG','Varchar2',9,0,255,0,0);
INSERT INTO fdo_columns VALUES('TB_FEATURE_GROUP_FEATURE','DATE_CREATION','Date',2,0,0,0,0);
INSERT INTO fdo_columns VALUES('TEST_CLASSE_01','FID','Number',7,2,0,18,0);
INSERT INTO fdo_columns VALUES('TEST_CLASSE_01','TEST_ATTRIBUT_01','Varchar2',9,0,10,0,0);
INSERT INTO fdo_columns VALUES('TEST_CLASSE_01','TEST_ATTRIBUT_02','Number',7,0,0,10,0);
INSERT INTO fdo_columns VALUES('TEST_CLASSE_01','TEST_ATTRIBUT_03','Number',7,0,0,10,0);
INSERT INTO fdo_columns VALUES('TEST_CLASSE_01','TEST_ATTRIBUT_05','Varchar2',9,0,10,0,0);
INSERT INTO fdo_columns VALUES('TEST_CLASSE_GEO_01','FID','Number',7,2,0,18,0);
INSERT INTO fdo_columns VALUES('TEST_CLASSE_GEO_01','ORIENTATION','Number',3,0,0,6,3);
INSERT INTO fdo_columns VALUES('TEST_CLASSE_GEO_01','Z','Number',3,0,0,20,8);
INSERT INTO fdo_columns VALUES('TEST_CLASSE_GEO_01','QUALITY','Number',7,0,0,10,0);
CREATE TABLE TB_SEQUENCE_EMULATION (SEQUENCE_NAME text, NEXT_VALUE integer, constraint TB_SEQUENCE_EMULATION_P primary key (SEQUENCE_NAME));
INSERT INTO TB_SEQUENCE_EMULATION VALUES('TB_ATTRIBUTE_S',59);
INSERT INTO TB_SEQUENCE_EMULATION VALUES('TB_DATACHECK_S',1);
INSERT INTO TB_SEQUENCE_EMULATION VALUES('TB_DD_LOG_S',1);
INSERT INTO TB_SEQUENCE_EMULATION VALUES('TB_DICTIONARY_S',10);
INSERT INTO TB_SEQUENCE_EMULATION VALUES('TB_ERROR_LOG_S',1);
INSERT INTO TB_SEQUENCE_EMULATION VALUES('TB_EXPLORER_ITEM_S',7);
INSERT INTO TB_SEQUENCE_EMULATION VALUES('TB_FEATURE_DOCUMENT_S1',1);
INSERT INTO TB_SEQUENCE_EMULATION VALUES('TB_JOB_DICTIONARY_S',1);
INSERT INTO TB_SEQUENCE_EMULATION VALUES('TB_JOB_FCLASS_S',1);
INSERT INTO TB_SEQUENCE_EMULATION VALUES('TB_JOB_PERIMETER_S',1);
INSERT INTO TB_SEQUENCE_EMULATION VALUES('TB_JOB_S',3);
INSERT INTO TB_SEQUENCE_EMULATION VALUES('TB_JOB_TEMPLATE_DEF_S',1);
INSERT INTO TB_SEQUENCE_EMULATION VALUES('TB_JOB_TEMPLATE_S',1);
INSERT INTO TB_SEQUENCE_EMULATION VALUES('TB_JOB_TOPIC_S',1);
INSERT INTO TB_SEQUENCE_EMULATION VALUES('TB_JOB_TOPIC_STATE_S',1);
INSERT INTO TB_SEQUENCE_EMULATION VALUES('TB_JOB_VERSION_S',1);
INSERT INTO TB_SEQUENCE_EMULATION VALUES('TB_LABELDEF_S',10001);
INSERT INTO TB_SEQUENCE_EMULATION VALUES('TB_NET_RESULT_S',1);
INSERT INTO TB_SEQUENCE_EMULATION VALUES('TB_NET_SCOND_DEF_S',1);
INSERT INTO TB_SEQUENCE_EMULATION VALUES('TB_POINTNUMBER_GROUP_DICT_S',1);
INSERT INTO TB_SEQUENCE_EMULATION VALUES('TB_POINTNUMBER_GROUP_S',1);
INSERT INTO TB_SEQUENCE_EMULATION VALUES('TB_POINTNUMBER_INCREMENT_S',1);
INSERT INTO TB_SEQUENCE_EMULATION VALUES('TB_RULE_BASE_S',69);
INSERT INTO TB_SEQUENCE_EMULATION VALUES('TB_RULE_PARAM_S',1);
INSERT INTO TB_SEQUENCE_EMULATION VALUES('TB_SERVER_PROG_S',1);
INSERT INTO TB_SEQUENCE_EMULATION VALUES('TB_SETTINGS_COLLECTION_S1',1);
INSERT INTO TB_SEQUENCE_EMULATION VALUES('TB_SETTINGS_S1',10);
INSERT INTO TB_SEQUENCE_EMULATION VALUES('TB_SURFACE_DEF_S',1);
INSERT INTO TB_SEQUENCE_EMULATION VALUES('TB_UFID_S',1);
INSERT INTO TB_SEQUENCE_EMULATION VALUES('TB_VARIABLE_S',1);
INSERT INTO TB_SEQUENCE_EMULATION VALUES('TB_WORKFLOW_S',1);
INSERT INTO TB_SEQUENCE_EMULATION VALUES('TB_GN_CONTROL_S1',1);
INSERT INTO TB_SEQUENCE_EMULATION VALUES('TB_GN_DIALOG_S1',1);
INSERT INTO TB_SEQUENCE_EMULATION VALUES('TB_GN_USERGROUP_DIALOG_S1',1);
CREATE TABLE TB_ATTRIBUTE (ID INTEGER PRIMARY KEY not null, CAPTION VARCHAR2(255) not null, DESCRIPTION VARCHAR2(4000), F_CLASS_ID INTEGER(10) not null, IS_SYSTEM INTEGER(1) default 0 not null, NAME VARCHAR2(30) not null, UNIT_ID INTEGER(18), constraint TB_ATTRIBUTE_NAME_U unique (F_CLASS_ID, NAME));
INSERT INTO TB_ATTRIBUTE VALUES(1,'FID','FID',1,1,'FID',0);
INSERT INTO TB_ATTRIBUTE VALUES(2,'FID','FID',2,1,'FID',0);
INSERT INTO TB_ATTRIBUTE VALUES(3,'Geometry','Geometry column of the feature class',2,1,'GEOM',0);
INSERT INTO TB_ATTRIBUTE VALUES(4,'Length of the line','Length of the line',2,1,'LENGTH',1012);
INSERT INTO TB_ATTRIBUTE VALUES(5,'Description','Description of the Line',2,0,'DESCRIPTION',0);
INSERT INTO TB_ATTRIBUTE VALUES(6,'Fid Parent','Parent feature ID',2,0,'FID_PARENT',0);
INSERT INTO TB_ATTRIBUTE VALUES(7,'FID','FID',3,1,'FID',0);
INSERT INTO TB_ATTRIBUTE VALUES(8,'Geometry','Geometry column of the feature class',3,1,'GEOM',0);
INSERT INTO TB_ATTRIBUTE VALUES(9,'Orientation','Orientation',3,1,'ORIENTATION',3001);
INSERT INTO TB_ATTRIBUTE VALUES(10,'Z','Z',3,1,'Z',0);
INSERT INTO TB_ATTRIBUTE VALUES(11,'Quality of the point','Quality of the point',3,1,'QUALITY',0);
INSERT INTO TB_ATTRIBUTE VALUES(12,'Description','Description of the Line',3,0,'DESCRIPTION',0);
INSERT INTO TB_ATTRIBUTE VALUES(13,'Fid Parent','Parent feature ID',3,0,'FID_PARENT',0);
INSERT INTO TB_ATTRIBUTE VALUES(14,'FID','FID',4,1,'FID',0);
INSERT INTO TB_ATTRIBUTE VALUES(15,'Geometry','Geometry column of the feature class',4,1,'GEOM',0);
INSERT INTO TB_ATTRIBUTE VALUES(16,'Orientation','Orientation',4,1,'ORIENTATION',3001);
INSERT INTO TB_ATTRIBUTE VALUES(17,'Z','Z',4,1,'Z',0);
INSERT INTO TB_ATTRIBUTE VALUES(18,'Quality of the point','Quality of the point',4,1,'QUALITY',0);
INSERT INTO TB_ATTRIBUTE VALUES(19,'Description','Description of the Line',4,0,'DESCRIPTION',0);
INSERT INTO TB_ATTRIBUTE VALUES(20,'Fid Parent','Parent feature ID',4,0,'FID_PARENT',0);
INSERT INTO TB_ATTRIBUTE VALUES(21,'FID','FID',5,1,'FID',0);
INSERT INTO TB_ATTRIBUTE VALUES(22,'Geometry','Geometry column of the feature class',5,1,'GEOM',0);
INSERT INTO TB_ATTRIBUTE VALUES(23,'label definition ID','',5,1,'LABEL_DEF_ID',0);
INSERT INTO TB_ATTRIBUTE VALUES(24,'parent feature ID','',5,1,'FID_PARENT',0);
INSERT INTO TB_ATTRIBUTE VALUES(25,'label text','',5,1,'LABEL_TEXT',0);
INSERT INTO TB_ATTRIBUTE VALUES(26,'horizontal alignment','',5,1,'HORIZONTAL_ALIGNMENT',0);
INSERT INTO TB_ATTRIBUTE VALUES(27,'vertical alignment','',5,1,'VERTICAL_ALIGNMENT',0);
INSERT INTO TB_ATTRIBUTE VALUES(28,'Orientation','Orientation',5,1,'ORIENTATION',3001);
INSERT INTO TB_ATTRIBUTE VALUES(29,'Prefix','',5,1,'PRE',0);
INSERT INTO TB_ATTRIBUTE VALUES(30,'Suffix','',5,1,'SUF',0);
INSERT INTO TB_ATTRIBUTE VALUES(31,'FID','FID',6,1,'FID',0);
INSERT INTO TB_ATTRIBUTE VALUES(32,'Geometry','Geometry column of the feature class',6,1,'GEOM',0);
INSERT INTO TB_ATTRIBUTE VALUES(33,'Orientation','Orientation',6,1,'ORIENTATION',3001);
INSERT INTO TB_ATTRIBUTE VALUES(34,'Z','Z',6,1,'Z',0);
INSERT INTO TB_ATTRIBUTE VALUES(35,'Quality of the point','Quality of the point',6,1,'QUALITY',0);
INSERT INTO TB_ATTRIBUTE VALUES(36,'Creation Date','Date when the template feature was instantiated',6,0,'DATE_CREATION',0);
INSERT INTO TB_ATTRIBUTE VALUES(37,'Template ID','ID of the template',6,0,'FID_TEMPLATE',0);
INSERT INTO TB_ATTRIBUTE VALUES(38,'Is Mirror','Flag whether the instance is mirrored',6,0,'IS_MIRROR',0);
INSERT INTO TB_ATTRIBUTE VALUES(39,'Scale Factor','Scale factor of the instance',6,0,'SCALE_FACTOR',0);
INSERT INTO TB_ATTRIBUTE VALUES(40,'User Flag','Field available for third-party developers',6,0,'USER_FLAG',0);
INSERT INTO TB_ATTRIBUTE VALUES(41,'FID','FID',7,1,'FID',0);
INSERT INTO TB_ATTRIBUTE VALUES(43,'Feature Class ID','Feature class ID of the feature',7,0,'F_CLASS_ID',0);
INSERT INTO TB_ATTRIBUTE VALUES(44,'Fid Feature','Feature ID of the feature',7,0,'FID_FEATURE',0);
INSERT INTO TB_ATTRIBUTE VALUES(45,'Fid Feature Group','Feature ID of the feature group',7,0,'FID_FEATURE_GROUP',0);
INSERT INTO TB_ATTRIBUTE VALUES(46,'Template Feature ID','ID of the template feature',7,0,'FID_TEMPLATE_FEATURE',0);
INSERT INTO TB_ATTRIBUTE VALUES(47,'User Flag','Field available for third-party developers',7,0,'USER_FLAG',0);
INSERT INTO TB_ATTRIBUTE VALUES(48,'Creation Date','Date when the template feature was instantiated',7,0,'DATE_CREATION',0);
INSERT INTO TB_ATTRIBUTE VALUES(49,'FID','FID',8,1,'FID',0);
INSERT INTO TB_ATTRIBUTE VALUES(50,'Test_Attribut_01',NULL,8,0,'TEST_ATTRIBUT_01',0);
INSERT INTO TB_ATTRIBUTE VALUES(51,'Test_Attribut_02',NULL,8,0,'TEST_ATTRIBUT_02',0);
INSERT INTO TB_ATTRIBUTE VALUES(52,'Test_Attribut_03',NULL,8,0,'TEST_ATTRIBUT_03',0);
INSERT INTO TB_ATTRIBUTE VALUES(53,'Test_Attribut_05',NULL,8,0,'TEST_ATTRIBUT_05',0);
INSERT INTO TB_ATTRIBUTE VALUES(54,'FID','FID',9,1,'FID',0);
INSERT INTO TB_ATTRIBUTE VALUES(55,'Geometry','Geometry column of the feature class',9,1,'GEOM',0);
INSERT INTO TB_ATTRIBUTE VALUES(56,'Orientation','Orientation',9,1,'ORIENTATION',3001);
INSERT INTO TB_ATTRIBUTE VALUES(57,'Z','Z',9,1,'Z',0);
INSERT INTO TB_ATTRIBUTE VALUES(58,'Quality of the point','Quality of the point',9,1,'QUALITY',0);
CREATE TABLE TB_COLUMN_MAPPING (ID INTEGER PRIMARY KEY not null, ID_TABLE INTEGER(18) not null, IS_CHANGEABLE INTEGER(1) default 1 not null, MAPPING_COLUMN VARCHAR2(255) not null, TB_COLUMN VARCHAR2(255) not null);
CREATE TABLE TB_COMPOUND (ID INTEGER PRIMARY KEY not null, CHILD_F_CLASS_ID INTEGER(10) not null, PARENT_F_CLASS_ID INTEGER(10) not null);
CREATE TABLE TB_DATACHECK (ID INTEGER PRIMARY KEY not null, CHECK_STMT VARCHAR2(4000), DESCRIPTION VARCHAR2(255), NAME VARCHAR2(255), PARENT_ID INTEGER(18) default -1 not null, SELECT_ON_TRIGGER INTEGER(1) default 0 not null, WITHOUT_RLS INTEGER(1) default 0 not null, ACTIVE INTEGER(1) default 1 not null, MODULE_NAME VARCHAR2(255));
CREATE TABLE TB_DATAMODELCODE (ID INTEGER PRIMARY KEY not null, DATA_MODEL_CODE VARCHAR2(12));
INSERT INTO TB_DATAMODELCODE VALUES(1,'2.14.0');
INSERT INTO TB_DATAMODELCODE VALUES(2,'2.15.0');
CREATE TABLE TB_DD_LOG (ID INTEGER PRIMARY KEY not null, EXEC_USER VARCHAR2(255), EXECUTE_TIME DATETIME_as_text, SQL_STATEMENT VARCHAR2(4000));
CREATE TABLE TB_DICTIONARY (F_CLASS_ID INTEGER PRIMARY KEY not null, ACTIVE INTEGER(1) default 1 not null, CAPTION VARCHAR2(255) not null, DIMENSION INTEGER(1) default 2 not null, F_CLASS_NAME VARCHAR2(30) not null, F_CLASS_TYPE VARCHAR2(1) not null, FEATURE_REPRESENTATION VARCHAR2(255), MAX_X REAL(20,8) default 1000000 not null, MAX_Y REAL(20,8) default 1000000 not null, MAX_Z REAL(20,8) default 1000000 not null, MIN_X REAL(20,8) default -10 not null, MIN_Y REAL(20,8) default -10 not null, MIN_Z REAL(20,8) default -10 not null, MODEL_F_CLASS_ID INTEGER(10), PARENT_F_CLASS_ID INTEGER(10), READ_ONLY INTEGER(1) default 0 not null, SPATIAL_RELATE VARCHAR2(4000) default 'anyinteract' not null, SRID INTEGER(18) default 0 not null, TABLE_DOES_NOT_EXIST INTEGER(1) default 0 not null, TOLERANCE REAL(20,8) default 0.005 not null, TOPIC_ID INTEGER(18) not null, USER_DEFINED_ELEVATION INTEGER(1) default 0 not null, USER_DEFINED_ORIENTATION INTEGER(1) default 0 not null, VERSION_ENABLED INTEGER(1) default 0, constraint TB_DICTIONARY_FCNAME_U unique (F_CLASS_NAME));
INSERT INTO TB_DICTIONARY VALUES(1,1,'Construct Parent',2,'CONSTRUCT','T',NULL,Inf,Inf,Inf,-Inf,-Inf,-Inf,NULL,NULL,0,'anyinteract',0,0,0.0005,1,0,0,0);
INSERT INTO TB_DICTIONARY VALUES(2,1,'Construct Line',2,'CONSTRUCT_LINES','L',NULL,Inf,Inf,Inf,-Inf,-Inf,-Inf,NULL,1,0,'anyinteract',0,0,0.0005,1,0,0,0);
INSERT INTO TB_DICTIONARY VALUES(3,1,'Construct Marker',2,'CONSTRUCT_MARKERS','P',NULL,Inf,Inf,Inf,-Inf,-Inf,-Inf,NULL,1,0,'anyinteract',0,0,0.0005,1,0,0,0);
INSERT INTO TB_DICTIONARY VALUES(4,1,'Construct Point',2,'CONSTRUCT_POINTS','P',NULL,Inf,Inf,Inf,-Inf,-Inf,-Inf,NULL,1,0,'anyinteract',0,0,0.0005,1,0,0,0);
INSERT INTO TB_DICTIONARY VALUES(5,1,'Construct Point Label',2,'CONSTRUCT_POINTS_TBL','A',NULL,Inf,Inf,Inf,-Inf,-Inf,-Inf,NULL,4,0,'anyinteract',0,0,0.0005,1,0,0,0);
INSERT INTO TB_DICTIONARY VALUES(6,1,'Feature Group',2,'TB_FEATURE_GROUP','P',NULL,Inf,Inf,Inf,-Inf,-Inf,-Inf,NULL,NULL,0,'anyinteract',0,0,0.0005,2,0,0,0);
INSERT INTO TB_DICTIONARY VALUES(7,1,'Feature Group Feature',2,'TB_FEATURE_GROUP_FEATURE','T',NULL,Inf,Inf,Inf,-Inf,-Inf,-Inf,NULL,6,0,'anyinteract',0,0,0.0005,2,0,0,0);
INSERT INTO TB_DICTIONARY VALUES(8,1,'TEST_CLASSE_01',2,'TEST_CLASSE_01','T',NULL,Inf,Inf,Inf,-Inf,-Inf,-Inf,NULL,1,0,'anyinteract',0,0,0.0005,1,0,0,0);
INSERT INTO TB_DICTIONARY VALUES(9,1,'TEST_CLASSE_GEO_01',2,'TEST_CLASSE_GEO_01','P',NULL,Inf,Inf,Inf,-Inf,-Inf,-Inf,NULL,1,0,'AnyInteract',0,0,0.0005,1,0,0,0);
CREATE TABLE TB_DIMENSION (ID INTEGER PRIMARY KEY not null, ABSCISSA_DIM_LABEL_DEF_ID INTEGER(18), ABSCISSA_END_LABEL_DEF_ID INTEGER(18), ABSCISSA_START_LABEL_DEF_ID INTEGER(18), ALIGNED_DIM_LABEL_DEF_ID INTEGER(18), AUTO_ABSCISSA_END INTEGER(1), AUTO_ABSCISSA_START INTEGER(1), DIMENSION_F_CLASS_ID INTEGER(10) not null, LABEL_F_CLASS_ID INTEGER(10) not null, LINE_F_CLASS_ID INTEGER(10) not null, ORDINATE_DIM_LABEL_DEF_ID INTEGER(18), POINT_F_CLASS_ID INTEGER(10) not null);
CREATE TABLE TB_ERROR_LOG (ID INTEGER PRIMARY KEY not null, ERROR_TEXT VARCHAR2(4000) not null, ERROR_TIME TIMESTAMP_as_text(6), F_CLASS_ID INTEGER(10), FID INTEGER(10), FID_DESCRIPTION VARCHAR2(255), MODULE_NAME VARCHAR2(255));
CREATE TABLE TB_EXPLORER_CAT_TYPE (ID INTEGER PRIMARY KEY not null, CATEGORY_ID INTEGER(18) not null, TYPE_NAME VARCHAR2(255) not null);
INSERT INTO TB_EXPLORER_CAT_TYPE VALUES(3,6,'Autodesk.Map.IM.Data.Sys.Viewports');
INSERT INTO TB_EXPLORER_CAT_TYPE VALUES(4,7,'Autodesk.Map.IM.Data.Explorer.TreeGroups');
CREATE TABLE TB_EXPLORER_CATEGORY (ID INTEGER PRIMARY KEY not null, CATEGORY_ID INTEGER(18), DESKTOP_ICON VARCHAR2(255), EXPANDED INTEGER(1) default 0 not null, NAME VARCHAR2(255), WEB_ICON VARCHAR2(255));
INSERT INTO TB_EXPLORER_CATEGORY VALUES(1,NULL,'Topics.ico',1,'Data model','Topics.gif');
INSERT INTO TB_EXPLORER_CATEGORY VALUES(2,NULL,'DomainTables.ico',0,'Domains','DomainTables.gif');
INSERT INTO TB_EXPLORER_CATEGORY VALUES(3,NULL,'Topologies.ico',0,'Topologies','Topologies.gif');
INSERT INTO TB_EXPLORER_CATEGORY VALUES(4,NULL,'Intersection.ico',0,'Intersections','Intersection.gif');
INSERT INTO TB_EXPLORER_CATEGORY VALUES(5,NULL,'SystemTables.ico',0,'System Tables','SystemTables.gif');
INSERT INTO TB_EXPLORER_CATEGORY VALUES(6,NULL,'Viewports.ico',1,'Viewports','Viewports.gif');
INSERT INTO TB_EXPLORER_CATEGORY VALUES(700,NULL,'Workflow.ico',1,'Administrator Workflows','Workflow.gif');
INSERT INTO TB_EXPLORER_CATEGORY VALUES(710,NULL,'Workflow.ico',1,'Map 3D Workflows','Workflow.gif');
INSERT INTO TB_EXPLORER_CATEGORY VALUES(720,NULL,'Workflow.ico',1,'Infrastructure Application Workflows','Workflow.gif');
CREATE TABLE TB_EXPLORER_DEF (ID INTEGER PRIMARY KEY not null, NAME VARCHAR2(255), PRIORITY INTEGER(2) default 0 not null, constraint TB_EXPLORER_DEF_NAME_U unique (NAME));
INSERT INTO TB_EXPLORER_DEF VALUES(1,'Data model',99);
INSERT INTO TB_EXPLORER_DEF VALUES(2,'Domains',98);
INSERT INTO TB_EXPLORER_DEF VALUES(3,'Topologies',97);
INSERT INTO TB_EXPLORER_DEF VALUES(4,'Intersections',96);
INSERT INTO TB_EXPLORER_DEF VALUES(5,'System',98);
INSERT INTO TB_EXPLORER_DEF VALUES(700,'Workflows Administrator',0);
INSERT INTO TB_EXPLORER_DEF VALUES(710,'Workflows Map 3D',0);
INSERT INTO TB_EXPLORER_DEF VALUES(720,'Workflows Infrastructure Application',0);
CREATE TABLE TB_EXPLORER_DEF_STMT (ID INTEGER PRIMARY KEY not null, DEF_ID INTEGER(18) not null, PRIORITY INTEGER(2) default 0 not null, STMT_ID INTEGER(18) not null);
INSERT INTO TB_EXPLORER_DEF_STMT VALUES(1,1,0,1);
INSERT INTO TB_EXPLORER_DEF_STMT VALUES(2,2,0,6);
INSERT INTO TB_EXPLORER_DEF_STMT VALUES(3,3,0,7);
INSERT INTO TB_EXPLORER_DEF_STMT VALUES(4,4,0,8);
INSERT INTO TB_EXPLORER_DEF_STMT VALUES(5,5,0,9);
INSERT INTO TB_EXPLORER_DEF_STMT VALUES(15,6,0,10);
INSERT INTO TB_EXPLORER_DEF_STMT VALUES(33,700,0,700);
INSERT INTO TB_EXPLORER_DEF_STMT VALUES(34,710,0,710);
CREATE TABLE TB_EXPLORER_GROUP (ID INTEGER PRIMARY KEY not null, GROUP_ID INTEGER(18), NAME VARCHAR2(255), constraint TB_EXPLORER_GROUP_NAME_U unique (NAME));
INSERT INTO TB_EXPLORER_GROUP VALUES(1,NULL,'Default');
CREATE TABLE TB_EXPLORER_GROUP_DEF (ID INTEGER PRIMARY KEY not null, DEF_ID INTEGER(18) not null, GROUP_ID INTEGER(18) not null, PRIORITY INTEGER(2) default 0 not null);
INSERT INTO TB_EXPLORER_GROUP_DEF VALUES(1,1,1,4);
INSERT INTO TB_EXPLORER_GROUP_DEF VALUES(2,2,1,3);
INSERT INTO TB_EXPLORER_GROUP_DEF VALUES(3,3,1,2);
INSERT INTO TB_EXPLORER_GROUP_DEF VALUES(4,4,1,1);
CREATE TABLE TB_EXPLORER_GROUP_UG_RESTR (ID INTEGER PRIMARY KEY not null, EXPLORER_GROUP_ID INTEGER(18), USERGROUP_ID VARCHAR2(36));
CREATE TABLE TB_EXPLORER_ITEM (ID INTEGER PRIMARY KEY not null, CAPTION VARCHAR2(255), CATEGORY_ID INTEGER(18), GROUP_DEF_ID INTEGER(18) not null, KEY VARCHAR2(255), NAME VARCHAR2(255), NODETYPES VARCHAR2(255), STMT_ID INTEGER(18), USER_ID VARCHAR2(36), WHERECLAUSE VARCHAR2(4000));
INSERT INTO TB_EXPLORER_ITEM VALUES(1,'Data model',1,1,'0','Data model','',0,NULL,'');
INSERT INTO TB_EXPLORER_ITEM VALUES(2,'Domains',2,2,'0','Domains','',0,NULL,'');
INSERT INTO TB_EXPLORER_ITEM VALUES(3,'Horizontal Alignment',0,2,'1','TB_HOR_ALIGNMENT_TBD','20|31|',6,NULL,'');
INSERT INTO TB_EXPLORER_ITEM VALUES(4,'Vertical Alignment',0,2,'2','TB_VER_ALIGNMENT_TBD','20|31|',6,NULL,'');
INSERT INTO TB_EXPLORER_ITEM VALUES(5,'Topologies',3,3,'0','Topologies','',0,NULL,'');
INSERT INTO TB_EXPLORER_ITEM VALUES(6,'Intersections',4,4,'0','Intersections','',0,NULL,'');
CREATE TABLE TB_EXPLORER_NODE_TYPE (ID INTEGER PRIMARY KEY not null, DESIGNER VARCHAR2(255), NAME VARCHAR2(255), PARENT_NODE_TYPE_NAME VARCHAR2(255), constraint TB_EXPLORER_NODE_TYPE_NAME_U unique (NAME));
INSERT INTO TB_EXPLORER_NODE_TYPE VALUES(1,'Autodesk, Inc.','Autodesk.Map.IM.Forms.DocumentContextMenuType.AllFeatureTypes','Autodesk.Map.IM.Data.Table');
INSERT INTO TB_EXPLORER_NODE_TYPE VALUES(2,'Autodesk, Inc.','Autodesk.Map.IM.Forms.DocumentContextMenuType.AllFeatureTypesWithGeometry','Autodesk.Map.IM.Forms.DocumentContextMenuType.AllFeatureTypes');
INSERT INTO TB_EXPLORER_NODE_TYPE VALUES(3,'Autodesk, Inc.','Autodesk.Map.IM.Data.FeatureClassType.Point','Autodesk.Map.IM.Forms.DocumentContextMenuType.AllFeatureTypesWithGeometry');
INSERT INTO TB_EXPLORER_NODE_TYPE VALUES(4,'Autodesk, Inc.','Autodesk.Map.IM.Data.FeatureClassType.Centroid','Autodesk.Map.IM.Forms.DocumentContextMenuType.AllFeatureTypesWithGeometry');
INSERT INTO TB_EXPLORER_NODE_TYPE VALUES(5,'Autodesk, Inc.','Autodesk.Map.IM.Data.FeatureClassType.Label','Autodesk.Map.IM.Forms.DocumentContextMenuType.AllFeatureTypesWithGeometry');
INSERT INTO TB_EXPLORER_NODE_TYPE VALUES(6,'Autodesk, Inc.','Autodesk.Map.IM.Data.FeatureClassType.LineString','Autodesk.Map.IM.Forms.DocumentContextMenuType.AllFeatureTypesWithGeometry');
INSERT INTO TB_EXPLORER_NODE_TYPE VALUES(7,'Autodesk, Inc.','Autodesk.Map.IM.Data.FeatureClassType.CompoundLineString','Autodesk.Map.IM.Forms.DocumentContextMenuType.AllFeatureTypesWithGeometry');
INSERT INTO TB_EXPLORER_NODE_TYPE VALUES(8,'Autodesk, Inc.','Autodesk.Map.IM.Data.FeatureClassType.Polygon','Autodesk.Map.IM.Forms.DocumentContextMenuType.AllFeatureTypesWithGeometry');
INSERT INTO TB_EXPLORER_NODE_TYPE VALUES(9,'Autodesk, Inc.','Autodesk.Map.IM.Data.FeatureClassType.Raster','Autodesk.Map.IM.Forms.DocumentContextMenuType.AllFeatureTypesWithGeometry');
INSERT INTO TB_EXPLORER_NODE_TYPE VALUES(10,'Autodesk, Inc.','Autodesk.Map.IM.Data.FeatureClassType.XRef','Autodesk.Map.IM.Forms.DocumentContextMenuType.AllFeatureTypesWithGeometry');
INSERT INTO TB_EXPLORER_NODE_TYPE VALUES(11,'Autodesk, Inc.','Autodesk.Map.IM.Data.FeatureClassType.WMS','Autodesk.Map.IM.Forms.DocumentContextMenuType.AllFeatureTypesWithGeometry');
INSERT INTO TB_EXPLORER_NODE_TYPE VALUES(12,'Autodesk, Inc.','Autodesk.Map.IM.Data.FeatureClassType.CompoundPolygon','Autodesk.Map.IM.Forms.DocumentContextMenuType.AllFeatureTypesWithGeometry');
INSERT INTO TB_EXPLORER_NODE_TYPE VALUES(13,'Autodesk, Inc.','Autodesk.Map.IM.Data.FeatureClassType.Collection','Autodesk.Map.IM.Forms.DocumentContextMenuType.AllFeatureTypesWithGeometry');
INSERT INTO TB_EXPLORER_NODE_TYPE VALUES(14,'Autodesk, Inc.','Autodesk.Map.IM.Data.FeatureClassType.AcadCollection','Autodesk.Map.IM.Forms.DocumentContextMenuType.AllFeatureTypesWithGeometry');
INSERT INTO TB_EXPLORER_NODE_TYPE VALUES(15,'Autodesk, Inc.','Autodesk.Map.IM.Data.FeatureClassType.Dimension','Autodesk.Map.IM.Forms.DocumentContextMenuType.AllFeatureTypes');
INSERT INTO TB_EXPLORER_NODE_TYPE VALUES(16,'Autodesk, Inc.','Autodesk.Map.IM.Data.FeatureClassType.Attribute','Autodesk.Map.IM.Forms.DocumentContextMenuType.AllFeatureTypes');
INSERT INTO TB_EXPLORER_NODE_TYPE VALUES(17,'Autodesk, Inc.','Autodesk.Map.IM.Forms.DocumentContextMenuType.LabelDefinition',NULL);
INSERT INTO TB_EXPLORER_NODE_TYPE VALUES(18,'Autodesk, Inc.','Autodesk.Map.IM.Forms.DocumentContextMenuType.Topic',NULL);
INSERT INTO TB_EXPLORER_NODE_TYPE VALUES(19,'Autodesk, Inc.','Autodesk.Map.IM.Forms.DocumentContextMenuType.Domains',NULL);
INSERT INTO TB_EXPLORER_NODE_TYPE VALUES(20,'Autodesk, Inc.','Autodesk.Map.IM.Forms.DocumentContextMenuType.Domain','Autodesk.Map.IM.Data.Table');
INSERT INTO TB_EXPLORER_NODE_TYPE VALUES(21,'Autodesk, Inc.','Autodesk.Map.IM.Forms.DocumentContextMenuType.Topologies',NULL);
INSERT INTO TB_EXPLORER_NODE_TYPE VALUES(22,'Autodesk, Inc.','Autodesk.Map.IM.Forms.DocumentContextMenuType.Topics',NULL);
INSERT INTO TB_EXPLORER_NODE_TYPE VALUES(23,'Autodesk, Inc.','Autodesk.Map.IM.Data.TopologyType.Area','Autodesk.Map.IM.Forms.DocumentContextMenuType.Topology');
INSERT INTO TB_EXPLORER_NODE_TYPE VALUES(24,'Autodesk, Inc.','Autodesk.Map.IM.Data.TopologyType.Net','Autodesk.Map.IM.Forms.DocumentContextMenuType.Topology');
INSERT INTO TB_EXPLORER_NODE_TYPE VALUES(25,'Autodesk, Inc.','Autodesk.Map.IM.Data.TopologyType.Logical','Autodesk.Map.IM.Forms.DocumentContextMenuType.Topology');
INSERT INTO TB_EXPLORER_NODE_TYPE VALUES(26,'Autodesk, Inc.','Autodesk.Map.IM.Data.IntersectionType.PolygonPolygon',NULL);
INSERT INTO TB_EXPLORER_NODE_TYPE VALUES(27,'Autodesk, Inc.','Autodesk.Map.IM.Data.IntersectionType.PolygonLine',NULL);
INSERT INTO TB_EXPLORER_NODE_TYPE VALUES(28,'Autodesk, Inc.','Autodesk.Map.IM.Data.IntersectionType.LineLine',NULL);
INSERT INTO TB_EXPLORER_NODE_TYPE VALUES(29,'Autodesk, Inc.','Autodesk.Map.IM.Forms.DocumentContextMenuType.Document',NULL);
INSERT INTO TB_EXPLORER_NODE_TYPE VALUES(30,'Autodesk, Inc.','Autodesk.Map.IM.Forms.DocumentContextMenuType.Topology',NULL);
INSERT INTO TB_EXPLORER_NODE_TYPE VALUES(31,'Autodesk, Inc.','Autodesk.Map.IM.Data.Table',NULL);
INSERT INTO TB_EXPLORER_NODE_TYPE VALUES(32,'Autodesk, Inc.','Autodesk.Map.IM.Data.Sys.Viewport',NULL);
INSERT INTO TB_EXPLORER_NODE_TYPE VALUES(33,'Autodesk, Inc.','Autodesk.Map.IM.Data.Sys.Viewports',NULL);
INSERT INTO TB_EXPLORER_NODE_TYPE VALUES(34,'Autodesk, Inc.','Autodesk.Map.IM.Data.Explorer.TreeGroup',NULL);
INSERT INTO TB_EXPLORER_NODE_TYPE VALUES(35,'Autodesk, Inc.','Autodesk.Map.IM.Data.Explorer.TreeGroups',NULL);
INSERT INTO TB_EXPLORER_NODE_TYPE VALUES(36,'Autodesk, Inc.','Autodesk.Map.IM.Data.IntersectionType.PolygonPoint',NULL);
INSERT INTO TB_EXPLORER_NODE_TYPE VALUES(37,'Autodesk, Inc.','Autodesk.Map.IM.Data.IntersectionType.LinePoint',NULL);
INSERT INTO TB_EXPLORER_NODE_TYPE VALUES(153,'Autodesk, Inc.','Autodesk.Map.IM.Data.Sys.DisplayModels',NULL);
INSERT INTO TB_EXPLORER_NODE_TYPE VALUES(154,'Autodesk, Inc.','Autodesk.Map.IM.Data.Sys.DisplayModel',NULL);
INSERT INTO TB_EXPLORER_NODE_TYPE VALUES(155,'Autodesk, Inc.','Autodesk.Map.IM.Data.Sys.DisplayModel.FeatureClass.WithPrio',NULL);
INSERT INTO TB_EXPLORER_NODE_TYPE VALUES(156,'Autodesk, Inc.','Autodesk.Map.IM.Data.Sys.DisplayModel.FeatureClass.WithoutPrio',NULL);
INSERT INTO TB_EXPLORER_NODE_TYPE VALUES(200,'Autodesk, Inc.','Autodesk.Map.IM.Data.Sys.DisplayModelGroup',NULL);
INSERT INTO TB_EXPLORER_NODE_TYPE VALUES(201,'Autodesk, Inc.','Autodesk.Map.IM.Data.Sys.DisplayModelGroups',NULL);
INSERT INTO TB_EXPLORER_NODE_TYPE VALUES(700,'Autodesk, Inc.','Autodesk.Map.IM.Data.Workflow',NULL);
CREATE TABLE TB_EXPLORER_STMT (ID INTEGER PRIMARY KEY not null, ACTIVE INTEGER(1) default 1 not null, CATEGORY_ID INTEGER(18), DESIGNER VARCHAR2(255), DESKTOP_ICON VARCHAR2(255), DRAW_ALL_RECORDS INTEGER(1) default 0 not null, EXPANDED INTEGER(1) default 0 not null, ITEM_NAME VARCHAR2(255), NAME VARCHAR2(255), PRIORITY INTEGER(2) default 0 not null, SEARCH_ATTR_NAME VARCHAR2(255), SELECT_STMT VARCHAR2(4000) not null, WEB_ICON VARCHAR2(255));
INSERT INTO TB_EXPLORER_STMT VALUES(1,1,1,'Autodesk, Inc.','Topic.ico',1,0,NULL,'Topic',0,'Caption','SELECT ID, Caption, Name FROM TB_TOPIC WHERE TOPIC_ID IS NULL ORDER BY Caption','Topic.gif');
INSERT INTO TB_EXPLORER_STMT VALUES(2,1,NULL,'Autodesk, Inc.','Topic.ico',1,0,NULL,'SubTopics',0,'Caption','SELECT ID, Caption, Name FROM TB_TOPIC WHERE TOPIC_ID={0} ORDER BY Caption','Topic.gif');
INSERT INTO TB_EXPLORER_STMT VALUES(3,1,NULL,'Autodesk, Inc.',NULL,1,0,NULL,'FeatureClasses',1,'Caption','SELECT F_CLASS_ID,Caption, F_CLASS_NAME,  CASE  WHEN  F_CLASS_TYPE = ''P'' THEN ''Point.ico'' WHEN F_CLASS_TYPE = ''L'' THEN ''LineString.ico'' WHEN F_CLASS_TYPE = ''O'' THEN ''Polygon.ico'' WHEN F_CLASS_TYPE = ''A'' THEN ''Label.ico'' WHEN F_CLASS_TYPE = ''C'' THEN ''Collection.ico'' WHEN F_CLASS_TYPE = ''T'' THEN ''Attribute.ico'' WHEN F_CLASS_TYPE = ''E'' THEN ''Centroid.ico'' WHEN F_CLASS_TYPE = ''S'' THEN ''CompoundPolygon.ico'' WHEN F_CLASS_TYPE = ''I'' THEN ''CompoundLineString.ico'' WHEN F_CLASS_TYPE = ''M'' THEN ''Dimension.ico'' ELSE F_CLASS_TYPE END as Icon, CASE WHEN F_CLASS_TYPE =  ''P'' THEN  ''Autodesk.Map.IM.Data.FeatureClassType.Point'' WHEN  F_CLASS_TYPE =  ''L'' THEN  ''Autodesk.Map.IM.Data.FeatureClassType.Linestring'' WHEN  F_CLASS_TYPE =  ''O'' THEN  ''Autodesk.Map.IM.Data.FeatureClassType.Polygon'' WHEN  F_CLASS_TYPE =  ''A'' THEN  ''Autodesk.Map.IM.Data.FeatureClassType.Label'' WHEN  F_CLASS_TYPE =  ''C'' THEN  ''Autodesk.Map.IM.Data.FeatureClassType.Collection'' WHEN  F_CLASS_TYPE =  ''T'' THEN  ''Autodesk.Map.IM.Data.FeatureClassType.Attribute'' WHEN  F_CLASS_TYPE =  ''E'' THEN  ''Autodesk.Map.IM.Data.FeatureClassType.Centroid'' WHEN  F_CLASS_TYPE =  ''S'' THEN  ''Autodesk.Map.IM.Data.FeatureClassType.CompoundPolygon'' WHEN  F_CLASS_TYPE =  ''I'' THEN  ''Autodesk.Map.IM.Data.FeatureClassType.CompoundLineString'' WHEN  F_CLASS_TYPE =  ''M'' THEN  ''Autodesk.Map.IM.Data.FeatureClassType.Dimension'' ELSE  F_CLASS_TYPE  END as Type FROM TB_DICTIONARY WHERE PARENT_F_CLASS_ID IS NULL AND TOPIC_ID={0} ORDER BY Caption',NULL);
INSERT INTO TB_EXPLORER_STMT VALUES(4,1,NULL,'Autodesk, Inc.',NULL,1,1,NULL,'SubFeatureClasses',0,'Caption','SELECT F_CLASS_ID, Caption, F_CLASS_NAME, CASE WHEN F_CLASS_TYPE = ''P'' THEN ''Point.ico'' WHEN F_CLASS_TYPE = ''L'' THEN ''LineString.ico'' WHEN F_CLASS_TYPE = ''O'' THEN ''Polygon.ico'' WHEN F_CLASS_TYPE = ''A'' THEN ''Label.ico'' WHEN F_CLASS_TYPE = ''C'' THEN ''Collection.ico'' WHEN F_CLASS_TYPE = ''T'' THEN ''Attribute.ico'' WHEN F_CLASS_TYPE = ''E'' THEN ''Centroid.ico'' WHEN F_CLASS_TYPE = ''S'' THEN ''CompoundPolygon.ico'' WHEN F_CLASS_TYPE = ''I'' THEN ''CompoundLineString.ico'' WHEN F_CLASS_TYPE = ''M'' THEN ''Dimension.ico'' ELSE F_CLASS_TYPE END as Icon, CASE WHEN F_CLASS_TYPE = ''P'' THEN ''Autodesk.Map.IM.Data.FeatureClassType.Point'' WHEN F_CLASS_TYPE = ''L'' THEN ''Autodesk.Map.IM.Data.FeatureClassType.LineString'' WHEN F_CLASS_TYPE = ''O'' THEN ''Autodesk.Map.IM.Data.FeatureClassType.Polygon'' WHEN F_CLASS_TYPE = ''A'' THEN ''Autodesk.Map.IM.Data.FeatureClassType.Label'' WHEN F_CLASS_TYPE = ''C'' THEN ''Autodesk.Map.IM.Data.FeatureClassType.Collection'' WHEN F_CLASS_TYPE = ''T'' THEN ''Autodesk.Map.IM.Data.FeatureClassType.Attribute'' WHEN F_CLASS_TYPE = ''E'' THEN ''Autodesk.Map.IM.Data.FeatureClassType.Centroid'' WHEN F_CLASS_TYPE = ''S'' THEN ''Autodesk.Map.IM.Data.FeatureClassType.CompoundPolygon'' WHEN F_CLASS_TYPE = ''I'' THEN ''Autodesk.Map.IM.Data.FeatureClassType.CompoundLineString'' WHEN F_CLASS_TYPE = ''M'' THEN ''Autodesk.Map.IM.Data.FeatureClassType.Dimension'' ELSE F_CLASS_TYPE END as Type, CASE WHEN D.F_CLASS_ID IN (SELECT CHILD_F_CLASS_ID FROM TB_COMPOUND) THEN 1 ELSE null END  AS COMPOUND FROM TB_DICTIONARY D WHERE PARENT_F_CLASS_ID={0} ORDER BY Compound, Caption',NULL);
INSERT INTO TB_EXPLORER_STMT VALUES(5,1,NULL,'Autodesk, Inc.','LabelDefinition.ico',1,1,NULL,'LabelDefinitions',1,'Caption','SELECT LD.ID, LD.Name FROM TB_LABEL_DEF LD, TB_LABEL L WHERE LD.LABEL_ID=L.ID AND L.TBL_F_CLASS_ID={0} ORDER BY LD.Name','LabelDefinition.gif');
INSERT INTO TB_EXPLORER_STMT VALUES(6,1,2,'Autodesk, Inc.','DomainTable.ico',1,0,NULL,'Domains',0,'Caption','SELECT ID, Caption, Table_Name FROM TB_DOMAIN ORDER BY Caption','DomainTable.gif');
INSERT INTO TB_EXPLORER_STMT VALUES(7,1,3,'Autodesk, Inc.',NULL,1,0,NULL,'Topologies',0,'Name','SELECT ID, Caption, NULL, CASE WHEN INITIALIZED = 1 THEN ( CASE WHEN TYPE = ''A'' THEN ''AreaTopologyInit.ico'' WHEN TYPE =''N'' THEN ''NetTopologyInit.ico'' WHEN TYPE = ''L'' THEN ''NetTopologyInit.ico'' ELSE TYPE END ) ELSE ( CASE WHEN TYPE = ''A'' THEN ''AreaTopology.ico'' WHEN TYPE = ''N'' THEN ''NetTopology.ico'' WHEN TYPE = ''L'' THEN ''NetTopology.ico'' ELSE TYPE END ) END as Icon, CASE WHEN TYPE = ''A'' THEN ''Autodesk.Map.IM.Data.TopologyType.Area'' WHEN TYPE = ''N'' THEN ''Autodesk.Map.IM.Data.TopologyType.Net'' WHEN TYPE = ''L'' THEN ''Autodesk.Map.IM.Data.TopologyType.Logical'' ELSE TYPE END as Type FROM TB_TOPOLOGY ORDER BY Caption',NULL);
INSERT INTO TB_EXPLORER_STMT VALUES(8,1,4,'Autodesk, Inc.',NULL,1,0,NULL,'Intersections',0,'Name','SELECT ID, Caption, Name, CASE WHEN TYPE = ''OO'' THEN ''IntersectionPolygonPolygon.ico'' WHEN TYPE = ''OL'' THEN ''IntersectionPolygonLine.ico'' WHEN TYPE = ''LL'' THEN ''IntersectionLineLine.ico'' WHEN TYPE = ''OP'' THEN ''IntersectionPolygonPoint.ico'' WHEN TYPE = ''LP'' THEN ''IntersectionLinePoint.ico'' ELSE TYPE END as Icon, CASE WHEN TYPE = ''OO'' THEN ''Autodesk.Map.IM.Data.IntersectionType.PolygonPolygon'' WHEN TYPE = ''OL'' THEN ''Autodesk.Map.IM.Data.IntersectionType.PolygonLine'' WHEN TYPE = ''LL'' THEN ''Autodesk.Map.IM.Data.IntersectionType.LineLine'' WHEN TYPE = ''OP'' THEN ''Autodesk.Map.IM.Data.IntersectionType.PolygonPoint'' WHEN TYPE = ''LP'' THEN ''Autodesk.Map.IM.Data.IntersectionType.LinePoint'' ELSE TYPE END as Type FROM TB_INTERSECTION ORDER BY Caption',NULL);
INSERT INTO TB_EXPLORER_STMT VALUES(9,1,5,'Autodesk, Inc.','SystemTable.ico',1,0,NULL,'System Tables',0,'Table_Name','SELECT tbl_name as key, tbl_name as caption, tbl_name as table_name FROM sqlite_master where type=''table'' AND tbl_name LIKE ''TB_%'' order by tbl_name','SystemTable.gif');
INSERT INTO TB_EXPLORER_STMT VALUES(10,1,6,'Autodesk, Inc.','Viewport.ico',0,0,NULL,'Viewports',0,NULL,'SELECT ID, Name FROM TB_VIEWPORT WHERE USER_ID IS NULL ORDER BY Name','Viewport.ico');
INSERT INTO TB_EXPLORER_STMT VALUES(700,1,700,'Autodesk, Inc.','Workflow.ico',0,1,NULL,'Workflows Administrator',0,NULL,'SELECT id, caption, null, picture FROM tb_workflow WHERE parent_id = 0 ORDER BY priority','Workflow.gif');
INSERT INTO TB_EXPLORER_STMT VALUES(701,1,NULL,'Autodesk, Inc.','Workflow.ico',0,1,NULL,'Workflows Administrator Children',0,NULL,'SELECT id, caption, null, picture FROM tb_workflow WHERE parent_id = {0} ORDER BY priority','Workflow.gif');
INSERT INTO TB_EXPLORER_STMT VALUES(710,1,710,'Autodesk, Inc.','Workflow.ico',0,1,NULL,'Workflows Map 3D',0,NULL,'SELECT id, caption, null, picture FROM tb_workflow WHERE parent_id = 0 AND(UPPER(target) = ''A'' OR UPPER(target) = ''C'') ORDER BY priority','Workflow.gif');
INSERT INTO TB_EXPLORER_STMT VALUES(711,1,NULL,'Autodesk, Inc.','Workflow.ico',0,1,NULL,'Workflows Map 3D Children',0,NULL,'SELECT id, caption, null, picture FROM tb_workflow WHERE parent_id = {0} AND(UPPER(target) = ''A'' OR UPPER(target) = ''C'') ORDER BY priority','Workflow.gif');
INSERT INTO TB_EXPLORER_STMT VALUES(720,1,720,'Autodesk, Inc.','Workflow.ico',0,1,NULL,'Workflows Infrastructure Application',0,NULL,'SELECT id, caption, null, picture FROM tb_workflow WHERE parent_id = 0 AND(UPPER(target) = ''A'' OR UPPER(target) = ''W'') ORDER BY priority','Workflow.gif');
INSERT INTO TB_EXPLORER_STMT VALUES(721,1,NULL,'Autodesk, Inc.','Workflow.ico',0,1,NULL,'Workflows Infrastructure Application Children',0,NULL,'SELECT id, caption, null, picture FROM tb_workflow WHERE parent_id = {0} AND(UPPER(target) = ''A'' OR UPPER(target) = ''W'') ORDER BY priority','Workflow.gif');
CREATE TABLE TB_EXPLORER_STMT_STMT (ID INTEGER PRIMARY KEY not null, CHILD_STMT_ID INTEGER(18) not null, PARENT_STMT_ID INTEGER(18) not null);
INSERT INTO TB_EXPLORER_STMT_STMT VALUES(1,2,1);
INSERT INTO TB_EXPLORER_STMT_STMT VALUES(2,2,2);
INSERT INTO TB_EXPLORER_STMT_STMT VALUES(3,3,1);
INSERT INTO TB_EXPLORER_STMT_STMT VALUES(4,3,2);
INSERT INTO TB_EXPLORER_STMT_STMT VALUES(5,4,3);
INSERT INTO TB_EXPLORER_STMT_STMT VALUES(6,4,4);
INSERT INTO TB_EXPLORER_STMT_STMT VALUES(7,5,3);
INSERT INTO TB_EXPLORER_STMT_STMT VALUES(8,5,4);
INSERT INTO TB_EXPLORER_STMT_STMT VALUES(9,701,700);
INSERT INTO TB_EXPLORER_STMT_STMT VALUES(10,701,701);
INSERT INTO TB_EXPLORER_STMT_STMT VALUES(11,711,710);
INSERT INTO TB_EXPLORER_STMT_STMT VALUES(12,711,711);
CREATE TABLE TB_EXPLORER_STMT_TYPE (ID INTEGER PRIMARY KEY not null, STMT_ID INTEGER(18) not null, TYPE_NAME VARCHAR2(255) not null);
INSERT INTO TB_EXPLORER_STMT_TYPE VALUES(1,1,'Autodesk.Map.IM.Forms.DocumentContextMenuType.Topic');
INSERT INTO TB_EXPLORER_STMT_TYPE VALUES(2,2,'Autodesk.Map.IM.Forms.DocumentContextMenuType.Topic');
INSERT INTO TB_EXPLORER_STMT_TYPE VALUES(3,3,'Autodesk.Map.IM.Forms.DocumentContextMenuType.AllFeatureTypes');
INSERT INTO TB_EXPLORER_STMT_TYPE VALUES(4,4,'Autodesk.Map.IM.Forms.DocumentContextMenuType.AllFeatureTypes');
INSERT INTO TB_EXPLORER_STMT_TYPE VALUES(5,5,'Autodesk.Map.IM.Forms.DocumentContextMenuType.LabelDefinition');
INSERT INTO TB_EXPLORER_STMT_TYPE VALUES(6,6,'Autodesk.Map.IM.Forms.DocumentContextMenuType.Domain');
INSERT INTO TB_EXPLORER_STMT_TYPE VALUES(7,7,'Autodesk.Map.IM.Forms.DocumentContextMenuType.Topology');
INSERT INTO TB_EXPLORER_STMT_TYPE VALUES(8,9,'Autodesk.Map.IM.Data.Table');
INSERT INTO TB_EXPLORER_STMT_TYPE VALUES(9,700,'Autodesk.Map.IM.Data.Workflow');
INSERT INTO TB_EXPLORER_STMT_TYPE VALUES(10,701,'Autodesk.Map.IM.Data.Workflow');
INSERT INTO TB_EXPLORER_STMT_TYPE VALUES(11,710,'Autodesk.Map.IM.Data.Workflow');
INSERT INTO TB_EXPLORER_STMT_TYPE VALUES(12,711,'Autodesk.Map.IM.Data.Workflow');
INSERT INTO TB_EXPLORER_STMT_TYPE VALUES(13,720,'Autodesk.Map.IM.Data.Workflow');
INSERT INTO TB_EXPLORER_STMT_TYPE VALUES(14,721,'Autodesk.Map.IM.Data.Workflow');
INSERT INTO TB_EXPLORER_STMT_TYPE VALUES(43,10,'Autodesk.Map.IM.Data.Sys.Viewport');
CREATE TABLE TB_FCONT_FC_PROFILE_RESTR (ID INTEGER PRIMARY KEY not null, FCONT_ID INTEGER(18) not null, FCONT_PROFILE_ID INTEGER(18) not null);
CREATE TABLE TB_FCONT_MENU_ITEM (ID INTEGER PRIMARY KEY not null, CAPTION VARCHAR2(255) not null, FCONT_ID INTEGER(18) not null, IMAGE VARCHAR2(255), KEY VARCHAR2(255) not null, TOOLTIP VARCHAR2(4000), TYPE VARCHAR2(255));
CREATE TABLE TB_FCONT_MENU_ITEM_UG_RESTR (ID INTEGER PRIMARY KEY not null, FCONT_MENU_ITEM_ID INTEGER(18) not null, USERGROUP_ID VARCHAR2(40) not null);
CREATE TABLE TB_FCONT_PROFILE (ID INTEGER PRIMARY KEY not null, NAME VARCHAR2(255));
CREATE TABLE TB_FCONT_PROFILE_UG_RESTR (ID INTEGER PRIMARY KEY not null, FCONT_PROFILE_ID INTEGER(18) not null, USERGROUP_ID VARCHAR2(40) not null);
CREATE TABLE TB_FUNCTIONALITEM_FILTER (ID VARCHAR2(36) not null, FUNCTION_ID VARCHAR2(36) not null, USERGROUP_ID VARCHAR2(36) not null, constraint TB_FUNCTIONALITEM_FILTER_P primary key (ID));
CREATE TABLE TB_JOB (ID INTEGER PRIMARY KEY not null, COMMENTARY VARCHAR2(4000), DATE_CREATED DATETIME_as_text default current_date not null, IS_LOCKED INTEGER(1) default 0 not null, JOB_TEMPLATE_ID INTEGER(18), NAME VARCHAR2(255) not null, USE_STATE INTEGER(2) default 0 not null, USER_CREATED VARCHAR2(255) not null, constraint TB_JOB_NAME_U unique (NAME));
INSERT INTO TB_JOB VALUES(1,'The live job','2009-07-24T16:41:13.000',1,NULL,'Live',1,'TOPOBASE');
INSERT INTO TB_JOB VALUES(2,'The pending job','2009-07-24T16:41:13.000',1,NULL,'Pending',2,'TOPOBASE');
CREATE TABLE TB_JOB_DICTIONARY (ID INTEGER PRIMARY KEY not null, BUFFER REAL(20,8) default 0.005, F_CLASS_ID INTEGER(10) not null, FEATURE_LOCKING_TYPE VARCHAR2(1) default 'O' not null, PERIMETER_F_CLASS_ID INTEGER(10), constraint TB_JOB_DICTIONARY_FCID_U unique (F_CLASS_ID));
CREATE TABLE TB_JOB_FCLASS (ID INTEGER PRIMARY KEY not null, F_CLASS_ID INTEGER(10) not null, JOB_TOPIC_ID INTEGER(18) not null);
CREATE TABLE TB_JOB_PERIMETER (ID INTEGER PRIMARY KEY not null, F_CLASS_ID INTEGER(10), GEOM FDO_GEOMETRY_as_blob, IS_NOT_BUFFERED INTEGER(1), JOB_ID INTEGER(18) not null, JOB_PERIMETER_TYPE_ID INTEGER(18) not null, TOPO_ID INTEGER(18));
CREATE TABLE TB_JOB_PERIMETER_TYPE (ID INTEGER PRIMARY KEY not null, DESCRIPTION VARCHAR2(4000), NAME VARCHAR2(255) not null, constraint TB_JOB_PERIMETER_TYPE_NAME_U unique (NAME));
INSERT INTO TB_JOB_PERIMETER_TYPE VALUES(1,'Selected perimeter from graphic','Default Perimeter');
INSERT INTO TB_JOB_PERIMETER_TYPE VALUES(2,'Selected perimeter with buffer from feature class','Buffered Perimeter');
CREATE TABLE TB_JOB_STATE (ID INTEGER PRIMARY KEY not null, DESCRIPTION VARCHAR2(4000), FEATURES_EDITABLE INTEGER(1) not null, INITIAL_STATE INTEGER(1) not null, NAME VARCHAR2(255) not null, USE_JOBID INTEGER(1) not null, constraint TB_JOB_STATE_NAME_U unique (NAME));
INSERT INTO TB_JOB_STATE VALUES(1,NULL,0,0,'Live',0);
INSERT INTO TB_JOB_STATE VALUES(2,NULL,0,0,'Pending',0);
INSERT INTO TB_JOB_STATE VALUES(3,NULL,1,1,'Open',1);
INSERT INTO TB_JOB_STATE VALUES(4,NULL,0,0,'Deleted',0);
CREATE TABLE TB_JOB_STATE_TRANSITION (ID INTEGER PRIMARY KEY not null, PASSWORD VARCHAR2(255), PREDECESSOR_ID INTEGER(18) not null, SUCCESSOR_ID INTEGER(18) not null, TRANSITION_DIRECTION VARCHAR2(1) not null, TRANSITION_TYPE VARCHAR2(1) not null);
INSERT INTO TB_JOB_STATE_TRANSITION VALUES(1,NULL,3,2,'F','M');
INSERT INTO TB_JOB_STATE_TRANSITION VALUES(2,NULL,2,3,'B','M');
INSERT INTO TB_JOB_STATE_TRANSITION VALUES(3,NULL,2,1,'F','M');
INSERT INTO TB_JOB_STATE_TRANSITION VALUES(4,NULL,3,4,'F','D');
INSERT INTO TB_JOB_STATE_TRANSITION VALUES(5,NULL,2,4,'F','D');
CREATE TABLE TB_JOB_TEMPLATE (ID INTEGER PRIMARY KEY not null, NAME VARCHAR2(255) not null, constraint TB_JOB_TEMPLATE_NAME_U unique (NAME));
CREATE TABLE TB_JOB_TEMPLATE_DEF (ID INTEGER PRIMARY KEY not null, F_CLASS_ID INTEGER(10) not null, JOB_TEMPLATE_ID INTEGER(18) not null);
CREATE TABLE TB_JOB_TEMPLATE_UG_RESTR (ID INTEGER PRIMARY KEY not null, JOB_TEMPLATE_ID INTEGER(18), USER_GROUP_ID VARCHAR2(255));
CREATE TABLE TB_JOB_TOPIC (ID INTEGER PRIMARY KEY not null, JOB_ID INTEGER(18) not null, TOPIC_ID INTEGER(18) not null);
CREATE TABLE TB_JOB_TOPIC_STATE (ID INTEGER PRIMARY KEY not null, DATE_UPDATED DATETIME_as_text, JOB_STATE_ID INTEGER(18) not null, JOB_TOPIC_ID INTEGER(18) not null, SELECTED INTEGER(1) not null, USER_UPDATED VARCHAR2(255));
CREATE TABLE TB_JOB_VERSION (JOB_VERSION INTEGER PRIMARY KEY not null, CONFLICT INTEGER(1), EXPIRATION_DATE DATETIME_as_text, FID INTEGER(10) not null, JOB_ID INTEGER(18) default 0 not null, JOB_OLD_VERSION INTEGER(10) not null, JOB_OPERATION_ID INTEGER(10) default -1 not null, OPERATION_DATE DATETIME_as_text, OS_USER_NAME VARCHAR2(255), STATE INTEGER(2) not null);
CREATE TABLE TB_LABEL (ID INTEGER PRIMARY KEY not null, PARENT_F_CLASS_ID INTEGER(10) not null, TBL_F_CLASS_ID INTEGER(10) not null, constraint TB_LABEL_TBL_U unique (TBL_F_CLASS_ID), constraint TB_LABEL_U unique (PARENT_F_CLASS_ID));
INSERT INTO TB_LABEL VALUES(1,4,5);
CREATE TABLE TB_LABEL_DEF (ID INTEGER PRIMARY KEY not null, ABSOLUTE_OFFSET_X REAL(20,8), ABSOLUTE_OFFSET_Y REAL(20,8), ACTIVE INTEGER(1) default 1 not null, AUTO_LABEL INTEGER(1), DTEXT INTEGER(1), EXAMPLE VARCHAR2(255), HORIZONTAL_ALIGNMENT VARCHAR2(10) default 'Left' not null, IS_RELATIVE_ORIENTATION INTEGER(1) default 1 not null, LABEL_ID INTEGER(18) not null, NAME VARCHAR2(255) not null, ORIENTATION REAL(20,8) default 0 not null, OVERWRITE_LABEL_TEXT_WITH_NULL INTEGER(1), POSITION_ALONG_OBJECT INTEGER(1) default 2 not null, PRE VARCHAR2(255), RELATIVE_OFFSET_X REAL(20,8), RELATIVE_OFFSET_Y REAL(20,8), SCALE INTEGER(1), SCALE_SELECT_STATEMENT VARCHAR2(2000), SELECT_STATEMENT VARCHAR2(2000) not null, SELECT_STATEMENT_GEOMETRY VARCHAR2(4000) default 'select FID, geom from [parent] where fid = (select [FID_parent] from [FeatureClass] where FID = ?)', SUF VARCHAR2(255), TEXT_READABLE_ON_LAYOUT INTEGER(1) default 1 not null, USER_SELECTS_POSITION INTEGER(1), VERTICAL_ALIGNMENT VARCHAR2(10) default 'Baseline' not null);
INSERT INTO TB_LABEL_DEF VALUES(700,0.0,0.0,1,1,NULL,'','Left',0,1,'Construct Point Description',90.0,0,2,'',0.0,0.0,0,'','SELECT description FROM construct_points WHERE fid = $id','select FID, GEOM from CONSTRUCT_POINTS where FID = ?','',1,0,'Bottom');
CREATE TABLE TB_LOCATION_DEF (ID INTEGER PRIMARY KEY not null, F_CLASS_ID_COLLECTION INTEGER(10), F_CLASS_ID_LINE INTEGER(10) not null, F_CLASS_ID_POINT INTEGER(10) not null, F_CLASS_ID_POLYGON INTEGER(10), NAME VARCHAR2(255) not null, constraint TB_LOCATION_DEF_NAME unique (NAME));
CREATE TABLE TB_NET_RESULT (ID INTEGER PRIMARY KEY not null, CLOSING INTEGER(1), ELEMENT_TYPE INTEGER(1), FID_GEOM INTEGER(10), GEOM_FC_ID INTEGER(10), LINK_ID REAL, PATH_ID REAL, PREV_ELEMENT_ID INTEGER(18), SEQ_NO REAL);
CREATE TABLE TB_NET_SCOND (ID INTEGER PRIMARY KEY not null, ID_NET_SCOND_DEF INTEGER(18), ID_NET_TRACE_TPL INTEGER(18));
CREATE TABLE TB_NET_SCOND_DEF (ID INTEGER PRIMARY KEY not null, ACTIVE INTEGER(1), COMMENTARY VARCHAR2(255), IS_COST INTEGER(1) not null, NAME VARCHAR2(255), SQL_STMT VARCHAR2(2000), TOPO_TYPE INTEGER(1) not null, TOPOLOGY_ID INTEGER(18));
CREATE TABLE TB_NET_TRACE_TPL (ID INTEGER PRIMARY KEY not null, ACTION INTEGER(1), ACTIVE INTEGER(1), COMMENTARY VARCHAR2(255), DIRECTION INTEGER(1), NAME VARCHAR2(255), TOPOLOGY_ID INTEGER(18), TRACE_TYPE INTEGER(2));
CREATE TABLE TB_OFFICE (ID INTEGER PRIMARY KEY not null, NAME VARCHAR2(255) not null);
CREATE TABLE TB_OPERATION_LOG (ID INTEGER PRIMARY KEY not null, FID INTEGER(10), JOB_ID INTEGER(18), NEW_FID_1 INTEGER(10), NEW_FID_2 INTEGER(10), OPERATION_ID INTEGER(10), X REAL(20,8), Y REAL(20,8), Z REAL(20,8));
CREATE TABLE TB_PERIMETER (ID INTEGER PRIMARY KEY not null, GEOM FDO_GEOMETRY_as_blob);
CREATE TABLE TB_POINTNUMBER_GROUP (ID INTEGER PRIMARY KEY not null, GENERIC VARCHAR2(1000), NAME VARCHAR2(255), RANGEMAX INTEGER(10), RANGEMIN INTEGER(10));
CREATE TABLE TB_POINTNUMBER_GROUP_DICT (ID INTEGER PRIMARY KEY not null, F_CLASS_ID INTEGER(10) not null, PNGROUP_ID INTEGER(18) not null, constraint TB_POINTNUMBER_GR_DICT_U unique (F_CLASS_ID));
CREATE TABLE TB_POINTNUMBER_INCREMENT (ID INTEGER PRIMARY KEY not null, NEXTVAL INTEGER(18) not null, PNGROUP_ID INTEGER(18) not null, PREFIX VARCHAR2(20) not null);
CREATE TABLE TB_POSITION_FINDER (ID INTEGER PRIMARY KEY not null, ADDITIONAL_WHERE_CLAUSE VARCHAR2(4000), GEOM_COLUMN VARCHAR2(30), GEOM_STMT_1 VARCHAR2(4000), GEOM_STMT_2 VARCHAR2(4000), GEOM_STMT_3 VARCHAR2(4000), GEOM_STMT_4 VARCHAR2(4000), GUITYPE INTEGER(2) default 1 not null, INPUT_COLUMN_1 VARCHAR2(30), INPUT_COLUMN_2 VARCHAR2(30), INPUT_COLUMN_3 VARCHAR2(30), INPUT_COLUMN_4 VARCHAR2(30), INPUT_COLUMN_5 VARCHAR2(30), INPUTTYPE_1 INTEGER(2) default 1 not null, INPUTTYPE_2 INTEGER(2) default 1 not null, INPUTTYPE_3 INTEGER(2) default 1 not null, INPUTTYPE_4 INTEGER(2) default 1 not null, NAME VARCHAR2(100), NOTFOUND_MSG_1 VARCHAR2(255), NOTFOUND_MSG_2 VARCHAR2(255), NOTFOUND_MSG_3 VARCHAR2(255), NOTFOUND_MSG_4 VARCHAR2(255), ORDER_COLUMN VARCHAR2(100), PK_COLUMN VARCHAR2(30), PRIORITY INTEGER(3) default 0 not null, SELECT_STMT_1 VARCHAR2(4000), SELECT_STMT_2 VARCHAR2(4000), SELECT_STMT_3 VARCHAR2(4000), SELECT_STMT_4 VARCHAR2(4000), STMT_TITLE_1 VARCHAR2(100), STMT_TITLE_2 VARCHAR2(100), STMT_TITLE_3 VARCHAR2(100), STMT_TITLE_4 VARCHAR2(100), STMT_TITLE_5 VARCHAR2(100), TABLE_NAME VARCHAR2(30), constraint TB_POSITION_FINDER_NAME_U unique (NAME));
INSERT INTO TB_POSITION_FINDER VALUES(1,NULL,NULL,NULL,'SELECT GEOM FROM {0} WHERE FID={1}',NULL,NULL,1,NULL,NULL,NULL,NULL,NULL,1,1,1,1,'Feature',NULL,NULL,NULL,NULL,NULL,NULL,0,'select f_class_name, caption from TB_Dictionary where f_class_type <> ''T'' order by caption','select fid from {0} order by fid',NULL,NULL,'FeatureClass','Feature',NULL,NULL,NULL,NULL);
INSERT INTO TB_POSITION_FINDER VALUES(2,NULL,NULL,NULL,NULL,NULL,'SELECT GEOM FROM {0} WHERE FID={3}',1,NULL,NULL,NULL,NULL,NULL,1,1,1,1,'Feature over Attribute',NULL,NULL,NULL,NULL,NULL,NULL,0,'select f_class_name, caption from TB_Dictionary where f_class_type <> ''T'' order by caption','select F_COLUMN_NAME from FDO_COLUMNS where F_TABLE_NAME = ''{0}'' order by F_COLUMN_NAME','select distinct {1} from {0} order by {1}','select fid from {0} where {1}=''{2}'' order by fid','FeatureClass','Attribute','Value','Feature',NULL,NULL);
CREATE TABLE TB_REF (ID INTEGER PRIMARY KEY not null, IS_PUBLIC INTEGER(1) default 0 not null, REF_NAME VARCHAR2(255) not null, SET_LAST_VALUE INTEGER(1) default 0 not null, TABLE_NAME VARCHAR2(30) not null, USER_ID VARCHAR2(40));
CREATE TABLE TB_REF_FLD (ID INTEGER PRIMARY KEY not null, FIELD_NAME VARCHAR2(30) not null, FIELD_VALUE VARCHAR2(4000), REF_ID INTEGER(18) not null);
CREATE TABLE TB_REF_SELECT (ID INTEGER PRIMARY KEY not null, REF_ID INTEGER(18) not null, TABLE_NAME VARCHAR2(30) not null, USER_ID VARCHAR2(40));
CREATE TABLE TB_REGENERATE (ID INTEGER PRIMARY KEY not null, F_CLASS_ID INTEGER(10) not null, SELECT_STATEMENT VARCHAR2(500) not null, TARGET_F_CLASS_ID INTEGER(10) not null);
CREATE TABLE TB_REGENERATE_LABEL (ID INTEGER PRIMARY KEY not null, ACTIVE INTEGER(1), ATTRIBUTE_LIST VARCHAR2(2000), F_CLASS_ID INTEGER(10), LABEL_DEF_ID INTEGER(18), SELECT_STATEMENT VARCHAR2(2000));
CREATE TABLE TB_RELATIONS (ID INTEGER PRIMARY KEY not null, ACTIVE INTEGER(1) default 1 not null, CHILD_COLUMN_NAME VARCHAR2(255), CHILD_TABLE_NAME VARCHAR2(255), CREATE_CHILD INTEGER(1) default 0 not null, DELETE_CHILD VARCHAR2(1) default 'N' not null, PARENT_COLUMN_NAME VARCHAR2(255), PARENT_TABLE_NAME VARCHAR2(255), MERGE_MODE VARCHAR2(1), SPLIT_MODE VARCHAR2(1));
INSERT INTO TB_RELATIONS VALUES(1,1,'HORIZONTAL_ALIGNMENT','CONSTRUCT_POINTS_TBL',0,'L','SHORT_VALUE','TB_HOR_ALIGNMENT_TBD',NULL,NULL);
INSERT INTO TB_RELATIONS VALUES(2,1,'VERTICAL_ALIGNMENT','CONSTRUCT_POINTS_TBL',0,'L','SHORT_VALUE','TB_VER_ALIGNMENT_TBD',NULL,NULL);
INSERT INTO TB_RELATIONS VALUES(3,1,'FID_PARENT','CONSTRUCT_POINTS_TBL',0,'D','FID','CONSTRUCT_POINTS',NULL,NULL);
INSERT INTO TB_RELATIONS VALUES(4,1,'FID_PARENT','CONSTRUCT_POINTS',0,'D','FID','CONSTRUCT',NULL,NULL);
INSERT INTO TB_RELATIONS VALUES(5,1,'FID_PARENT','CONSTRUCT_MARKERS',0,'D','FID','CONSTRUCT',NULL,NULL);
INSERT INTO TB_RELATIONS VALUES(6,1,'FID_PARENT','CONSTRUCT_LINES',0,'D','FID','CONSTRUCT',NULL,NULL);
INSERT INTO TB_RELATIONS VALUES(7,1,'FID_FEATURE','TB_FEATURE_GROUP_FEATURE',0,'L','FID','TB_UFID',NULL,NULL);
INSERT INTO TB_RELATIONS VALUES(8,1,'FID_FEATURE_GROUP','TB_FEATURE_GROUP_FEATURE',0,'D','FID','TB_FEATURE_GROUP',NULL,NULL);
INSERT INTO TB_RELATIONS VALUES(9,1,'F_CLASS_ID','TB_FEATURE_GROUP_FEATURE',0,'L','F_CLASS_ID','TB_DICTIONARY',NULL,NULL);
INSERT INTO TB_RELATIONS VALUES(10,1,'FID_TEMPLATE','TB_FEATURE_GROUP',0,'L','ID','TB_TEMPLATE',NULL,NULL);
CREATE TABLE TB_REPORT_CONSTRUC (ID INTEGER PRIMARY KEY not null, A1 REAL(20,8), A2 REAL(20,8), A3 REAL(20,8), A4 REAL(20,8), A5 REAL(20,8), A6 REAL(20,8), ABSZISSE REAL(20,8), CALC_DESCRIPTION VARCHAR2(255), CALC_TYPE INTEGER(10), CREATION_CODE INTEGER(10), CREATION_CODE_P1 VARCHAR2(10), CREATION_CODE_P2 VARCHAR2(10), CREATION_CODE_P3 VARCHAR2(10), CREATION_CODE_P4 VARCHAR2(10), DA0 INTEGER(10), DA1 INTEGER(10), DA2 INTEGER(10), DA3 INTEGER(10), DA4 INTEGER(10), DATE_CREATED DATETIME_as_text, DIRECTION REAL(20,8), DISTANCE REAL(20,8), DISTANCE_MEASURED REAL(20,8), F_CLASS_NAME VARCHAR2(255), F_CLASS_NAME_E1 VARCHAR2(255), F_CLASS_NAME_E2 VARCHAR2(255), F_CLASS_NAME_P1 VARCHAR2(255), F_CLASS_NAME_P2 VARCHAR2(255), F_CLASS_NAME_P3 VARCHAR2(255), F_CLASS_NAME_P4 VARCHAR2(255), FACTOR REAL(20,8), HEADER1 INTEGER(10), JOB_ID INTEGER(18), ORDINATE REAL(20,8), ORIENTATION REAL(20,8), P0 VARCHAR2(255), P1 VARCHAR2(255), P2 VARCHAR2(255), P3 VARCHAR2(255), P4 VARCHAR2(255), R1 REAL(20,8), R2 REAL(20,8), TOLERANCE REAL(20,8), USER_CREATED VARCHAR2(255), VALUE_1 VARCHAR2(255), VALUE_10 VARCHAR2(255), VALUE_2 VARCHAR2(255), VALUE_3 VARCHAR2(255), VALUE_4 VARCHAR2(255), VALUE_5 VARCHAR2(255), VALUE_6 VARCHAR2(255), VALUE_7 VARCHAR2(255), VALUE_8 VARCHAR2(255), VALUE_9 VARCHAR2(255), X0 REAL(20,8), X1 REAL(20,8), X2 REAL(20,8), X3 REAL(20,8), X4 REAL(20,8), Y0 REAL(20,8), Y1 REAL(20,8), Y2 REAL(20,8), Y3 REAL(20,8), Y4 REAL(20,8), Z0 REAL(20,8), Z1 REAL(20,8), Z2 REAL(20,8), Z3 REAL(20,8), Z4 REAL(20,8));
CREATE TABLE TB_REPORT_DEF (ID INTEGER PRIMARY KEY not null, CAPTION VARCHAR2(255) not null, DMC VARCHAR2(12), FILE_NAME VARCHAR2(255) not null, MODULE_NAME VARCHAR2(255), NAME VARCHAR2(255) not null, PARAMETER VARCHAR2(255), PARENT_REPORT_ID INTEGER(18), constraint TB_REPORT_DEF_CAP_U unique (CAPTION), constraint TB_REPORT_DEF_FILE_U unique (FILE_NAME), constraint TB_REPORT_DEF_NAME_U unique (NAME));
CREATE TABLE TB_RULE_BASE (ID INTEGER PRIMARY KEY not null, ACTIVE INTEGER(1) default 1 not null, AD INTEGER(1) default 0 not null, AI INTEGER(1) default 0 not null, AU INTEGER(1) default 0 not null, BD INTEGER(1) default 0 not null, BI INTEGER(1) default 0 not null, BU INTEGER(1) default 0 not null, F_CLASS_ID INTEGER(10) not null, PARAMETER_1 VARCHAR2(255), PARAMETER_10 VARCHAR2(255), PARAMETER_2 VARCHAR2(255), PARAMETER_3 VARCHAR2(255), PARAMETER_4 VARCHAR2(255), PARAMETER_5 VARCHAR2(255), PARAMETER_6 VARCHAR2(255), PARAMETER_7 VARCHAR2(255), PARAMETER_8 VARCHAR2(255), PARAMETER_9 VARCHAR2(255), PRIORITY INTEGER(10) not null, RULE_DEF_ID INTEGER(18) not null);
INSERT INTO TB_RULE_BASE VALUES(1,1,0,0,0,1,0,0,1,NULL,NULL,NULL,NULL,NULL,NULL,NULL,NULL,NULL,NULL,50,10);
INSERT INTO TB_RULE_BASE VALUES(2,1,1,0,0,0,0,0,1,NULL,NULL,NULL,NULL,NULL,NULL,NULL,NULL,NULL,NULL,130,11);
INSERT INTO TB_RULE_BASE VALUES(3,1,0,0,0,0,0,1,1,NULL,NULL,NULL,NULL,NULL,NULL,NULL,NULL,NULL,NULL,75,8104);
INSERT INTO TB_RULE_BASE VALUES(4,1,0,0,1,0,0,0,1,NULL,NULL,NULL,NULL,NULL,NULL,NULL,NULL,NULL,NULL,150,8105);
INSERT INTO TB_RULE_BASE VALUES(5,1,0,0,0,1,0,0,1,NULL,NULL,NULL,NULL,NULL,NULL,NULL,NULL,NULL,NULL,75,8106);
INSERT INTO TB_RULE_BASE VALUES(6,1,1,0,0,0,0,0,1,NULL,NULL,NULL,NULL,NULL,NULL,NULL,NULL,NULL,NULL,130,8107);
INSERT INTO TB_RULE_BASE VALUES(7,1,0,0,0,0,1,1,2,'3',NULL,NULL,NULL,NULL,NULL,NULL,NULL,NULL,NULL,39,25);
INSERT INTO TB_RULE_BASE VALUES(8,1,0,0,0,1,0,0,2,NULL,NULL,NULL,NULL,NULL,NULL,NULL,NULL,NULL,NULL,50,10);
INSERT INTO TB_RULE_BASE VALUES(9,1,1,0,0,0,0,0,2,NULL,NULL,NULL,NULL,NULL,NULL,NULL,NULL,NULL,NULL,130,11);
INSERT INTO TB_RULE_BASE VALUES(10,1,0,0,0,0,1,0,2,NULL,NULL,NULL,NULL,NULL,NULL,NULL,NULL,NULL,NULL,35,8034);
INSERT INTO TB_RULE_BASE VALUES(11,1,0,0,0,0,0,1,2,NULL,NULL,NULL,NULL,NULL,NULL,NULL,NULL,NULL,NULL,39,8035);
INSERT INTO TB_RULE_BASE VALUES(12,1,0,0,0,1,0,0,2,NULL,NULL,NULL,NULL,NULL,NULL,NULL,NULL,NULL,NULL,99,8036);
INSERT INTO TB_RULE_BASE VALUES(13,1,0,0,0,0,1,1,2,NULL,NULL,NULL,NULL,NULL,NULL,NULL,NULL,NULL,NULL,39,8042);
INSERT INTO TB_RULE_BASE VALUES(14,1,0,0,0,0,0,1,2,NULL,NULL,NULL,NULL,NULL,NULL,NULL,NULL,NULL,NULL,75,8104);
INSERT INTO TB_RULE_BASE VALUES(15,1,0,0,1,0,0,0,2,NULL,NULL,NULL,NULL,NULL,NULL,NULL,NULL,NULL,NULL,150,8105);
INSERT INTO TB_RULE_BASE VALUES(16,1,0,0,0,1,0,0,2,NULL,NULL,NULL,NULL,NULL,NULL,NULL,NULL,NULL,NULL,75,8106);
INSERT INTO TB_RULE_BASE VALUES(17,1,1,0,0,0,0,0,2,NULL,NULL,NULL,NULL,NULL,NULL,NULL,NULL,NULL,NULL,130,8107);
INSERT INTO TB_RULE_BASE VALUES(18,1,0,0,0,0,1,1,3,'3',NULL,NULL,NULL,NULL,NULL,NULL,NULL,NULL,NULL,39,25);
INSERT INTO TB_RULE_BASE VALUES(19,1,0,0,0,1,0,0,3,NULL,NULL,NULL,NULL,NULL,NULL,NULL,NULL,NULL,NULL,50,10);
INSERT INTO TB_RULE_BASE VALUES(20,1,1,0,0,0,0,0,3,NULL,NULL,NULL,NULL,NULL,NULL,NULL,NULL,NULL,NULL,130,11);
INSERT INTO TB_RULE_BASE VALUES(21,1,0,0,0,0,0,1,3,NULL,NULL,NULL,NULL,NULL,NULL,NULL,NULL,NULL,NULL,75,8104);
INSERT INTO TB_RULE_BASE VALUES(22,1,0,0,1,0,0,0,3,NULL,NULL,NULL,NULL,NULL,NULL,NULL,NULL,NULL,NULL,150,8105);
INSERT INTO TB_RULE_BASE VALUES(23,1,0,0,0,1,0,0,3,NULL,NULL,NULL,NULL,NULL,NULL,NULL,NULL,NULL,NULL,75,8106);
INSERT INTO TB_RULE_BASE VALUES(24,1,1,0,0,0,0,0,3,NULL,NULL,NULL,NULL,NULL,NULL,NULL,NULL,NULL,NULL,130,8107);
INSERT INTO TB_RULE_BASE VALUES(25,1,0,0,0,0,1,1,4,'3',NULL,NULL,NULL,NULL,NULL,NULL,NULL,NULL,NULL,39,25);
INSERT INTO TB_RULE_BASE VALUES(26,1,0,0,0,1,0,0,4,NULL,NULL,NULL,NULL,NULL,NULL,NULL,NULL,NULL,NULL,50,10);
INSERT INTO TB_RULE_BASE VALUES(27,1,1,0,0,0,0,0,4,NULL,NULL,NULL,NULL,NULL,NULL,NULL,NULL,NULL,NULL,130,11);
INSERT INTO TB_RULE_BASE VALUES(28,1,0,0,0,0,0,1,4,NULL,NULL,NULL,NULL,NULL,NULL,NULL,NULL,NULL,NULL,75,8104);
INSERT INTO TB_RULE_BASE VALUES(29,1,0,0,1,0,0,0,4,NULL,NULL,NULL,NULL,NULL,NULL,NULL,NULL,NULL,NULL,150,8105);
INSERT INTO TB_RULE_BASE VALUES(30,1,0,0,0,1,0,0,4,NULL,NULL,NULL,NULL,NULL,NULL,NULL,NULL,NULL,NULL,75,8106);
INSERT INTO TB_RULE_BASE VALUES(31,1,1,0,0,0,0,0,4,NULL,NULL,NULL,NULL,NULL,NULL,NULL,NULL,NULL,NULL,130,8107);
INSERT INTO TB_RULE_BASE VALUES(32,1,0,0,0,0,1,1,5,'3',NULL,NULL,NULL,NULL,NULL,NULL,NULL,NULL,NULL,39,25);
INSERT INTO TB_RULE_BASE VALUES(33,1,0,0,0,1,0,0,5,NULL,NULL,NULL,NULL,NULL,NULL,NULL,NULL,NULL,NULL,50,10);
INSERT INTO TB_RULE_BASE VALUES(34,1,1,0,0,0,0,0,5,NULL,NULL,NULL,NULL,NULL,NULL,NULL,NULL,NULL,NULL,130,11);
INSERT INTO TB_RULE_BASE VALUES(35,1,0,0,0,0,0,1,5,NULL,NULL,NULL,NULL,NULL,NULL,NULL,NULL,NULL,NULL,75,8104);
INSERT INTO TB_RULE_BASE VALUES(36,1,0,0,1,0,0,0,5,NULL,NULL,NULL,NULL,NULL,NULL,NULL,NULL,NULL,NULL,150,8105);
INSERT INTO TB_RULE_BASE VALUES(37,1,0,0,0,1,0,0,5,NULL,NULL,NULL,NULL,NULL,NULL,NULL,NULL,NULL,NULL,75,8106);
INSERT INTO TB_RULE_BASE VALUES(38,1,1,0,0,0,0,0,5,NULL,NULL,NULL,NULL,NULL,NULL,NULL,NULL,NULL,NULL,130,8107);
INSERT INTO TB_RULE_BASE VALUES(39,1,0,0,0,0,0,1,4,NULL,NULL,NULL,NULL,NULL,NULL,NULL,NULL,NULL,NULL,170,140);
INSERT INTO TB_RULE_BASE VALUES(40,1,0,0,0,0,1,1,4,NULL,NULL,NULL,NULL,NULL,NULL,NULL,NULL,NULL,NULL,170,141);
INSERT INTO TB_RULE_BASE VALUES(41,1,0,1,1,0,0,0,4,NULL,NULL,NULL,NULL,NULL,NULL,NULL,NULL,NULL,NULL,170,142);
INSERT INTO TB_RULE_BASE VALUES(42,1,0,0,0,0,1,1,4,NULL,NULL,NULL,NULL,NULL,NULL,NULL,NULL,NULL,NULL,170,143);
INSERT INTO TB_RULE_BASE VALUES(43,1,0,0,0,0,1,1,6,'3',NULL,NULL,NULL,NULL,NULL,NULL,NULL,NULL,NULL,39,25);
INSERT INTO TB_RULE_BASE VALUES(44,1,0,0,0,1,0,0,6,NULL,NULL,NULL,NULL,NULL,NULL,NULL,NULL,NULL,NULL,50,10);
INSERT INTO TB_RULE_BASE VALUES(45,1,1,0,0,0,0,0,6,NULL,NULL,NULL,NULL,NULL,NULL,NULL,NULL,NULL,NULL,130,11);
INSERT INTO TB_RULE_BASE VALUES(46,1,0,0,0,0,0,1,6,NULL,NULL,NULL,NULL,NULL,NULL,NULL,NULL,NULL,NULL,75,8104);
INSERT INTO TB_RULE_BASE VALUES(47,1,0,0,1,0,0,0,6,NULL,NULL,NULL,NULL,NULL,NULL,NULL,NULL,NULL,NULL,150,8105);
INSERT INTO TB_RULE_BASE VALUES(48,1,0,0,0,1,0,0,6,NULL,NULL,NULL,NULL,NULL,NULL,NULL,NULL,NULL,NULL,75,8106);
INSERT INTO TB_RULE_BASE VALUES(49,1,1,0,0,0,0,0,6,NULL,NULL,NULL,NULL,NULL,NULL,NULL,NULL,NULL,NULL,130,8107);
INSERT INTO TB_RULE_BASE VALUES(50,1,0,0,0,1,0,0,7,NULL,NULL,NULL,NULL,NULL,NULL,NULL,NULL,NULL,NULL,50,10);
INSERT INTO TB_RULE_BASE VALUES(51,1,1,0,0,0,0,0,7,NULL,NULL,NULL,NULL,NULL,NULL,NULL,NULL,NULL,NULL,130,11);
INSERT INTO TB_RULE_BASE VALUES(52,1,0,0,0,0,0,1,7,NULL,NULL,NULL,NULL,NULL,NULL,NULL,NULL,NULL,NULL,75,8104);
INSERT INTO TB_RULE_BASE VALUES(53,1,0,0,1,0,0,0,7,NULL,NULL,NULL,NULL,NULL,NULL,NULL,NULL,NULL,NULL,150,8105);
INSERT INTO TB_RULE_BASE VALUES(54,1,0,0,0,1,0,0,7,NULL,NULL,NULL,NULL,NULL,NULL,NULL,NULL,NULL,NULL,75,8106);
INSERT INTO TB_RULE_BASE VALUES(55,1,1,0,0,0,0,0,7,NULL,NULL,NULL,NULL,NULL,NULL,NULL,NULL,NULL,NULL,130,8107);
INSERT INTO TB_RULE_BASE VALUES(56,1,0,0,0,1,0,0,8,NULL,NULL,NULL,NULL,NULL,NULL,NULL,NULL,NULL,NULL,50,10);
INSERT INTO TB_RULE_BASE VALUES(57,1,1,0,0,0,0,0,8,NULL,NULL,NULL,NULL,NULL,NULL,NULL,NULL,NULL,NULL,130,11);
INSERT INTO TB_RULE_BASE VALUES(58,1,0,0,0,0,0,1,8,NULL,NULL,NULL,NULL,NULL,NULL,NULL,NULL,NULL,NULL,75,8104);
INSERT INTO TB_RULE_BASE VALUES(59,1,0,0,1,0,0,0,8,NULL,NULL,NULL,NULL,NULL,NULL,NULL,NULL,NULL,NULL,150,8105);
INSERT INTO TB_RULE_BASE VALUES(60,1,0,0,0,1,0,0,8,NULL,NULL,NULL,NULL,NULL,NULL,NULL,NULL,NULL,NULL,75,8106);
INSERT INTO TB_RULE_BASE VALUES(61,1,1,0,0,0,0,0,8,NULL,NULL,NULL,NULL,NULL,NULL,NULL,NULL,NULL,NULL,130,8107);
INSERT INTO TB_RULE_BASE VALUES(62,1,0,0,0,1,0,0,9,NULL,NULL,NULL,NULL,NULL,NULL,NULL,NULL,NULL,NULL,50,10);
INSERT INTO TB_RULE_BASE VALUES(63,1,1,0,0,0,0,0,9,NULL,NULL,NULL,NULL,NULL,NULL,NULL,NULL,NULL,NULL,130,11);
INSERT INTO TB_RULE_BASE VALUES(64,1,0,0,0,0,1,1,9,'3',NULL,NULL,NULL,NULL,NULL,NULL,NULL,NULL,NULL,39,25);
INSERT INTO TB_RULE_BASE VALUES(65,1,0,0,0,0,0,1,9,NULL,NULL,NULL,NULL,NULL,NULL,NULL,NULL,NULL,NULL,75,8104);
INSERT INTO TB_RULE_BASE VALUES(66,1,0,0,1,0,0,0,9,NULL,NULL,NULL,NULL,NULL,NULL,NULL,NULL,NULL,NULL,150,8105);
INSERT INTO TB_RULE_BASE VALUES(67,1,0,0,0,1,0,0,9,NULL,NULL,NULL,NULL,NULL,NULL,NULL,NULL,NULL,NULL,75,8106);
INSERT INTO TB_RULE_BASE VALUES(68,1,1,0,0,0,0,0,9,NULL,NULL,NULL,NULL,NULL,NULL,NULL,NULL,NULL,NULL,130,8107);
CREATE TABLE TB_RULE_DEF (ID INTEGER PRIMARY KEY not null, AD INTEGER(1) default 0 not null, AI INTEGER(1) default 0 not null, ASSEMBLY VARCHAR2(255), AU INTEGER(1) default 0 not null, BD INTEGER(1) default 0 not null, BI INTEGER(1) default 0 not null, BU INTEGER(1) default 0 not null, CLASSNAME VARCHAR2(255), DEFAULT_PRIORITY INTEGER(10) default 100 not null, DESCRIPTION VARCHAR2(4000) not null, EXECUTE_COLUMN VARCHAR2(30), IS_DEFAULT_RULE VARCHAR2(1), IS_ROW INTEGER(1) default 1 not null, IS_SYSTEM INTEGER(1) default 0 not null, NAME VARCHAR2(255) not null, REQUIRES_ID INTEGER(10), RULE_GROUP_ID INTEGER(18), RULE_VERSION VARCHAR2(16), TRIGGER_TEXT VARCHAR2(4000));
INSERT INTO TB_RULE_DEF VALUES(10,0,0,'Autodesk.Map.IM.BaseFeatureRules.dll',0,1,0,0,'Autodesk.Map.IM.BaseFeatureRules.DeleteChildFeatures.DeleteChildFeaturesRules',50,'Cascade delete child features along with TB_RELATIONS',NULL,'1',1,1,'Delete (Collect FIDs)',NULL,10,'8.0.8',NULL);
INSERT INTO TB_RULE_DEF VALUES(11,1,0,'Autodesk.Map.IM.BaseFeatureRules.dll',0,0,0,0,'Autodesk.Map.IM.BaseFeatureRules.DeleteChildFeatures.DeleteChildFeaturesRules',130,'Cascade delete child features along with TB_RELATIONS',NULL,'1',1,1,'Delete (Batch)',NULL,10,'8.0.8',NULL);
INSERT INTO TB_RULE_DEF VALUES(23,0,0,'Autodesk.Map.IM.BaseFeatureRules.dll',0,0,1,1,'Autodesk.Map.IM.BaseFeatureRules.TruncatedPolygonArea',45,'Calculate truncated polygon area (from field area) into field AREA_NOMINAL','GEOM','0',1,1,'Truncate area',NULL,NULL,'8.0.8',NULL);
INSERT INTO TB_RULE_DEF VALUES(24,0,0,'Autodesk.Map.IM.BaseFeatureRules.dll',0,0,1,1,'Autodesk.Map.IM.BaseFeatureRules.TruncatedPolygonArea',45,'Calculate truncated polygon area (from field exact_area) into field AREA_NOMINAL','GEOM','0',1,1,'Truncate exact_area',NULL,NULL,'8.0.8',NULL);
INSERT INTO TB_RULE_DEF VALUES(25,0,0,'Autodesk.Map.IM.BaseFeatureRules.dll',0,0,1,1,'Autodesk.Map.IM.BaseFeatureRules.RoundGeometry',39,'Round the geometry to specified decimals.','GEOM','1',1,1,'Round geometry',NULL,NULL,'8.0.8',NULL);
INSERT INTO TB_RULE_DEF VALUES(29,0,0,'Autodesk.Map.IM.BaseFeatureRules.dll',0,0,1,0,'Autodesk.Map.IM.BaseFeatureRules.ValidateIntersectionGeometryRules',30,'Validate intersection polygon and move invalid geometries to error feature class.',NULL,'0',1,1,'Validate Intersection Polygon BI',NULL,8000,'8.0.10',NULL);
INSERT INTO TB_RULE_DEF VALUES(31,1,0,'Autodesk.Map.IM.BaseFeatureRules.dll',0,0,0,0,'Autodesk.Map.IM.BaseFeatureRules.ValidateIntersectionGeometryRules',130,'Validate intersection polygon and move invalid geometries to error feature class.',NULL,'0',1,1,'Validate Intersection Polygon AD',NULL,8000,'8.0.10',NULL);
INSERT INTO TB_RULE_DEF VALUES(33,0,0,'Autodesk.Map.IM.BaseFeatureRules.dll',0,0,1,0,'Autodesk.Map.IM.BaseFeatureRules.ValidateIntersectionGeometryRules',30,'Validate intersection polygon and move invalid geometries to error feature class.',NULL,'0',1,1,'Validate Intersection Line BI',NULL,8001,'8.0.10',NULL);
INSERT INTO TB_RULE_DEF VALUES(34,1,0,'Autodesk.Map.IM.BaseFeatureRules.dll',0,0,0,0,'Autodesk.Map.IM.BaseFeatureRules.ValidateIntersectionGeometryRules',130,'Validate intersection line and move invalid geometries to error feature class.',NULL,'0',1,1,'Validate Intersection Line AD',NULL,8001,'8.0.10',NULL);
INSERT INTO TB_RULE_DEF VALUES(35,0,0,'Autodesk.Map.IM.BaseFeatureRules.dll',0,1,0,0,'Autodesk.Map.IM.BaseFeatureRules.ValidateIntersectionGeometryRules',50,'Validate intersection polygon and move invalid geometries to error feature class.',NULL,'0',1,1,'Validate Intersection Polygon BD',NULL,8000,'8.0.10',NULL);
INSERT INTO TB_RULE_DEF VALUES(36,0,0,'Autodesk.Map.IM.BaseFeatureRules.dll',0,1,0,0,'Autodesk.Map.IM.BaseFeatureRules.ValidateIntersectionGeometryRules',50,'Validate intersection line and move invalid geometries to error feature class.',NULL,'0',1,1,'Validate Intersection Line BD',NULL,8001,'8.0.10',NULL);
INSERT INTO TB_RULE_DEF VALUES(40,0,0,'Autodesk.Map.IM.BaseFeatureRules.dll',0,0,1,0,'Autodesk.Map.IM.BaseFeatureRules.CompoundRules',70,'Generate compound polygon from child lines',NULL,'0',1,1,'Compound Polygon Row (BI)',NULL,40,'9.0.2',NULL);
INSERT INTO TB_RULE_DEF VALUES(41,0,0,'Autodesk.Map.IM.BaseFeatureRules.dll',0,0,0,1,'Autodesk.Map.IM.BaseFeatureRules.CompoundRules',70,'Generate compound polygon from child lines','GEOM','0',1,1,'Compound Polygon Row (BU)',NULL,40,'9.0.2',NULL);
INSERT INTO TB_RULE_DEF VALUES(42,0,0,'Autodesk.Map.IM.BaseFeatureRules.dll',0,1,0,0,'Autodesk.Map.IM.BaseFeatureRules.CompoundRules',75,'Prevent the recalculation of compounds when the parent will be deleted.',NULL,'1',1,1,'Delete compound (BD)',NULL,42,'9.0.2',NULL);
INSERT INTO TB_RULE_DEF VALUES(43,1,0,'Autodesk.Map.IM.BaseFeatureRules.dll',0,0,0,0,'Autodesk.Map.IM.BaseFeatureRules.CompoundRules',195,'Prevent the recalculation of compounds when the parent will be deleted.',NULL,'1',1,1,'Delete compound (AD)',NULL,42,'9.0.2',NULL);
INSERT INTO TB_RULE_DEF VALUES(44,0,0,'Autodesk.Map.IM.BaseFeatureRules.dll',0,1,0,0,'Autodesk.Map.IM.BaseFeatureRules.CompoundRules',70,'Generate compound polygon from child lines',NULL,'0',1,1,'Compound Polygon Row (AD)',NULL,40,'9.0.2',NULL);
INSERT INTO TB_RULE_DEF VALUES(45,0,1,'Autodesk.Map.IM.BaseFeatureRules.dll',0,0,0,0,'Autodesk.Map.IM.BaseFeatureRules.CompoundRules',150,'Generate compound polygon from child lines',NULL,'0',1,1,'Compound Polygon Statement (AI)',NULL,40,'9.0.2',NULL);
INSERT INTO TB_RULE_DEF VALUES(46,0,0,'Autodesk.Map.IM.BaseFeatureRules.dll',1,0,0,0,'Autodesk.Map.IM.BaseFeatureRules.CompoundRules',150,'Generate compound polygon from child lines',NULL,'0',1,1,'Compound Polygon Statement (AU))',NULL,40,'9.0.2',NULL);
INSERT INTO TB_RULE_DEF VALUES(49,1,0,'Autodesk.Map.IM.BaseFeatureRules.dll',0,0,0,0,'Autodesk.Map.IM.BaseFeatureRules.CompoundRules',150,'Generate compound polygon from child lines',NULL,'0',1,1,'Compound Polygon Statement (AD)',NULL,40,'9.0.2',NULL);
INSERT INTO TB_RULE_DEF VALUES(50,0,0,'Autodesk.Map.IM.BaseFeatureRules.dll',0,0,1,1,'Autodesk.Map.IM.BaseFeatureRules.ValidateGeometry',10,'Validate geometry before insert and update.','GEOM','0',1,1,'Validate geometry',NULL,NULL,'8.0.9',NULL);
INSERT INTO TB_RULE_DEF VALUES(60,0,0,'Autodesk.Map.IM.BaseFeatureRules.dll',0,0,1,0,'Autodesk.Map.IM.BaseFeatureRules.CompoundRules',70,'Generate compound linestring from child lines',NULL,'0',1,1,'Compound Line Row (BI)',NULL,60,'9.0.2',NULL);
INSERT INTO TB_RULE_DEF VALUES(61,0,0,'Autodesk.Map.IM.BaseFeatureRules.dll',0,0,0,1,'Autodesk.Map.IM.BaseFeatureRules.CompoundRules',70,'Generate compound linestring from child lines','GEOM','0',1,1,'Compound Line Row (BU)',NULL,60,'9.0.2',NULL);
INSERT INTO TB_RULE_DEF VALUES(64,0,0,'Autodesk.Map.IM.BaseFeatureRules.dll',0,1,0,0,'Autodesk.Map.IM.BaseFeatureRules.CompoundRules',70,'Generate compound linestring from child lines',NULL,'0',1,1,'Compound Line Row (AD)',NULL,60,'9.0.2',NULL);
INSERT INTO TB_RULE_DEF VALUES(65,0,1,'Autodesk.Map.IM.BaseFeatureRules.dll',0,0,0,0,'Autodesk.Map.IM.BaseFeatureRules.CompoundRules',150,'Generate compound linestring from child lines',NULL,'0',1,1,'Compound Line Statement (AI)',NULL,60,'9.0.2',NULL);
INSERT INTO TB_RULE_DEF VALUES(66,0,0,'Autodesk.Map.IM.BaseFeatureRules.dll',1,0,0,0,'Autodesk.Map.IM.BaseFeatureRules.CompoundRules',150,'Generate compound linestring from child lines',NULL,'0',1,1,'Compound Line Statement (AU))',NULL,60,'9.0.2',NULL);
INSERT INTO TB_RULE_DEF VALUES(69,1,0,'Autodesk.Map.IM.BaseFeatureRules.dll',0,0,0,0,'Autodesk.Map.IM.BaseFeatureRules.CompoundRules',150,'Generate compound linestring from child lines',NULL,'0',1,1,'Compound Line Statement (AD)',NULL,60,'9.0.2',NULL);
INSERT INTO TB_RULE_DEF VALUES(140,0,0,'Autodesk.Map.IM.BaseFeatureRules.dll',0,0,0,1,'Autodesk.Map.IM.BaseFeatureRules.AutoLabelRules',170,'Create or update auto label',NULL,'0',1,1,'AutoLabel_BU_Row',NULL,140,'8.0.8',NULL);
INSERT INTO TB_RULE_DEF VALUES(141,0,0,'Autodesk.Map.IM.BaseFeatureRules.dll',0,0,1,1,'Autodesk.Map.IM.BaseFeatureRules.AutoLabelRules',170,'Create or update auto label',NULL,'0',1,1,'AutoLabel_BIU',NULL,140,'8.0.8',NULL);
INSERT INTO TB_RULE_DEF VALUES(142,0,1,'Autodesk.Map.IM.BaseFeatureRules.dll',1,0,0,0,'Autodesk.Map.IM.BaseFeatureRules.AutoLabelRules',170,'Create or update auto label',NULL,'0',1,1,'AutoLabel_AIU',NULL,140,'8.0.8',NULL);
INSERT INTO TB_RULE_DEF VALUES(143,0,0,'Autodesk.Map.IM.BaseFeatureRules.dll',0,0,1,1,'Autodesk.Map.IM.BaseFeatureRules.AutoLabelRules',170,'Create or update auto label',NULL,'0',1,1,'AutoLabel_BUI_Statement',NULL,140,'8.0.8',NULL);
INSERT INTO TB_RULE_DEF VALUES(1220,0,0,'Autodesk.Map.IM.Modules.Survey.API.dll',0,1,0,0,'Autodesk.Map.IM.Modules.Survey.API.Database.SurveyFeatureRules',131,'Survey Delete NetplanLine',NULL,'0',1,1,'Survey Delete NetplanLine',NULL,NULL,'1.0.5',NULL);
INSERT INTO TB_RULE_DEF VALUES(1221,0,0,'Autodesk.Map.IM.Modules.Survey.API.dll',0,1,0,0,'Autodesk.Map.IM.Modules.Survey.API.Database.SurveyFeatureRules',132,'Survey Delete Measure Fieldpoint',NULL,'0',1,1,'Survey Delete Measure Fieldpoint',NULL,NULL,'1.0.12',NULL);
INSERT INTO TB_RULE_DEF VALUES(1222,0,0,'Autodesk.Map.IM.Modules.Survey.API.dll',0,1,0,0,'Autodesk.Map.IM.Modules.Survey.API.Database.SurveyFeatureRules',133,'Survey Delete Session Fieldpoint',NULL,'0',1,1,'Survey Delete Session Fieldpoint',NULL,NULL,'1.0.12',NULL);
INSERT INTO TB_RULE_DEF VALUES(1223,0,0,'Autodesk.Map.IM.Modules.Survey.API.dll',0,1,0,0,'Autodesk.Map.IM.Modules.Survey.API.Database.SurveyFeatureRules',134,unistr('Survey: Delete parent items in TB_SUR_FILE when no childs exists anymore.\u000aPart 1: Add file fid to temp table.'),NULL,'0',1,1,'Survey Delete Session File Row',NULL,1223,'1.0.5',NULL);
INSERT INTO TB_RULE_DEF VALUES(1224,1,0,'Autodesk.Map.IM.Modules.Survey.API.dll',0,0,0,0,'Autodesk.Map.IM.Modules.Survey.API.Database.SurveyFeatureRules',135,'Empty feature rule to keep consistent with Oracle server side feature rules',NULL,'0',1,1,'Survey Delete Session File Stm',NULL,1223,'1.0.5',NULL);
INSERT INTO TB_RULE_DEF VALUES(1225,0,0,'Autodesk.Map.IM.Modules.Survey.API.dll',0,1,0,0,'Autodesk.Map.IM.Modules.Survey.API.Database.SurveyFeatureRules',136,unistr('Survey: Update child items in TB_SUR_FIELD_POINT when parent item(in same table) not exists anymore.\u000aPart : Add fid of main point to temp table.'),NULL,'0',1,1,'Survey Del Main FieldPoint Row',NULL,1225,'1.0.5',NULL);
INSERT INTO TB_RULE_DEF VALUES(1226,1,0,'Autodesk.Map.IM.Modules.Survey.API.dll',0,0,0,0,'Autodesk.Map.IM.Modules.Survey.API.Database.SurveyFeatureRules',137,'Survey: Update child items in TB_SUR_FIELD_POINT when parent item(in same table) not exists anymore.',NULL,'0',1,1,'Survey Del Main FieldPoint Stm',NULL,1225,'1.0.5',NULL);
INSERT INTO TB_RULE_DEF VALUES(8000,0,0,'Autodesk.Map.IM.AreaTopology.FeatureRules.dll',0,0,0,1,'Autodesk.Map.IM.AreaTopology.FeatureRules.AreaTopologyRules',75,'Update the area topology after updating a line string. 1/2',NULL,'0',1,1,'UpdateAreaTopoLS_BU',NULL,8002,'6.0.36',NULL);
INSERT INTO TB_RULE_DEF VALUES(8001,0,0,'Autodesk.Map.IM.AreaTopology.FeatureRules.dll',1,0,0,0,'Autodesk.Map.IM.AreaTopology.FeatureRules.AreaTopologyRules',115,'Update the area topology after updating a line string. 2/2',NULL,'0',1,1,'UpdateAreaTopoLS_AU',NULL,8002,'6.0.36',NULL);
INSERT INTO TB_RULE_DEF VALUES(8002,0,1,'Autodesk.Map.IM.AreaTopology.FeatureRules.dll',0,0,0,0,'Autodesk.Map.IM.AreaTopology.FeatureRules.AreaTopologyRules',115,'Update the area topology after inserting a line string.',NULL,'0',1,1,'UpdateAreaTopoLS_AI',NULL,8002,'6.0.36',NULL);
INSERT INTO TB_RULE_DEF VALUES(8003,0,0,'Autodesk.Map.IM.AreaTopology.FeatureRules.dll',0,1,0,0,'Autodesk.Map.IM.AreaTopology.FeatureRules.AreaTopologyRules',75,'Update the area topology after deleting a line string. 1/2',NULL,'0',1,1,'UpdateAreaTopoLS_BD',NULL,8002,'6.0.36',NULL);
INSERT INTO TB_RULE_DEF VALUES(8004,1,0,'Autodesk.Map.IM.AreaTopology.FeatureRules.dll',0,0,0,0,'Autodesk.Map.IM.AreaTopology.FeatureRules.AreaTopologyRules',115,'Update the area topology after deleting a line string. 2/2',NULL,'0',1,1,'UpdateAreaTopoLS_AD',NULL,8002,'6.0.36',NULL);
INSERT INTO TB_RULE_DEF VALUES(8005,0,0,'Autodesk.Map.IM.AreaTopology.FeatureRules.dll',0,0,0,1,'Autodesk.Map.IM.AreaTopology.FeatureRules.AreaTopologyRules',75,'Update the area topology after updating a centroid. 1/2',NULL,'0',1,1,'UpdateAreaTopoCE_BU',NULL,8003,'6.0.36',NULL);
INSERT INTO TB_RULE_DEF VALUES(8006,0,0,'Autodesk.Map.IM.AreaTopology.FeatureRules.dll',1,0,0,0,'Autodesk.Map.IM.AreaTopology.FeatureRules.AreaTopologyRules',115,'Update the area topology after updating a centroid. 2/2',NULL,'0',1,1,'UpdateAreaTopoCE_AU',NULL,8003,'6.0.36',NULL);
INSERT INTO TB_RULE_DEF VALUES(8007,0,1,'Autodesk.Map.IM.AreaTopology.FeatureRules.dll',0,0,0,0,'Autodesk.Map.IM.AreaTopology.FeatureRules.AreaTopologyRules',115,'Update the area topology after inserting a centroid.',NULL,'0',1,1,'UpdateAreaTopoCE_AI',NULL,8003,'6.0.36',NULL);
INSERT INTO TB_RULE_DEF VALUES(8008,0,0,'Autodesk.Map.IM.AreaTopology.FeatureRules.dll',0,1,0,0,'Autodesk.Map.IM.AreaTopology.FeatureRules.AreaTopologyRules',75,'Update the area topology after deleting a centroid. 1/2',NULL,'0',1,1,'UpdateAreaTopoCE_BD',NULL,8003,'6.0.36',NULL);
INSERT INTO TB_RULE_DEF VALUES(8009,1,0,'Autodesk.Map.IM.AreaTopology.FeatureRules.dll',0,0,0,0,'Autodesk.Map.IM.AreaTopology.FeatureRules.AreaTopologyRules',115,'Update the area topology after deleting a centroid. 2/2',NULL,'0',1,1,'UpdateAreaTopoCE_AD',NULL,8003,'6.0.36',NULL);
INSERT INTO TB_RULE_DEF VALUES(8010,0,0,'Autodesk.Map.IM.Utilities.App.dll',0,1,0,0,'Autodesk.Map.IM.Utilities.App.FeatureRules.GeometryFeatureRules',75,unistr('Delete attributes when their last geometry is deleted. 1/2\u000aIt is highly recommended to keep this rule enabled!'),NULL,'0',1,1,'DeleteAttribute_BD',NULL,8004,'8.0.10',NULL);
INSERT INTO TB_RULE_DEF VALUES(8011,1,0,'Autodesk.Map.IM.Utilities.App.dll',0,0,0,0,'Autodesk.Map.IM.Utilities.App.FeatureRules.GeometryFeatureRules',135,unistr('Delete attributes when their last geometry is deleted. 2/2\u000aIt is highly recommended to keep this rule enabled!'),NULL,'0',1,1,'DeleteAttribute_AD',NULL,8004,'8.0.10',NULL);
INSERT INTO TB_RULE_DEF VALUES(8012,0,0,'Autodesk.Map.IM.Utilities.App.dll',0,0,0,1,'Autodesk.Map.IM.Utilities.App.FeatureRules.GeometryFeatureRules',75,unistr('Delete attributes when the last geometry changes the reference to another attribute. 1/2\u000aIt is highly recommended to keep this rule enabled!'),'FID_ATTR','0',1,1,'DeleteAttribute_BU',NULL,8004,'8.0.10',NULL);
INSERT INTO TB_RULE_DEF VALUES(8013,0,0,'Autodesk.Map.IM.Utilities.App.dll',1,0,0,0,'Autodesk.Map.IM.Utilities.App.FeatureRules.GeometryFeatureRules',135,unistr('Delete attributes when the last geometry changes the reference to another attribute. 2/2\u000aIt is highly recommended to keep this rule enabled!'),NULL,'0',1,1,'DeleteAttribute_AU',NULL,8004,'8.0.10',NULL);
INSERT INTO TB_RULE_DEF VALUES(8014,0,0,'Autodesk.Map.IM.Utilities.App.dll',0,0,0,1,'Autodesk.Map.IM.Utilities.App.FeatureRules.GeometryFeatureRules',75,'Updates the label attached to an attribute when the geometry is updated. 1/2','GEOM','0',1,1,'UpdateAttributeLabel_BU',NULL,8005,'8.0.10',NULL);
INSERT INTO TB_RULE_DEF VALUES(8015,0,0,'Autodesk.Map.IM.Utilities.App.dll',1,0,0,0,'Autodesk.Map.IM.Utilities.App.FeatureRules.GeometryFeatureRules',190,'Updates the label attached to an attribute when the geometry is updated. 2/2',NULL,'0',1,1,'UpdateAttributeLabel_AU',NULL,8005,'8.0.10',NULL);
INSERT INTO TB_RULE_DEF VALUES(8016,0,0,'Autodesk.Map.IM.Utilities.App.dll',0,1,0,0,'Autodesk.Map.IM.Utilities.App.FeatureRules.GeometryFeatureRules',75,'Updates the label attached to an attribute when the geometry is deleted. 1/2',NULL,'0',1,1,'UpdateAttributeLabel_BD',NULL,8005,'8.0.10',NULL);
INSERT INTO TB_RULE_DEF VALUES(8017,1,0,'Autodesk.Map.IM.Utilities.App.dll',0,0,0,0,'Autodesk.Map.IM.Utilities.App.FeatureRules.GeometryFeatureRules',190,'Updates the label attached to an attribute when the geometry is deleted. 2/2',NULL,'0',1,1,'UpdateAttributeLabel_AD',NULL,8005,'8.0.10',NULL);
INSERT INTO TB_RULE_DEF VALUES(8018,0,0,'Autodesk.Map.IM.Construct.dll',0,1,0,0,'Autodesk.Map.IM.Construct.DimensioningCleanupRules',75,'Register features related to dimension feature components',NULL,'0',1,1,'DimensionCleanup_BD',NULL,8006,'6.0.45',NULL);
INSERT INTO TB_RULE_DEF VALUES(8019,1,0,'Autodesk.Map.IM.Construct.dll',0,0,0,0,'Autodesk.Map.IM.Construct.DimensioningCleanupRules',135,'Delete features related to dimension feature components',NULL,'0',1,1,'DimensionCleanup_AD',NULL,8006,'6.0.45',NULL);
INSERT INTO TB_RULE_DEF VALUES(8020,0,0,'Autodesk.Map.IM.Utilities.App.dll',0,0,0,1,'Autodesk.Map.IM.Utilities.App.FeatureRules.UtilityPointFeatureRules',38,'Move connected lines with the point so that they remain connected. 1/2','GEOM','0',1,1,'MoveConnectedLines_BU',NULL,8007,'3.3.0',NULL);
INSERT INTO TB_RULE_DEF VALUES(8021,0,0,'Autodesk.Map.IM.Utilities.App.dll',1,0,0,0,'Autodesk.Map.IM.Utilities.App.FeatureRules.UtilityPointFeatureRules',155,'Move connected lines with the point so that they remain connected. 2/2',NULL,'0',1,1,'MoveConnectedLines_AU',NULL,8007,'3.3.0',NULL);
INSERT INTO TB_RULE_DEF VALUES(8022,0,0,'Autodesk.Map.IM.Utilities.App.dll',0,1,0,0,'Autodesk.Map.IM.Utilities.App.FeatureRules.UtilityPointFeatureRules',75,'Delete connected lines when a point is deleted. 1/2',NULL,'0',1,1,'DeleteConnectedLines_BD',NULL,8008,'3.3.0',NULL);
INSERT INTO TB_RULE_DEF VALUES(8023,1,0,'Autodesk.Map.IM.Utilities.App.dll',0,0,0,0,'Autodesk.Map.IM.Utilities.App.FeatureRules.UtilityPointFeatureRules',135,unistr('Delete connected lines when a point is deleted. 2/2\u000aParameter: Ask user [YES, NO].'),NULL,'0',1,1,'DeleteConnectedLines_AD',NULL,8008,'3.3.0',NULL);
INSERT INTO TB_RULE_DEF VALUES(8024,0,0,'Autodesk.Map.IM.Utilities.App.dll',0,1,0,0,'Autodesk.Map.IM.Utilities.App.FeatureRules.UtilityPointFeatureRules',12,unistr('Cancel deleting of utility points.\u000aParameter: Show message [YES, NO].'),NULL,'0',1,1,'CancelDeleteUtilityPoint',NULL,NULL,'3.3.0',NULL);
INSERT INTO TB_RULE_DEF VALUES(8025,0,0,'Autodesk.Map.IM.Utilities.App.dll',0,0,1,1,'Autodesk.Map.IM.Utilities.App.FeatureRules.UtilityPointFeatureRules',39,unistr('Automatically snap points to closest line and soft split the line. 1/2\u000aParameter: Max snap distance (number).\u000aParameter: When snapping move [POINT, LINE].\u000aParameter: Affected Point Feature Classes (separate with comma; empty list affects all)'),'GEOM','0',1,1,'AutoSoftSplitLines_BIU',NULL,8009,'3.3.2',NULL);
INSERT INTO TB_RULE_DEF VALUES(8026,0,1,'Autodesk.Map.IM.Utilities.App.dll',1,0,0,0,'Autodesk.Map.IM.Utilities.App.FeatureRules.UtilityPointFeatureRules',136,'Automatically snap points to closest line and soft split the line. 2/2',NULL,'0',1,1,'AutoSoftSplitLines_AIU',NULL,8009,'3.3.0',NULL);
INSERT INTO TB_RULE_DEF VALUES(8027,0,0,'Autodesk.Map.IM.Utilities.App.dll',0,1,0,0,'Autodesk.Map.IM.Utilities.App.FeatureRules.UtilityPointFeatureRules',75,'Automatically join soft split lines if the point is deleted. 1/2',NULL,'0',1,1,'AutoExtractSoftSplit_BD',NULL,8010,'3.3.0',NULL);
INSERT INTO TB_RULE_DEF VALUES(8028,1,0,'Autodesk.Map.IM.Utilities.App.dll',0,0,0,0,'Autodesk.Map.IM.Utilities.App.FeatureRules.UtilityPointFeatureRules',134,'Automatically join soft split lines if the point is deleted. 2/2',NULL,'0',1,1,'AutoExtractSoftSplit_AD',NULL,8010,'3.3.0',NULL);
INSERT INTO TB_RULE_DEF VALUES(8029,0,0,'Autodesk.Map.IM.Utilities.App.dll',0,0,0,1,'Autodesk.Map.IM.Utilities.App.FeatureRules.UtilityPointFeatureRules',75,'Automatically join soft split lines if the point is updated. 1/2','GEOM','0',1,1,'AutoExtractSoftSplit_BU',NULL,8010,'3.3.0',NULL);
INSERT INTO TB_RULE_DEF VALUES(8030,0,0,'Autodesk.Map.IM.Utilities.App.dll',1,0,0,0,'Autodesk.Map.IM.Utilities.App.FeatureRules.UtilityPointFeatureRules',134,'Automatically join soft split lines if the point is updated. 2/2',NULL,'0',1,1,'AutoExtractSoftSplit_AU',NULL,8010,'3.3.0',NULL);
INSERT INTO TB_RULE_DEF VALUES(8031,0,0,'Autodesk.Map.IM.Utilities.App.dll',0,0,1,0,'Autodesk.Map.IM.Utilities.App.FeatureRules.UtilityPointFeatureRules',40,'Adjust the orientation of a point inserted on a line.',NULL,'0',1,1,'SetPointOrientation_BI',NULL,8011,'3.3.0',NULL);
INSERT INTO TB_RULE_DEF VALUES(8032,0,0,'Autodesk.Map.IM.Utilities.App.dll',0,0,0,1,'Autodesk.Map.IM.Utilities.App.FeatureRules.UtilityPointFeatureRules',40,'Adjust the orientation of a point inserted on a line.','GEOM','0',1,1,'SetPointOrientation_BU',NULL,8011,'3.3.0',NULL);
INSERT INTO TB_RULE_DEF VALUES(8033,0,0,'Autodesk.Map.IM.BaseFeatureRules.dll',0,0,1,1,'Autodesk.Map.IM.BaseFeatureRules.PolygonAreaRules',39,'Calculate the area of a polygon before an insert or update.','GEOM','1',1,1,'PolygonArea_BIU',NULL,NULL,'6.0.30',NULL);
INSERT INTO TB_RULE_DEF VALUES(8034,0,0,'Autodesk.Map.IM.BaseFeatureRules.dll',0,0,1,0,'Autodesk.Map.IM.BaseFeatureRules.SetSystemCreated',35,'Sets the SYSTEM_CREATED attribute if the feature is inserted/deleted in a split or a join operation. Clears the SYSTEM_CREATED attribute, otherwise.',NULL,'1',1,1,'SetSystemCreated_BI',NULL,8012,'7.24.0',NULL);
INSERT INTO TB_RULE_DEF VALUES(8035,0,0,'Autodesk.Map.IM.BaseFeatureRules.dll',0,0,0,1,'Autodesk.Map.IM.BaseFeatureRules.SetSystemCreated',39,'Sets the SYSTEM_CREATED attribute if the feature is inserted/deleted in a split or a join operation. Clears the SYSTEM_CREATED attribute, otherwise.','GEOM','1',1,1,'SetSystemCreated_BU',NULL,8012,'7.24.0',NULL);
INSERT INTO TB_RULE_DEF VALUES(8036,0,0,'Autodesk.Map.IM.BaseFeatureRules.dll',0,1,0,0,'Autodesk.Map.IM.BaseFeatureRules.SetSystemCreated',99,'Sets the SYSTEM_CREATED attribute if the feature is inserted/deleted in a split or a join operation. Clears the SYSTEM_CREATED attribute, otherwise.',NULL,'1',1,1,'SetSystemCreated_BD',NULL,8012,'7.24.0',NULL);
INSERT INTO TB_RULE_DEF VALUES(8037,0,0,'Autodesk.Map.IM.BaseFeatureRules.dll',0,0,0,1,'Autodesk.Map.IM.BaseFeatureRules.RegenerateLabelRules',75,'Regenerate the labels which are not direct related to the feature after an update.',NULL,'0',1,1,'RegenerateLabel_BU',NULL,8013,'9.0.47',NULL);
INSERT INTO TB_RULE_DEF VALUES(8038,0,0,'Autodesk.Map.IM.BaseFeatureRules.dll',1,0,0,0,'Autodesk.Map.IM.BaseFeatureRules.RegenerateLabelRules',155,'Regenerate the labels which are not direct related to the feature after an update.',NULL,'0',1,1,'RegenerateLabel_AU',NULL,8013,'9.0.47',NULL);
INSERT INTO TB_RULE_DEF VALUES(8039,0,1,'Autodesk.Map.IM.BaseFeatureRules.dll',0,0,0,0,'Autodesk.Map.IM.BaseFeatureRules.RegenerateLabelRules',155,'Regenerate the labels which are not direct related to the feature after an insert.',NULL,'0',1,1,'RegenerateLabel_AI',NULL,8013,'9.0.47',NULL);
INSERT INTO TB_RULE_DEF VALUES(8040,0,0,'Autodesk.Map.IM.BaseFeatureRules.dll',0,1,0,0,'Autodesk.Map.IM.BaseFeatureRules.RegenerateLabelRules',75,'Regenerate the labels which are not direct related to the feature after a delete.',NULL,'0',1,1,'RegenerateLabel_BD',NULL,8013,'9.0.47',NULL);
INSERT INTO TB_RULE_DEF VALUES(8041,1,0,'Autodesk.Map.IM.BaseFeatureRules.dll',0,0,0,0,'Autodesk.Map.IM.BaseFeatureRules.RegenerateLabelRules',155,'Regenerate the labels which are not direct related to the feature after a delete.',NULL,'0',1,1,'RegenerateLabel_AD',NULL,8013,'9.0.47',NULL);
INSERT INTO TB_RULE_DEF VALUES(8042,0,0,'Autodesk.Map.IM.BaseFeatureRules.dll',0,0,1,1,'Autodesk.Map.IM.BaseFeatureRules.LineLengthRules',39,'Calculate the length of a line before an insert or update.','GEOM','1',1,1,'LineLength_BIU',NULL,NULL,'6.0.30',NULL);
INSERT INTO TB_RULE_DEF VALUES(8043,0,0,'Autodesk.Map.IM.BaseFeatureRules.dll',0,0,1,1,'Autodesk.Map.IM.BaseFeatureRules.LineLengthRules',72,'Automatic split existing lines on all positions of a vertex point of the new line.','GEOM','0',1,1,'AutomaticLineSplit_BIU',NULL,NULL,'1.0.0',NULL);
INSERT INTO TB_RULE_DEF VALUES(8044,0,0,'Autodesk.Map.IM.BaseFeatureRules.dll',0,0,1,1,'Autodesk.Map.IM.BaseFeatureRules.LineLengthRules',72,'Automatic split existing lines only at vertex positions of exist and new line.','GEOM','0',1,1,'AutomaticLineSplitAtVertex_BIU',NULL,NULL,'1.0.0',NULL);
INSERT INTO TB_RULE_DEF VALUES(8045,0,0,'Autodesk.Map.IM.Utilities.App.dll',0,0,1,1,'Autodesk.Map.IM.Utilities.App.FeatureRules.UtilityLineFeatureRules',55,'Check for start and end node. Inform user and cancel if either does not exist.','GEOM','0',1,1,'CheckStartEndNode',NULL,NULL,'3.3.0',NULL);
INSERT INTO TB_RULE_DEF VALUES(8046,0,1,'Autodesk.Map.IM.Utilities.App.dll',0,0,0,0,'Autodesk.Map.IM.Utilities.App.FeatureRules.UtilityLineFeatureRules',175,unistr('Create start and end node if they don''t exist.\u000aParameter: Attribute feature class used to create the utility points (string).'),NULL,'0',1,1,'CreateStartEndNode',NULL,NULL,'3.3.0',NULL);
INSERT INTO TB_RULE_DEF VALUES(8047,0,0,'Autodesk.Map.IM.Utilities.App.dll',0,1,0,0,'Autodesk.Map.IM.Utilities.App.FeatureRules.UtilityLineFeatureRules',75,'Delete start and end nodes if they are no longer needed. 1/2',NULL,'0',1,1,'DeleteUnneededNodes_BD',NULL,8014,'3.3.0',NULL);
INSERT INTO TB_RULE_DEF VALUES(8048,1,0,'Autodesk.Map.IM.Utilities.App.dll',0,0,0,0,'Autodesk.Map.IM.Utilities.App.FeatureRules.UtilityLineFeatureRules',135,unistr('Delete start and end nodes if they are no longer needed. 2/2\u000aParameter: Delete soft splitters [NO, YES].\u000aParameter: Ask user [YES, NO].'),NULL,'0',1,1,'DeleteUnneededNodes_AD',NULL,8014,'3.3.0',NULL);
INSERT INTO TB_RULE_DEF VALUES(8049,0,0,'Autodesk.Map.IM.Utilities.App.dll',0,0,1,1,'Autodesk.Map.IM.Utilities.App.FeatureRules.UtilityLineFeatureRules',55,'Looks for utility points at the vertices and soft splits the line if some are found. This feature rule only works when the ''AutoSoftSplitLines'' feature rule group is active on the corresponding utility point. (1/2)','GEOM','0',1,1,'AutoSoftSplitAtVertex_BIU',NULL,8015,'3.3.0',NULL);
INSERT INTO TB_RULE_DEF VALUES(8050,0,1,'Autodesk.Map.IM.Utilities.App.dll',1,0,0,0,'Autodesk.Map.IM.Utilities.App.FeatureRules.UtilityLineFeatureRules',176,'Looks for utility points at the vertices and soft splits the line if some are found. This feature rule only works when the ''AutoSoftSplitLines'' feature rule group is active on the corresponding utility point. (2/2)',NULL,'0',1,1,'AutoSoftSplitAtVertex_AIU',NULL,8015,'3.3.1',NULL);
INSERT INTO TB_RULE_DEF VALUES(8051,0,0,'Autodesk.Map.IM.BaseFeatureRules.dll',0,0,1,0,'Autodesk.Map.IM.BaseFeatureRules.PointNumbering.PointNumberFeatureRules',90,'Automatic point numbering. Set automatic the point number to the system attribute ''TB_POINTNUMBER''.',NULL,'0',1,1,'AutomaticPointNumber_BI',NULL,8016,'1.0.0',NULL);
INSERT INTO TB_RULE_DEF VALUES(8052,0,0,'Autodesk.Map.IM.BaseFeatureRules.dll',0,0,0,1,'Autodesk.Map.IM.BaseFeatureRules.PointNumbering.PointNumberFeatureRules',90,'Automatic point numbering. Set automatic the point number to the system attribute ''TB_POINTNUMBER''.','TB_POINTNUMBER','0',1,1,'AutomaticPointNumber_BU',NULL,8016,'1.0.0',NULL);
INSERT INTO TB_RULE_DEF VALUES(8053,0,0,'Autodesk.Map.IM.LogicalTopology.FeatureRules.dll',0,0,0,1,'Autodesk.Map.IM.LogicalTopology.FeatureRules.LogicalTopologyRules',75,'Update the logical topology after updating a feature. 1/2',NULL,'0',1,1,'UpdateLogicalTopo_BU',NULL,8017,'6.0.44',NULL);
INSERT INTO TB_RULE_DEF VALUES(8054,0,0,'Autodesk.Map.IM.LogicalTopology.FeatureRules.dll',1,0,0,0,'Autodesk.Map.IM.LogicalTopology.FeatureRules.LogicalTopologyRules',115,'Update the logical topology after updating a feature. 2/2',NULL,'0',1,1,'UpdateLogicalTopo_AU',NULL,8017,'6.0.44',NULL);
INSERT INTO TB_RULE_DEF VALUES(8055,0,1,'Autodesk.Map.IM.LogicalTopology.FeatureRules.dll',0,0,0,0,'Autodesk.Map.IM.LogicalTopology.FeatureRules.LogicalTopologyRules',115,'Update the logical topology after inserting a feature.',NULL,'0',1,1,'UpdateLogicalTopo_AI',NULL,8017,'6.0.44',NULL);
INSERT INTO TB_RULE_DEF VALUES(8056,0,0,'Autodesk.Map.IM.LogicalTopology.FeatureRules.dll',0,1,0,0,'Autodesk.Map.IM.LogicalTopology.FeatureRules.LogicalTopologyRules',75,'Update the logical topology after deleting a feature. 1/2',NULL,'0',1,1,'UpdateLogicalTopo_BD',NULL,8017,'6.0.44',NULL);
INSERT INTO TB_RULE_DEF VALUES(8057,1,0,'Autodesk.Map.IM.LogicalTopology.FeatureRules.dll',0,0,0,0,'Autodesk.Map.IM.LogicalTopology.FeatureRules.LogicalTopologyRules',115,'Update the logical topology after deleting a feature. 2/2',NULL,'0',1,1,'UpdateLogicalTopo_AD',NULL,8017,'6.0.44',NULL);
INSERT INTO TB_RULE_DEF VALUES(8058,0,0,'Autodesk.Map.IM.LRS.BusinessLogic.dll',0,0,1,1,'Autodesk.Map.IM.LRS.BusinessLogic.LrsFeatureRules',30,'Collects data for the axis, asset and segment after insert update feature rules',NULL,'0',1,1,'LrsSegmentFeatureGeometry_UpdateAxisAssetRouteGeometries_BIU',NULL,NULL,'1.0.0',NULL);
INSERT INTO TB_RULE_DEF VALUES(8059,0,1,'Autodesk.Map.IM.LRS.BusinessLogic.dll',1,0,0,0,'Autodesk.Map.IM.LRS.BusinessLogic.LrsFeatureRules',150,'Updates axis geometries when one of their segments gets updated',NULL,'0',1,1,'LrsSegmentFeatureGeometry_UpdateAxisGeometry_AIU',NULL,NULL,'1.0.0',NULL);
INSERT INTO TB_RULE_DEF VALUES(8060,0,1,'Autodesk.Map.IM.LRS.BusinessLogic.dll',1,0,0,0,'Autodesk.Map.IM.LRS.BusinessLogic.LrsFeatureRules',151,'Updates asset geometries when the axis geometry changes',NULL,'0',1,1,'LrsSegmentFeatureGeometry_UpdateAssetGeometry_AIU',NULL,NULL,'1.0.0',NULL);
INSERT INTO TB_RULE_DEF VALUES(8061,0,1,'Autodesk.Map.IM.LRS.BusinessLogic.dll',1,0,0,0,'Autodesk.Map.IM.LRS.BusinessLogic.LrsFeatureRules',150,'Updates route segment geometries when one of their axis segments gets updated',NULL,'0',1,1,'LrsSegmentFeatureGeometry_UpdateRouteSegmentGeometry_AIU',NULL,NULL,'1.0.0',NULL);
INSERT INTO TB_RULE_DEF VALUES(8062,0,0,'Autodesk.Map.IM.LRS.BusinessLogic.dll',0,1,0,0,'Autodesk.Map.IM.LRS.BusinessLogic.LrsFeatureRules',70,'Updates axis segment relations, axes and assets when splitting segment features',NULL,'0',1,1,'LrsSegmentFeature_SplitSegments_BD',NULL,NULL,'1.0.0',NULL);
INSERT INTO TB_RULE_DEF VALUES(8063,1,0,'Autodesk.Map.IM.LRS.BusinessLogic.dll',0,0,0,0,'Autodesk.Map.IM.LRS.BusinessLogic.LrsFeatureRules',135,'Updates axis segment relations, axes and assets when splitting segment features',NULL,'0',1,1,'LrsSegmentFeature_SplitSegments_AD',NULL,NULL,'1.0.0',NULL);
INSERT INTO TB_RULE_DEF VALUES(8064,0,0,'Autodesk.Map.IM.LRS.BusinessLogic.dll',0,0,1,0,'Autodesk.Map.IM.LRS.BusinessLogic.LrsFeatureRules',30,'Updates axis segment relations, axes and assets when joining segment features',NULL,'0',1,1,'LrsSegmentFeature_JoinSegments_BI',NULL,NULL,'1.0.0',NULL);
INSERT INTO TB_RULE_DEF VALUES(8065,0,1,'Autodesk.Map.IM.LRS.BusinessLogic.dll',0,0,0,0,'Autodesk.Map.IM.LRS.BusinessLogic.LrsFeatureRules',150,'Updates axis segment relations, axes and assets when joining segment features',NULL,'0',1,1,'LrsSegmentFeature_JoinSegments_AI',NULL,NULL,'1.0.0',NULL);
INSERT INTO TB_RULE_DEF VALUES(8066,0,0,'Autodesk.Map.IM.LRS.BusinessLogic.dll',0,1,0,0,'Autodesk.Map.IM.LRS.BusinessLogic.LrsFeatureRules',70,'When a segment feature is deleted, updates the axis'' cached geometry, updates the route segments cached geometry, detaches / deletes assets (document option), trims line assets (document option)',NULL,'0',1,1,'LrsSegmentFeature_Delete_BD',NULL,NULL,'1.0.0',NULL);
INSERT INTO TB_RULE_DEF VALUES(8067,1,0,'Autodesk.Map.IM.LRS.BusinessLogic.dll',0,0,0,0,'Autodesk.Map.IM.LRS.BusinessLogic.LrsFeatureRules',130,'When a segment feature is deleted, updates the axis'' cached geometry, updates the route segments cached geometry, detaches / deletes assets (document option), trims line assets (document option)',NULL,'0',1,1,'LrsSegmentFeature_Delete_AD',NULL,NULL,'1.0.0',NULL);
INSERT INTO TB_RULE_DEF VALUES(8068,0,0,'Autodesk.Map.IM.LRS.BusinessLogic.dll',0,0,1,0,'Autodesk.Map.IM.LRS.BusinessLogic.LrsFeatureRules',29,'Validate the entered data',NULL,'0',1,1,'LrsAxisSegmentFeature_ValidateData_BI',NULL,NULL,'1.0.0',NULL);
INSERT INTO TB_RULE_DEF VALUES(8069,0,0,'Autodesk.Map.IM.LRS.BusinessLogic.dll',0,0,0,1,'Autodesk.Map.IM.LRS.BusinessLogic.LrsFeatureRules',30,'Prevents updates on the axis and segment reference fid attributes of the crosstable',NULL,'0',1,1,'LrsAxisSegmentFeature_PreventReferenceFidUpdates_BU',NULL,NULL,'1.0.0',NULL);
INSERT INTO TB_RULE_DEF VALUES(8070,0,0,'Autodesk.Map.IM.LRS.BusinessLogic.dll',0,0,1,0,'Autodesk.Map.IM.LRS.BusinessLogic.LrsFeatureRules',35,'Sets the measure of a segment when it gets added to an axis',NULL,'0',1,1,'LrsAxisSegmentFeature_UpdateMeasure_BI',NULL,NULL,'1.0.0',NULL);
INSERT INTO TB_RULE_DEF VALUES(8071,0,1,'Autodesk.Map.IM.LRS.BusinessLogic.dll',0,0,0,0,'Autodesk.Map.IM.LRS.BusinessLogic.LrsFeatureRules',150,'Sets the measure of the following segments, assets and routes after a new asset has been added to an axis',NULL,'0',1,1,'LrsAxisSegmentFeature_UpdateMeasure_AI',NULL,NULL,'1.0.0',NULL);
INSERT INTO TB_RULE_DEF VALUES(8072,0,0,'Autodesk.Map.IM.LRS.BusinessLogic.dll',0,0,0,1,'Autodesk.Map.IM.LRS.BusinessLogic.LrsFeatureRules',30,'Updates the measure of a segment and possibly the measure of the following segments, assets and routes, when a segment measure gets updated',NULL,'0',1,1,'LrsAxisSegmentFeature_UpdateMeasure_BU',NULL,NULL,'1.0.0',NULL);
INSERT INTO TB_RULE_DEF VALUES(8073,0,0,'Autodesk.Map.IM.LRS.BusinessLogic.dll',1,0,0,0,'Autodesk.Map.IM.LRS.BusinessLogic.LrsFeatureRules',150,'Updates the measure of a segment and possibly the measure of the following segments, assets and routes, when a segment measure gets updated',NULL,'0',1,1,'LrsAxisSegmentFeature_UpdateMeasure_AU',NULL,NULL,'1.0.0',NULL);
INSERT INTO TB_RULE_DEF VALUES(8074,0,1,'Autodesk.Map.IM.LRS.BusinessLogic.dll',1,0,0,0,'Autodesk.Map.IM.LRS.BusinessLogic.LrsFeatureRules',155,'Updates axes geometries when one of their axis segment cross table entries gets updated',NULL,'0',1,1,'LrsAxisSegmentFeature_UpdateAxisGeometry_AIU',NULL,NULL,'1.0.0',NULL);
INSERT INTO TB_RULE_DEF VALUES(8075,0,0,'Autodesk.Map.IM.LRS.BusinessLogic.dll',0,1,0,0,'Autodesk.Map.IM.LRS.BusinessLogic.LrsFeatureRules',70,'Updates the geometry of the related axis, the related assets and route segments, if the lrs_prefix_axis_segment cross table entry gets deleted',NULL,'0',1,1,'LrsAxisSegmentFeature_UpdateAxis_BD',NULL,NULL,'1.0.0',NULL);
INSERT INTO TB_RULE_DEF VALUES(8076,1,0,'Autodesk.Map.IM.LRS.BusinessLogic.dll',0,0,0,0,'Autodesk.Map.IM.LRS.BusinessLogic.LrsFeatureRules',130,'Updates the geometry of the related axis, the related assets and route segments, if the lrs_prefix_axis_segment cross table entry gets deleted',NULL,'0',1,1,'LrsAxisSegmentFeature_UpdateAxis_AD',NULL,NULL,'1.0.0',NULL);
INSERT INTO TB_RULE_DEF VALUES(8077,0,0,'Autodesk.Map.IM.LRS.BusinessLogic.dll',0,0,1,1,'Autodesk.Map.IM.LRS.BusinessLogic.LrsFeatureRules',50,'Round the measure values',NULL,'0',1,1,'LrsAxisSegmentFeature_RoundValues_BIU',NULL,NULL,'1.0.0',NULL);
INSERT INTO TB_RULE_DEF VALUES(8078,0,0,'Autodesk.Map.IM.LRS.BusinessLogic.dll',0,1,0,0,'Autodesk.Map.IM.LRS.BusinessLogic.LrsFeatureRules',70,'Deletes the related segment according to the document settings when an axis segment feature gets deleted',NULL,'0',1,1,'LrsAxisSegmentFeature_DeleteSegment_BD',NULL,NULL,'1.0.0',NULL);
INSERT INTO TB_RULE_DEF VALUES(8079,1,0,'Autodesk.Map.IM.LRS.BusinessLogic.dll',0,0,0,0,'Autodesk.Map.IM.LRS.BusinessLogic.LrsFeatureRules',130,'Deletes the related segment according to the document settings when an axis segment feature gets deleted',NULL,'0',1,1,'LrsAxisSegmentFeature_DeleteSegment_AD',NULL,NULL,'1.0.0',NULL);
INSERT INTO TB_RULE_DEF VALUES(8080,0,0,'Autodesk.Map.IM.LRS.BusinessLogic.dll',0,0,1,0,'Autodesk.Map.IM.LRS.BusinessLogic.LrsFeatureRules',200,'Unique constraint',NULL,'0',1,1,'LrsAxisSegmentFeature_Constraint_BI',NULL,NULL,'1.0.0',NULL);
INSERT INTO TB_RULE_DEF VALUES(8081,0,0,'Autodesk.Map.IM.LRS.BusinessLogic.dll',0,0,1,1,'Autodesk.Map.IM.LRS.BusinessLogic.LrsFeatureRules',30,'Prevents the axis geometry from modifications',NULL,'0',1,1,'LrsAxisFeature_PreventGeomEdit_BIU',NULL,NULL,'1.0.0',NULL);
INSERT INTO TB_RULE_DEF VALUES(8082,0,1,'Autodesk.Map.IM.LRS.BusinessLogic.dll',0,0,0,0,'Autodesk.Map.IM.LRS.BusinessLogic.LrsFeatureRules',150,'Update the geometry of axes, after they have been inserted and have axis segments assigned',NULL,'0',1,1,'LrsAxisFeature_UpdateGeometry_AI',NULL,NULL,'1.0.0',NULL);
INSERT INTO TB_RULE_DEF VALUES(8083,0,0,'Autodesk.Map.IM.LRS.BusinessLogic.dll',0,1,0,0,'Autodesk.Map.IM.LRS.BusinessLogic.LrsFeatureRules',70,'Deletes all related route segments when an axis feature gets deleted',NULL,'0',1,1,'LrsAxisFeature_Delete_BD',NULL,NULL,'1.0.0',NULL);
INSERT INTO TB_RULE_DEF VALUES(8084,1,0,'Autodesk.Map.IM.LRS.BusinessLogic.dll',0,0,0,0,'Autodesk.Map.IM.LRS.BusinessLogic.LrsFeatureRules',130,'Deletes all related route segments when an axis feature gets deleted',NULL,'0',1,1,'LrsAxisFeature_Delete_AD',NULL,NULL,'1.0.0',NULL);
INSERT INTO TB_RULE_DEF VALUES(8085,0,0,'Autodesk.Map.IM.LRS.BusinessLogic.dll',0,0,0,1,'Autodesk.Map.IM.LRS.BusinessLogic.LrsFeatureRules',30,'Prevent geometry updates on lrs asset feature classes if the configuration option is set',NULL,'0',1,1,'LrsAssetFeature_PreventGeomEdit_BU',NULL,NULL,'1.0.0',NULL);
INSERT INTO TB_RULE_DEF VALUES(8086,0,0,'Autodesk.Map.IM.LRS.BusinessLogic.dll',1,0,0,0,'Autodesk.Map.IM.LRS.BusinessLogic.LrsFeatureRules',150,'Update assets measures when the assets geometry changes',NULL,'0',1,1,'LrsAssetFeatureGeometry_UpdateAssetMeasure_AU',NULL,NULL,'1.0.0',NULL);
INSERT INTO TB_RULE_DEF VALUES(8087,0,0,'Autodesk.Map.IM.LRS.BusinessLogic.dll',0,1,0,0,'Autodesk.Map.IM.LRS.BusinessLogic.LrsFeatureRules',70,'Updates axis asset cross table features when a line asset feature gets split',NULL,'0',1,1,'LrsAssetFeature_SplitLineAsset_BD',NULL,NULL,'1.0.0',NULL);
INSERT INTO TB_RULE_DEF VALUES(8088,1,0,'Autodesk.Map.IM.LRS.BusinessLogic.dll',0,0,0,0,'Autodesk.Map.IM.LRS.BusinessLogic.LrsFeatureRules',130,'Updates axis asset cross table features when a line asset feature gets split',NULL,'0',1,1,'LrsAssetFeature_SplitLineAsset_AD',NULL,NULL,'1.0.0',NULL);
INSERT INTO TB_RULE_DEF VALUES(8089,0,0,'Autodesk.Map.IM.LRS.BusinessLogic.dll',0,0,1,0,'Autodesk.Map.IM.LRS.BusinessLogic.LrsFeatureRules',30,'Updates axis asset cross table relations when joining line asset features',NULL,'0',1,1,'LrsAssetFeature_JoinLineAssets_BI',NULL,NULL,'1.0.0',NULL);
INSERT INTO TB_RULE_DEF VALUES(8090,0,1,'Autodesk.Map.IM.LRS.BusinessLogic.dll',0,0,0,0,'Autodesk.Map.IM.LRS.BusinessLogic.LrsFeatureRules',150,'Updates axis asset cross table relations when joining line asset features',NULL,'0',1,1,'LrsAssetFeature_JoinLineAssets_AI',NULL,NULL,'1.0.0',NULL);
INSERT INTO TB_RULE_DEF VALUES(8091,0,0,'Autodesk.Map.IM.LRS.BusinessLogic.dll',0,0,1,0,'Autodesk.Map.IM.LRS.BusinessLogic.LrsFeatureRules',34,'Validate the entered data',NULL,'0',1,1,'LrsAxisAssetFeature_ValidateData_BI',NULL,NULL,'1.0.0',NULL);
INSERT INTO TB_RULE_DEF VALUES(8092,0,0,'Autodesk.Map.IM.LRS.BusinessLogic.dll',0,0,1,1,'Autodesk.Map.IM.LRS.BusinessLogic.LrsFeatureRules',35,'Updates asset geometry and orientation when one of their axis asset cross table entries gets updated',NULL,'0',1,1,'LrsAxisAssetFeature_UpdateAsset_BIU',NULL,NULL,'1.0.0',NULL);
INSERT INTO TB_RULE_DEF VALUES(8093,0,0,'Autodesk.Map.IM.LRS.BusinessLogic.dll',0,0,1,0,'Autodesk.Map.IM.LRS.BusinessLogic.LrsFeatureRules',200,'Unique constraint',NULL,'0',1,1,'LrsAxisAssetFeature_Constraint_BI',NULL,NULL,'1.0.0',NULL);
INSERT INTO TB_RULE_DEF VALUES(8094,0,1,'Autodesk.Map.IM.LRS.BusinessLogic.dll',1,0,0,0,'Autodesk.Map.IM.LRS.BusinessLogic.LrsFeatureRules',150,'Updates asset geometry and orientation when one of their axis asset cross table entries gets updated',NULL,'0',1,1,'LrsAxisAssetFeature_UpdateAsset_AIU',NULL,NULL,'1.0.0',NULL);
INSERT INTO TB_RULE_DEF VALUES(8095,0,0,'Autodesk.Map.IM.LRS.BusinessLogic.dll',0,0,0,1,'Autodesk.Map.IM.LRS.BusinessLogic.LrsFeatureRules',30,'Prevents updates on the axis and segment reference fid attributes of the crosstable',NULL,'0',1,1,'LrsAxisAssetFeature_PreventReferenceFidUpdates_BU',NULL,NULL,'1.0.0',NULL);
INSERT INTO TB_RULE_DEF VALUES(8096,0,0,'Autodesk.Map.IM.LRS.BusinessLogic.dll',0,0,1,1,'Autodesk.Map.IM.LRS.BusinessLogic.LrsFeatureRules',50,'Round the measure and offset values',NULL,'0',1,1,'LrsAxisAssetFeature_RoundValues_BIU',NULL,NULL,'1.0.0',NULL);
INSERT INTO TB_RULE_DEF VALUES(8097,0,0,'Autodesk.Map.IM.LRS.BusinessLogic.dll',0,1,0,0,'Autodesk.Map.IM.LRS.BusinessLogic.LrsFeatureRules',70,'Deletes the related asset according to the document settings when an axis asset feature gets deleted',NULL,'0',1,1,'LrsAxisAssetFeature_DeleteAsset_BD',NULL,NULL,'1.0.0',NULL);
INSERT INTO TB_RULE_DEF VALUES(8098,1,0,'Autodesk.Map.IM.LRS.BusinessLogic.dll',0,0,0,0,'Autodesk.Map.IM.LRS.BusinessLogic.LrsFeatureRules',130,'Deletes the related asset according to the document settings when an axis asset feature gets deleted',NULL,'0',1,1,'LrsAxisAssetFeature_DeleteAsset_AD',NULL,NULL,'1.0.0',NULL);
INSERT INTO TB_RULE_DEF VALUES(8099,0,0,'Autodesk.Map.IM.LRS.BusinessLogic.dll',0,0,1,1,'Autodesk.Map.IM.LRS.BusinessLogic.LrsFeatureRules',30,'Prevents the route segments geometry from modifications',NULL,'0',1,1,'LrsRouteSegmentFeature_PreventGeometryEdit_BIU',NULL,NULL,'1.0.0',NULL);
INSERT INTO TB_RULE_DEF VALUES(8100,0,0,'Autodesk.Map.IM.LRS.BusinessLogic.dll',0,0,1,1,'Autodesk.Map.IM.LRS.BusinessLogic.LrsFeatureRules',31,'Prevents inserts or updates of route segment features out of the related axis start / end measure boundaries',NULL,'0',1,1,'LrsRouteSegmentFeature_PreventSegmentsOutOfAxisBoundaries_BIU',NULL,NULL,'1.0.0',NULL);
INSERT INTO TB_RULE_DEF VALUES(8101,0,0,'Autodesk.Map.IM.LRS.BusinessLogic.dll',0,0,1,1,'Autodesk.Map.IM.LRS.BusinessLogic.LrsFeatureRules',35,'Updates route segment geometries when a change on the route segment feature class occurs',NULL,'0',1,1,'LrsRouteSegmentFeature_UpdateGeometry_BIU',NULL,NULL,'1.0.0',NULL);
INSERT INTO TB_RULE_DEF VALUES(8102,0,1,'Autodesk.Map.IM.LRS.BusinessLogic.dll',1,0,0,0,'Autodesk.Map.IM.LRS.BusinessLogic.LrsFeatureRules',150,'Updates route segment geometries when a change on the route segment feature class occurs',NULL,'0',1,1,'LrsRouteSegmentFeature_UpdateGeometry_AIU',NULL,NULL,'1.0.0',NULL);
INSERT INTO TB_RULE_DEF VALUES(8103,0,0,'Autodesk.Map.IM.LRS.BusinessLogic.dll',0,0,1,1,'Autodesk.Map.IM.LRS.BusinessLogic.LrsFeatureRules',50,'Round the measure values',NULL,'0',1,1,'LrsRouteSegmentFeature_RoundValues_BIU',NULL,NULL,'1.0.0',NULL);
INSERT INTO TB_RULE_DEF VALUES(8104,0,0,'Autodesk.Map.IM.Templates.dll',0,0,0,1,'Autodesk.Map.IM.Templates.TemplateRules',75,'Update the template instances after updating a feature. (1/2)',NULL,'1',1,1,'UpdateTemplateInstances_BU',NULL,8018,'6.0.45',NULL);
INSERT INTO TB_RULE_DEF VALUES(8105,0,0,'Autodesk.Map.IM.Templates.dll',1,0,0,0,'Autodesk.Map.IM.Templates.TemplateRules',150,'Update the template instances after updating a feature. (2/2)',NULL,'1',1,1,'UpdateTemplateInstances_AU',NULL,8018,'6.0.45',NULL);
INSERT INTO TB_RULE_DEF VALUES(8106,0,0,'Autodesk.Map.IM.Templates.dll',0,1,0,0,'Autodesk.Map.IM.Templates.TemplateRules',75,'Update the template instances after deleting a feature. (1/2)',NULL,'1',1,1,'UpdateTemplateInstances_BD',NULL,8018,'6.0.45',NULL);
INSERT INTO TB_RULE_DEF VALUES(8107,1,0,'Autodesk.Map.IM.Templates.dll',0,0,0,0,'Autodesk.Map.IM.Templates.TemplateRules',130,'Update the template instances after deleting a feature. (2/2)',NULL,'1',1,1,'UpdateTemplateInstances_AD',NULL,8018,'6.0.45',NULL);
CREATE TABLE TB_RULE_FCLASSTYPE (ID INTEGER PRIMARY KEY not null, F_CLASS_TYPE VARCHAR2(1) not null, RULE_DEF_ID INTEGER(18) not null, constraint TB_RULE_FCLASSTYPE_U unique (F_CLASS_TYPE, RULE_DEF_ID));
INSERT INTO TB_RULE_FCLASSTYPE VALUES(1,'S',23);
INSERT INTO TB_RULE_FCLASSTYPE VALUES(2,'O',23);
INSERT INTO TB_RULE_FCLASSTYPE VALUES(3,'S',24);
INSERT INTO TB_RULE_FCLASSTYPE VALUES(4,'O',24);
INSERT INTO TB_RULE_FCLASSTYPE VALUES(5,'L',25);
INSERT INTO TB_RULE_FCLASSTYPE VALUES(6,'S',25);
INSERT INTO TB_RULE_FCLASSTYPE VALUES(7,'I',25);
INSERT INTO TB_RULE_FCLASSTYPE VALUES(8,'O',25);
INSERT INTO TB_RULE_FCLASSTYPE VALUES(9,'P',25);
INSERT INTO TB_RULE_FCLASSTYPE VALUES(10,'C',25);
INSERT INTO TB_RULE_FCLASSTYPE VALUES(11,'A',25);
INSERT INTO TB_RULE_FCLASSTYPE VALUES(12,'E',25);
INSERT INTO TB_RULE_FCLASSTYPE VALUES(13,'L',40);
INSERT INTO TB_RULE_FCLASSTYPE VALUES(14,'L',45);
INSERT INTO TB_RULE_FCLASSTYPE VALUES(15,'L',41);
INSERT INTO TB_RULE_FCLASSTYPE VALUES(16,'L',46);
INSERT INTO TB_RULE_FCLASSTYPE VALUES(17,'L',44);
INSERT INTO TB_RULE_FCLASSTYPE VALUES(18,'L',49);
INSERT INTO TB_RULE_FCLASSTYPE VALUES(19,'S',42);
INSERT INTO TB_RULE_FCLASSTYPE VALUES(20,'I',42);
INSERT INTO TB_RULE_FCLASSTYPE VALUES(21,'S',43);
INSERT INTO TB_RULE_FCLASSTYPE VALUES(22,'I',43);
INSERT INTO TB_RULE_FCLASSTYPE VALUES(23,'L',60);
INSERT INTO TB_RULE_FCLASSTYPE VALUES(24,'L',65);
INSERT INTO TB_RULE_FCLASSTYPE VALUES(25,'L',61);
INSERT INTO TB_RULE_FCLASSTYPE VALUES(26,'L',66);
INSERT INTO TB_RULE_FCLASSTYPE VALUES(27,'L',64);
INSERT INTO TB_RULE_FCLASSTYPE VALUES(28,'L',69);
INSERT INTO TB_RULE_FCLASSTYPE VALUES(29,'L',50);
INSERT INTO TB_RULE_FCLASSTYPE VALUES(30,'S',50);
INSERT INTO TB_RULE_FCLASSTYPE VALUES(31,'I',50);
INSERT INTO TB_RULE_FCLASSTYPE VALUES(32,'O',50);
INSERT INTO TB_RULE_FCLASSTYPE VALUES(33,'P',50);
INSERT INTO TB_RULE_FCLASSTYPE VALUES(34,'C',50);
INSERT INTO TB_RULE_FCLASSTYPE VALUES(35,'A',50);
INSERT INTO TB_RULE_FCLASSTYPE VALUES(36,'E',50);
INSERT INTO TB_RULE_FCLASSTYPE VALUES(37,'O',29);
INSERT INTO TB_RULE_FCLASSTYPE VALUES(38,'O',35);
INSERT INTO TB_RULE_FCLASSTYPE VALUES(39,'O',31);
INSERT INTO TB_RULE_FCLASSTYPE VALUES(40,'L',33);
INSERT INTO TB_RULE_FCLASSTYPE VALUES(41,'L',36);
INSERT INTO TB_RULE_FCLASSTYPE VALUES(42,'L',34);
INSERT INTO TB_RULE_FCLASSTYPE VALUES(43,'L',8000);
INSERT INTO TB_RULE_FCLASSTYPE VALUES(44,'L',8001);
INSERT INTO TB_RULE_FCLASSTYPE VALUES(45,'L',8002);
INSERT INTO TB_RULE_FCLASSTYPE VALUES(46,'L',8003);
INSERT INTO TB_RULE_FCLASSTYPE VALUES(47,'L',8004);
INSERT INTO TB_RULE_FCLASSTYPE VALUES(48,'E',8005);
INSERT INTO TB_RULE_FCLASSTYPE VALUES(49,'E',8006);
INSERT INTO TB_RULE_FCLASSTYPE VALUES(50,'E',8007);
INSERT INTO TB_RULE_FCLASSTYPE VALUES(51,'E',8008);
INSERT INTO TB_RULE_FCLASSTYPE VALUES(52,'E',8009);
INSERT INTO TB_RULE_FCLASSTYPE VALUES(53,'L',8010);
INSERT INTO TB_RULE_FCLASSTYPE VALUES(54,'P',8010);
INSERT INTO TB_RULE_FCLASSTYPE VALUES(55,'L',8011);
INSERT INTO TB_RULE_FCLASSTYPE VALUES(56,'P',8011);
INSERT INTO TB_RULE_FCLASSTYPE VALUES(57,'L',8012);
INSERT INTO TB_RULE_FCLASSTYPE VALUES(58,'P',8012);
INSERT INTO TB_RULE_FCLASSTYPE VALUES(59,'L',8013);
INSERT INTO TB_RULE_FCLASSTYPE VALUES(60,'P',8013);
INSERT INTO TB_RULE_FCLASSTYPE VALUES(61,'L',8014);
INSERT INTO TB_RULE_FCLASSTYPE VALUES(62,'P',8014);
INSERT INTO TB_RULE_FCLASSTYPE VALUES(63,'L',8015);
INSERT INTO TB_RULE_FCLASSTYPE VALUES(64,'P',8015);
INSERT INTO TB_RULE_FCLASSTYPE VALUES(65,'L',8016);
INSERT INTO TB_RULE_FCLASSTYPE VALUES(66,'P',8016);
INSERT INTO TB_RULE_FCLASSTYPE VALUES(67,'L',8017);
INSERT INTO TB_RULE_FCLASSTYPE VALUES(68,'P',8017);
INSERT INTO TB_RULE_FCLASSTYPE VALUES(69,'L',8018);
INSERT INTO TB_RULE_FCLASSTYPE VALUES(70,'P',8018);
INSERT INTO TB_RULE_FCLASSTYPE VALUES(71,'L',8019);
INSERT INTO TB_RULE_FCLASSTYPE VALUES(72,'P',8019);
INSERT INTO TB_RULE_FCLASSTYPE VALUES(73,'P',8020);
INSERT INTO TB_RULE_FCLASSTYPE VALUES(74,'P',8021);
INSERT INTO TB_RULE_FCLASSTYPE VALUES(75,'P',8022);
INSERT INTO TB_RULE_FCLASSTYPE VALUES(76,'P',8023);
INSERT INTO TB_RULE_FCLASSTYPE VALUES(77,'T',8024);
INSERT INTO TB_RULE_FCLASSTYPE VALUES(78,'P',8024);
INSERT INTO TB_RULE_FCLASSTYPE VALUES(79,'P',8025);
INSERT INTO TB_RULE_FCLASSTYPE VALUES(80,'P',8026);
INSERT INTO TB_RULE_FCLASSTYPE VALUES(81,'P',8027);
INSERT INTO TB_RULE_FCLASSTYPE VALUES(82,'P',8028);
INSERT INTO TB_RULE_FCLASSTYPE VALUES(83,'P',8029);
INSERT INTO TB_RULE_FCLASSTYPE VALUES(84,'P',8030);
INSERT INTO TB_RULE_FCLASSTYPE VALUES(85,'P',8031);
INSERT INTO TB_RULE_FCLASSTYPE VALUES(86,'P',8032);
INSERT INTO TB_RULE_FCLASSTYPE VALUES(87,'S',8033);
INSERT INTO TB_RULE_FCLASSTYPE VALUES(88,'O',8033);
INSERT INTO TB_RULE_FCLASSTYPE VALUES(89,'C',8033);
INSERT INTO TB_RULE_FCLASSTYPE VALUES(90,'L',8034);
INSERT INTO TB_RULE_FCLASSTYPE VALUES(91,'L',8035);
INSERT INTO TB_RULE_FCLASSTYPE VALUES(92,'L',8036);
INSERT INTO TB_RULE_FCLASSTYPE VALUES(93,'L',8042);
INSERT INTO TB_RULE_FCLASSTYPE VALUES(94,'I',8042);
INSERT INTO TB_RULE_FCLASSTYPE VALUES(95,'C',8042);
INSERT INTO TB_RULE_FCLASSTYPE VALUES(96,'L',8043);
INSERT INTO TB_RULE_FCLASSTYPE VALUES(97,'L',8044);
INSERT INTO TB_RULE_FCLASSTYPE VALUES(98,'L',8045);
INSERT INTO TB_RULE_FCLASSTYPE VALUES(99,'L',8046);
INSERT INTO TB_RULE_FCLASSTYPE VALUES(100,'L',8047);
INSERT INTO TB_RULE_FCLASSTYPE VALUES(101,'L',8048);
INSERT INTO TB_RULE_FCLASSTYPE VALUES(102,'L',8049);
INSERT INTO TB_RULE_FCLASSTYPE VALUES(103,'L',8050);
INSERT INTO TB_RULE_FCLASSTYPE VALUES(104,'P',8051);
INSERT INTO TB_RULE_FCLASSTYPE VALUES(105,'P',8052);
INSERT INTO TB_RULE_FCLASSTYPE VALUES(106,'L',8058);
INSERT INTO TB_RULE_FCLASSTYPE VALUES(107,'L',8059);
INSERT INTO TB_RULE_FCLASSTYPE VALUES(108,'L',8060);
INSERT INTO TB_RULE_FCLASSTYPE VALUES(109,'L',8061);
INSERT INTO TB_RULE_FCLASSTYPE VALUES(110,'L',8062);
INSERT INTO TB_RULE_FCLASSTYPE VALUES(111,'L',8063);
INSERT INTO TB_RULE_FCLASSTYPE VALUES(112,'L',8064);
INSERT INTO TB_RULE_FCLASSTYPE VALUES(113,'L',8065);
INSERT INTO TB_RULE_FCLASSTYPE VALUES(114,'L',8066);
INSERT INTO TB_RULE_FCLASSTYPE VALUES(115,'L',8067);
INSERT INTO TB_RULE_FCLASSTYPE VALUES(116,'T',8068);
INSERT INTO TB_RULE_FCLASSTYPE VALUES(117,'T',8069);
INSERT INTO TB_RULE_FCLASSTYPE VALUES(118,'T',8070);
INSERT INTO TB_RULE_FCLASSTYPE VALUES(119,'T',8071);
INSERT INTO TB_RULE_FCLASSTYPE VALUES(120,'T',8072);
INSERT INTO TB_RULE_FCLASSTYPE VALUES(121,'T',8073);
INSERT INTO TB_RULE_FCLASSTYPE VALUES(122,'T',8074);
INSERT INTO TB_RULE_FCLASSTYPE VALUES(123,'T',8075);
INSERT INTO TB_RULE_FCLASSTYPE VALUES(124,'T',8076);
INSERT INTO TB_RULE_FCLASSTYPE VALUES(125,'T',8077);
INSERT INTO TB_RULE_FCLASSTYPE VALUES(126,'T',8078);
INSERT INTO TB_RULE_FCLASSTYPE VALUES(127,'T',8079);
INSERT INTO TB_RULE_FCLASSTYPE VALUES(128,'T',8080);
INSERT INTO TB_RULE_FCLASSTYPE VALUES(129,'C',8081);
INSERT INTO TB_RULE_FCLASSTYPE VALUES(130,'C',8082);
INSERT INTO TB_RULE_FCLASSTYPE VALUES(131,'C',8083);
INSERT INTO TB_RULE_FCLASSTYPE VALUES(132,'C',8084);
INSERT INTO TB_RULE_FCLASSTYPE VALUES(133,'L',8085);
INSERT INTO TB_RULE_FCLASSTYPE VALUES(134,'P',8085);
INSERT INTO TB_RULE_FCLASSTYPE VALUES(135,'L',8086);
INSERT INTO TB_RULE_FCLASSTYPE VALUES(136,'P',8086);
INSERT INTO TB_RULE_FCLASSTYPE VALUES(137,'L',8087);
INSERT INTO TB_RULE_FCLASSTYPE VALUES(138,'L',8088);
INSERT INTO TB_RULE_FCLASSTYPE VALUES(139,'L',8089);
INSERT INTO TB_RULE_FCLASSTYPE VALUES(140,'L',8090);
INSERT INTO TB_RULE_FCLASSTYPE VALUES(141,'T',8091);
INSERT INTO TB_RULE_FCLASSTYPE VALUES(142,'T',8092);
INSERT INTO TB_RULE_FCLASSTYPE VALUES(143,'T',8093);
INSERT INTO TB_RULE_FCLASSTYPE VALUES(144,'T',8094);
INSERT INTO TB_RULE_FCLASSTYPE VALUES(145,'T',8095);
INSERT INTO TB_RULE_FCLASSTYPE VALUES(146,'T',8096);
INSERT INTO TB_RULE_FCLASSTYPE VALUES(147,'T',8097);
INSERT INTO TB_RULE_FCLASSTYPE VALUES(148,'T',8098);
INSERT INTO TB_RULE_FCLASSTYPE VALUES(149,'C',8099);
INSERT INTO TB_RULE_FCLASSTYPE VALUES(150,'C',8100);
INSERT INTO TB_RULE_FCLASSTYPE VALUES(151,'C',8101);
INSERT INTO TB_RULE_FCLASSTYPE VALUES(152,'C',8102);
INSERT INTO TB_RULE_FCLASSTYPE VALUES(153,'T',8103);
CREATE TABLE TB_RULE_GROUP (ID INTEGER PRIMARY KEY not null, NAME VARCHAR2(255) not null);
INSERT INTO TB_RULE_GROUP VALUES(10,'Delete child features');
INSERT INTO TB_RULE_GROUP VALUES(40,'Generate compound polygon');
INSERT INTO TB_RULE_GROUP VALUES(42,'Delete compound');
INSERT INTO TB_RULE_GROUP VALUES(60,'Generate compound linestring');
INSERT INTO TB_RULE_GROUP VALUES(140,'AutoLabelGroup');
INSERT INTO TB_RULE_GROUP VALUES(1223,'Survey Delete Session File');
INSERT INTO TB_RULE_GROUP VALUES(1225,'Survey Del Main FieldPoint');
INSERT INTO TB_RULE_GROUP VALUES(8000,'Validate intersection polygon');
INSERT INTO TB_RULE_GROUP VALUES(8001,'Validate intersection line');
INSERT INTO TB_RULE_GROUP VALUES(8002,'AreaTopologyLine');
INSERT INTO TB_RULE_GROUP VALUES(8003,'AreaTopologyCentroid');
INSERT INTO TB_RULE_GROUP VALUES(8004,'DeleteAttribute');
INSERT INTO TB_RULE_GROUP VALUES(8005,'UpdateAttributeLabel');
INSERT INTO TB_RULE_GROUP VALUES(8006,'DimensionCleanup');
INSERT INTO TB_RULE_GROUP VALUES(8007,'MoveConnectedLines');
INSERT INTO TB_RULE_GROUP VALUES(8008,'DeleteConnectedLines');
INSERT INTO TB_RULE_GROUP VALUES(8009,'AutoSoftSplitLines');
INSERT INTO TB_RULE_GROUP VALUES(8010,'AutoExtractSoftSplit');
INSERT INTO TB_RULE_GROUP VALUES(8011,'SetPointOrientation');
INSERT INTO TB_RULE_GROUP VALUES(8012,'SetSystemCreated');
INSERT INTO TB_RULE_GROUP VALUES(8013,'LabelRegeneration');
INSERT INTO TB_RULE_GROUP VALUES(8014,'DeleteUnneededNodes');
INSERT INTO TB_RULE_GROUP VALUES(8015,'AutoSoftSplitAtVertex');
INSERT INTO TB_RULE_GROUP VALUES(8016,'AutomaticPointNumber');
INSERT INTO TB_RULE_GROUP VALUES(8017,'LogicalTopology');
INSERT INTO TB_RULE_GROUP VALUES(8018,'Templates');
CREATE TABLE TB_RULE_PARAM (ID INTEGER PRIMARY KEY not null, DEFAULT_VALUE VARCHAR2(30), NAME VARCHAR2(255) not null, POSITION INTEGER(2) not null, RULE_DEF_ID INTEGER(18) not null, constraint TB_RULE_PARAM_UK unique (POSITION, RULE_DEF_ID));
INSERT INTO TB_RULE_PARAM VALUES(1,'0','number of decimals to truncate',1,23);
INSERT INTO TB_RULE_PARAM VALUES(2,'0','number of decimals to truncate',1,24);
INSERT INTO TB_RULE_PARAM VALUES(3,'3','number of decimals to round',1,25);
INSERT INTO TB_RULE_PARAM VALUES(4,NULL,'feature class name',1,40);
INSERT INTO TB_RULE_PARAM VALUES(5,NULL,'feature class name',1,45);
INSERT INTO TB_RULE_PARAM VALUES(6,NULL,'feature class name',1,41);
INSERT INTO TB_RULE_PARAM VALUES(7,NULL,'feature class name',1,46);
INSERT INTO TB_RULE_PARAM VALUES(8,NULL,'feature class name',1,44);
INSERT INTO TB_RULE_PARAM VALUES(9,NULL,'feature class name',1,49);
INSERT INTO TB_RULE_PARAM VALUES(10,NULL,'feature class name',1,60);
INSERT INTO TB_RULE_PARAM VALUES(11,NULL,'feature class name',1,65);
INSERT INTO TB_RULE_PARAM VALUES(12,NULL,'feature class name',1,61);
INSERT INTO TB_RULE_PARAM VALUES(13,NULL,'feature class name',1,66);
INSERT INTO TB_RULE_PARAM VALUES(14,NULL,'feature class name',1,64);
INSERT INTO TB_RULE_PARAM VALUES(15,NULL,'feature class name',1,69);
INSERT INTO TB_RULE_PARAM VALUES(16,NULL,'feature class name',1,50);
INSERT INTO TB_RULE_PARAM VALUES(17,'_TSER','error feature class name',1,29);
INSERT INTO TB_RULE_PARAM VALUES(18,NULL,'name of the intersection',2,29);
INSERT INTO TB_RULE_PARAM VALUES(19,'3','number of decimals to round',3,29);
INSERT INTO TB_RULE_PARAM VALUES(20,'_TSER','error feature class name',1,31);
INSERT INTO TB_RULE_PARAM VALUES(21,'_TSER','error feature class name',1,33);
INSERT INTO TB_RULE_PARAM VALUES(22,NULL,'name of the intersection',2,33);
INSERT INTO TB_RULE_PARAM VALUES(23,'3','number of decimals to round',3,33);
INSERT INTO TB_RULE_PARAM VALUES(24,'_TSER','error feature class name',1,34);
INSERT INTO TB_RULE_PARAM VALUES(25,'YES','AskUser',1,8023);
INSERT INTO TB_RULE_PARAM VALUES(26,'YES','ShowMessage',1,8024);
INSERT INTO TB_RULE_PARAM VALUES(27,'0.0005','SnapTolerance',1,8025);
INSERT INTO TB_RULE_PARAM VALUES(28,'POINT','MoveFeature',2,8025);
INSERT INTO TB_RULE_PARAM VALUES(29,'','AttributeFCs',3,8025);
INSERT INTO TB_RULE_PARAM VALUES(30,'','AttributeFClass',1,8046);
INSERT INTO TB_RULE_PARAM VALUES(31,'NO','DeleteSoftSplitters',1,8048);
INSERT INTO TB_RULE_PARAM VALUES(32,'YES','AskUser',2,8048);
CREATE TABLE TB_SCHEMA_PLAN (ID INTEGER PRIMARY KEY not null, LOCATION_DEF_ID INTEGER(18) not null, SCHEMA_TYPE INTEGER(2) not null, TOPOLOGY_ID INTEGER(18) not null);
CREATE TABLE TB_SCHEMA_SETTINGS (ID INTEGER PRIMARY KEY not null, CAPTION VARCHAR2(255) not null, DESCRIPTION VARCHAR2(1024), KEY VARCHAR2(255) not null, SCHEMA_PLAN_ID INTEGER(18), SCHEMA_TYPE INTEGER(2), UNIT_TYPE_ID INTEGER(18), VALUE VARCHAR2(255), SETTING_TYPE VARCHAR2(1024), constraint TB_SCHEMA_SETTINGS_U unique (KEY, SCHEMA_PLAN_ID, SCHEMA_TYPE));
INSERT INTO TB_SCHEMA_SETTINGS VALUES(1,'Direction Priority','Setting to define the draw sequence priority for schematic edges','DirectionPriority',NULL,2,0,'0','Autodesk.Map.IM.Schematics.Core.WorkflowSteps.Layouting.DirectionPriority, Autodesk.Map.IM.Schematics.Core, Version=28.0.42.36, Culture=neutral, PublicKeyToken=null');
CREATE TABLE TB_SERVER_ERROR_LOG (NO REAL not null, ERROR_TIME DATETIME_as_text, TEXT VARCHAR2(2000), constraint TB_SERVER_ERROR_LOG_P primary key (NO));
CREATE TABLE TB_SERVER_PROG (ID INTEGER PRIMARY KEY not null, CANCEL INTEGER(1), PERCENT INTEGER(10));
CREATE TABLE TB_SETTINGS (ID INTEGER PRIMARY KEY not null, ITEMKEY VARCHAR2(255), ITEMTHEMA VARCHAR2(255), ITEMVALUE VARCHAR2(2000), MACHINE_ID VARCHAR2(2000), USER_ID VARCHAR2(40));
INSERT INTO TB_SETTINGS VALUES(1,'EXPLORERGROUPCOMBOBOX','DOCUMENT','1',NULL,'4c251b33-6181-4162-ad00-dd3a29f349b4');
INSERT INTO TB_SETTINGS VALUES(2,'LAST_SPATIALMASK','TOPOBASE','anyinteract',NULL,'ALL');
INSERT INTO TB_SETTINGS VALUES(3,'SPLITTERDISTANCE','ONECLICKMAINTENANCE','406',NULL,'4c251b33-6181-4162-ad00-dd3a29f349b4');
INSERT INTO TB_SETTINGS VALUES(4,'ACTIVESWITCHFLYIN','DOCUMENT','Autodesk.Map.IM.Management.Controls.DesktopFlyIn',NULL,'4c251b33-6181-4162-ad00-dd3a29f349b4');
INSERT INTO TB_SETTINGS VALUES(5,'ACTIVEADDONFLYIN','DOCUMENT','',NULL,'4c251b33-6181-4162-ad00-dd3a29f349b4');
INSERT INTO TB_SETTINGS VALUES(6,'ACTIVEADDONFLYINHEIGHT','DOCUMENT','123',NULL,'4c251b33-6181-4162-ad00-dd3a29f349b4');
INSERT INTO TB_SETTINGS VALUES(7,'LAST_DIMENSION','TOPOBASE','2',NULL,'ALL');
INSERT INTO TB_SETTINGS VALUES(8,'LAST_TOLERANCE','TOPOBASE','0.0005',NULL,'ALL');
INSERT INTO TB_SETTINGS VALUES(9,'LAST_SRID','TOPOBASE','0',NULL,'ALL');
CREATE TABLE TB_SETTINGS_COLLECTION (ID INTEGER PRIMARY KEY not null, ITEMVALUE VARCHAR2(2000), PRIORITY INTEGER(5), SETTING_ID INTEGER(18), constraint TB_SETTINGS_COLLECTION_U unique (PRIORITY, SETTING_ID));
CREATE TABLE TB_SPLIT_TOLERANCE (ID INTEGER PRIMARY KEY not null, COMMENTARY VARCHAR2(255), NAME VARCHAR2(255), VALUE REAL(20,8), constraint TB_SPLIT_TOLERANCE_NAME_U unique (NAME));
CREATE TABLE TB_STATE_INTERSECTION (ID INTEGER PRIMARY KEY not null, INTERSECTION_ID INTEGER(18), JOB_STATE_ID INTEGER(18));
CREATE TABLE TB_SURFACE_CONFIG (ID INTEGER PRIMARY KEY not null, F_CLASS_ID INTEGER(10) not null, NAME VARCHAR2(255), constraint TB_SURFACE_CONFIG_U unique (F_CLASS_ID));
CREATE TABLE TB_SURFACE_DEF (ID INTEGER PRIMARY KEY not null, AZIMUTH REAL(20,8), CAMBER REAL(20,8), DISTANCE REAL(20,8), FID_POINT INTEGER(10), FID_SURFACE INTEGER(10), ISLAND_NR INTEGER(1) default 0 not null, RADIUS REAL(20,8), X REAL(20,8) not null, Y REAL(20,8) not null, Z REAL(20,8));
CREATE TABLE TB_SURFACE_POINT (ID INTEGER PRIMARY KEY not null, POINT_F_CLASS_ID INTEGER(10) not null, PRIORITY INTEGER(2) not null, SURFACE_CONFIG_ID INTEGER(18) not null, constraint TB_SURFACE_POINT_U_POINT_FC unique (POINT_F_CLASS_ID, SURFACE_CONFIG_ID), constraint TB_SURFACE_POINT_U_PRIO unique (PRIORITY, SURFACE_CONFIG_ID));
CREATE TABLE TB_TABLE_MAPPING (ID INTEGER PRIMARY KEY not null, IS_CHANGEABLE INTEGER(1) default 1 not null, MAPPING_TABLE VARCHAR2(255) not null, MODUL_NAME VARCHAR2(255) not null, TB_TABLE VARCHAR2(255) not null);
CREATE TABLE TB_TEMPLATE (ID INTEGER PRIMARY KEY not null, ENABLE_FEATURE_TRACKING INTEGER(1), NAME_NUMBER VARCHAR2(255), USER_FLAG VARCHAR2(255));
CREATE TABLE TB_TEMPLATE_EXPLORER (ID INTEGER PRIMARY KEY not null, F_CLASS_ID INTEGER(10), ID_TEMPLATE INTEGER(18), USER_FLAG VARCHAR2(255));
CREATE TABLE TB_TEMPLATE_FEATURE (ID INTEGER PRIMARY KEY not null, F_CLASS_ID INTEGER(10), GEOM FDO_GEOMETRY_as_blob, ID_REFERENCE_RECORD INTEGER(18), ID_TEMPLATE INTEGER(18), INSTANTIATE INTEGER(1), ORIENTATION REAL(6,3) default 90 not null, USER_FLAG VARCHAR2(255));
CREATE TABLE TB_TEMPLATE_RELATION (ID INTEGER PRIMARY KEY not null, ID_RELATIONS INTEGER(18), ID_TEMPLATE_FEATURE_CHILD INTEGER(18), ID_TEMPLATE_FEATURE_PARENT INTEGER(18), USER_FLAG VARCHAR2(255));
CREATE TABLE TB_TMP_PERIMETER (ID INTEGER PRIMARY KEY not null, GEOM FDO_GEOMETRY_as_blob, INTERSECTION_ID INTEGER(18), JOB_ID INTEGER(18));
CREATE TABLE TB_TOPOLOGY_DEF (ID INTEGER PRIMARY KEY not null, ADD_SQL_STATEMENT VARCHAR2(2000), DEF_TYPE CHAR(1) not null, F_CLASS_ID INTEGER(10), FLOW_ATTR_NAME VARCHAR2(30), FLOW_VALUES_BACKWARD VARCHAR2(1000), FLOW_VALUES_BOTH VARCHAR2(1000), FLOW_VALUES_FORWARD VARCHAR2(1000), SPLIT_ATTR_NAME VARCHAR2(30), TOPOLOGY_ID INTEGER(18));
CREATE TABLE TB_TOPOLOGY_FC_SPLIT (ID INTEGER PRIMARY KEY not null, ATTR_VALUE VARCHAR2(255), CAPTION VARCHAR2(255) not null, TOPOLOGY_DEF_ID INTEGER(18) not null);
CREATE TABLE TB_TOPOLOGY_MATRIX (ID INTEGER PRIMARY KEY not null, FROM_F_CLASS_ID INTEGER(10), TO_F_CLASS_ID INTEGER(10), TOPOLOGY_ID INTEGER(18));
CREATE TABLE TB_UFID (FID INTEGER PRIMARY KEY not null, F_CLASS_ID INTEGER(10), LOCKED INTEGER(10), TOUCH_TS TIMESTAMP_as_text(6));
CREATE TABLE TB_UTIL (ID INTEGER PRIMARY KEY not null, F_CLASS_ID_LINE INTEGER(10), F_CLASS_ID_POINT INTEGER(10), MAIN_UTIL_ID INTEGER(18), NAME VARCHAR2(255) not null, TOPOLOGY_ID INTEGER(18), constraint TB_UTIL_NAME_U unique (NAME));
CREATE TABLE TB_UTIL_DICTIONARY (ID INTEGER PRIMARY KEY not null, F_CLASS_ID_ATTR INTEGER(10) not null, GEOMETRY_TYPE VARCHAR2(1), MAX_CONNECTED INTEGER(10), UTIL_ID INTEGER(18), constraint TB_UTIL_DICTIONARY_NAMEU unique (F_CLASS_ID_ATTR));
CREATE TABLE TB_VAL_RESULTS (ID INTEGER PRIMARY KEY not null, F_CLASS_NAME VARCHAR2(30), FID INTEGER(10), JOB_ID INTEGER(18), JOB_VERSION INTEGER(10), RESULT VARCHAR2(1000));
CREATE TABLE TB_VARIABLE (ID INTEGER PRIMARY KEY not null, COMMENTARY VARCHAR2(4000), KEY VARCHAR2(255) not null, USER_ID VARCHAR2(36), VALUE VARCHAR2(4000), constraint TB_VARIABLE_U unique (KEY, USER_ID));
CREATE TABLE TB_VIEW_DEFINITION (ID VARCHAR2(36) not null, PRIMARY_KEY_COLUMN VARCHAR2(255) not null, VIEW_NAME VARCHAR2(255) not null, constraint TB_VIEW_DEFINITION_P primary key (ID));
CREATE TABLE TB_GN_LIST_CONFIG (ID VARCHAR2(40) not null, ITEM_CHECKED INTEGER(1), ITEM_INDEX INTEGER(5), ITEM_VALUE VARCHAR2(255), LIST_ID VARCHAR2(255), USER_ID VARCHAR2(40), constraint TB_GN_LIST_CONFIG_P primary key (ID));
CREATE TABLE TB_GN_MENU_ITEM (ID VARCHAR2(40) not null, CAPTION VARCHAR2(255), NAME VARCHAR2(255), PARENT VARCHAR2(255), constraint TB_GN_MENU_ITEM_P primary key (ID));
INSERT INTO TB_GN_MENU_ITEM VALUES('2fab1411-af3c-4974-ad6e-4a83b0b6833f','Attribute','AUTODESK.MAP.IM.DATA.FEATURECLASSTYPE.ATTRIBUTE',NULL);
INSERT INTO TB_GN_MENU_ITEM VALUES('ea6ec263-7fb3-4644-87ea-08e9129f8720','Area Topology','AUTODESK.MAP.IM.DATA.TOPOLOGYTYPE.AREA',NULL);
INSERT INTO TB_GN_MENU_ITEM VALUES('32518f82-d6bc-4108-9e7d-2c5ab0498ebb','Topology Checker...','AUTODESK.MAP.IM.DATA.TOPOLOGYTYPE.AREA|Autodesk.Map.IM.TopologyExplorer.DocumentPlugIn/miAreaTopology','AUTODESK.MAP.IM.DATA.TOPOLOGYTYPE.AREA');
INSERT INTO TB_GN_MENU_ITEM VALUES('e49ff1fe-a8fc-467e-bbe4-ce73c24b37ee','Industry Model (Admin)','AUTODESK.MAP.IM.FORMS.DOCUMENTCONTEXTMENUTYPE.DOCUMENTADMIN',NULL);
INSERT INTO TB_GN_MENU_ITEM VALUES('cf42d3c9-f8c5-42c1-9741-83dc0712b321','&Report Designer...','AUTODESK.MAP.IM.FORMS.DOCUMENTCONTEXTMENUTYPE.DOCUMENTADMIN|Autodesk.Map.IM.Forms.Basis.DocumentPluginReportdesigner/mnuReportDesigner','AUTODESK.MAP.IM.FORMS.DOCUMENTCONTEXTMENUTYPE.DOCUMENTADMIN');
INSERT INTO TB_GN_MENU_ITEM VALUES('7f0377d4-41cb-450c-8631-03170bc2c00b','&SQL Sheet...','AUTODESK.MAP.IM.FORMS.DOCUMENTCONTEXTMENUTYPE.DOCUMENTADMIN|Autodesk.Map.IM.Forms.Basis.DocumentPluginReportdesigner/mnuSqlSheet','AUTODESK.MAP.IM.FORMS.DOCUMENTCONTEXTMENUTYPE.DOCUMENTADMIN');
INSERT INTO TB_GN_MENU_ITEM VALUES('f4ac342b-196a-4d5d-8d8a-be73f8b203e5','Form M&anager','AUTODESK.MAP.IM.FORMS.DOCUMENTCONTEXTMENUTYPE.DOCUMENTADMIN|Autodesk.Map.IM.Forms.Manager.DocumentPlugIn/mnuDialogManager','AUTODESK.MAP.IM.FORMS.DOCUMENTCONTEXTMENUTYPE.DOCUMENTADMIN');
INSERT INTO TB_GN_MENU_ITEM VALUES('d77b9252-0af9-41f0-9cfa-6bd18517a7de','Form &Export','AUTODESK.MAP.IM.FORMS.DOCUMENTCONTEXTMENUTYPE.DOCUMENTADMIN|Autodesk.Map.IM.Forms.Manager.DocumentPlugIn/mnuDialogManager|Autodesk.Map.IM.Forms.Manager.DocumentPlugIn/mnuDialogExport','AUTODESK.MAP.IM.FORMS.DOCUMENTCONTEXTMENUTYPE.DOCUMENTADMIN|Autodesk.Map.IM.Forms.Manager.DocumentPlugIn/mnuDialogManager');
INSERT INTO TB_GN_MENU_ITEM VALUES('08538b2e-971d-47f9-ac3d-0fa91f42fca4','Form &Import','AUTODESK.MAP.IM.FORMS.DOCUMENTCONTEXTMENUTYPE.DOCUMENTADMIN|Autodesk.Map.IM.Forms.Manager.DocumentPlugIn/mnuDialogManager|Autodesk.Map.IM.Forms.Manager.DocumentPlugIn/mnuDialogImport','AUTODESK.MAP.IM.FORMS.DOCUMENTCONTEXTMENUTYPE.DOCUMENTADMIN|Autodesk.Map.IM.Forms.Manager.DocumentPlugIn/mnuDialogManager');
INSERT INTO TB_GN_MENU_ITEM VALUES('e1302908-bf33-4ec2-b37c-ced7283b62f5','Form &Check','AUTODESK.MAP.IM.FORMS.DOCUMENTCONTEXTMENUTYPE.DOCUMENTADMIN|Autodesk.Map.IM.Forms.Manager.DocumentPlugIn/mnuDialogManager|Autodesk.Map.IM.Forms.Manager.DocumentPlugIn/mnuDialogCheck','AUTODESK.MAP.IM.FORMS.DOCUMENTCONTEXTMENUTYPE.DOCUMENTADMIN|Autodesk.Map.IM.Forms.Manager.DocumentPlugIn/mnuDialogManager');
INSERT INTO TB_GN_MENU_ITEM VALUES('00d50ffb-4a11-40b9-80dc-32ecdad1b14f','Form &Performance Hints','AUTODESK.MAP.IM.FORMS.DOCUMENTCONTEXTMENUTYPE.DOCUMENTADMIN|Autodesk.Map.IM.Forms.Manager.DocumentPlugIn/mnuDialogManager|Autodesk.Map.IM.Forms.Manager.DocumentPlugIn/mnuDialogAnalyse','AUTODESK.MAP.IM.FORMS.DOCUMENTCONTEXTMENUTYPE.DOCUMENTADMIN|Autodesk.Map.IM.Forms.Manager.DocumentPlugIn/mnuDialogManager');
INSERT INTO TB_GN_MENU_ITEM VALUES('773b3053-e1fc-46e4-af72-5a4ad53fef1d','&Import','AUTODESK.MAP.IM.FORMS.DOCUMENTCONTEXTMENUTYPE.DOCUMENTADMIN|Autodesk.Map.IM.Forms.NamedMenuItemType.Imports','AUTODESK.MAP.IM.FORMS.DOCUMENTCONTEXTMENUTYPE.DOCUMENTADMIN');
INSERT INTO TB_GN_MENU_ITEM VALUES('ba77a208-e5aa-40c8-a98d-7dc159941730','&Industry Model Settings','AUTODESK.MAP.IM.FORMS.DOCUMENTCONTEXTMENUTYPE.DOCUMENTADMIN|Autodesk.Map.IM.Forms.NamedMenuItemType.Imports|Autodesk.Map.IM.Forms.Manager.DocumentPlugIn/mnuDocumentSettingsImport','AUTODESK.MAP.IM.FORMS.DOCUMENTCONTEXTMENUTYPE.DOCUMENTADMIN|Autodesk.Map.IM.Forms.NamedMenuItemType.Imports');
INSERT INTO TB_GN_MENU_ITEM VALUES('f0cfa797-91f2-45d1-a623-3069c8645378','E&xport','AUTODESK.MAP.IM.FORMS.DOCUMENTCONTEXTMENUTYPE.DOCUMENTADMIN|Autodesk.Map.IM.Forms.NamedMenuItemType.Exports','AUTODESK.MAP.IM.FORMS.DOCUMENTCONTEXTMENUTYPE.DOCUMENTADMIN');
INSERT INTO TB_GN_MENU_ITEM VALUES('378ad8ae-0ac6-424b-8cab-5105c25a69e2','&Industry Model Settings','AUTODESK.MAP.IM.FORMS.DOCUMENTCONTEXTMENUTYPE.DOCUMENTADMIN|Autodesk.Map.IM.Forms.NamedMenuItemType.Exports|Autodesk.Map.IM.Forms.Manager.DocumentPlugIn/mnuDocumentSettingsExport','AUTODESK.MAP.IM.FORMS.DOCUMENTCONTEXTMENUTYPE.DOCUMENTADMIN|Autodesk.Map.IM.Forms.NamedMenuItemType.Exports');
INSERT INTO TB_GN_MENU_ITEM VALUES('c81abdd9-039f-449d-b05b-2c0bd871ac55','Commands','AUTODESK.MAP.IM.FORMS.DOCUMENTCONTEXTMENUTYPE.COMMAND',NULL);
INSERT INTO TB_GN_MENU_ITEM VALUES('3be82c3d-06cb-44c4-a689-c99f37bf3ff6','Line Line Intersection','AUTODESK.MAP.IM.DATA.INTERSECTIONTYPE.LINELINE',NULL);
INSERT INTO TB_GN_MENU_ITEM VALUES('a3addb0e-c2e5-4b3c-beaf-325c4477c063','Intersect','AUTODESK.MAP.IM.DATA.INTERSECTIONTYPE.LINELINE|Autodesk.Map.IM.Intersection.IntersectionPlugIn/interMenu','AUTODESK.MAP.IM.DATA.INTERSECTIONTYPE.LINELINE');
INSERT INTO TB_GN_MENU_ITEM VALUES('f314d839-a1f9-4407-b6ef-313b11ebefa2','Compound Polygon','AUTODESK.MAP.IM.DATA.FEATURECLASSTYPE.COMPOUNDPOLYGON',NULL);
INSERT INTO TB_GN_MENU_ITEM VALUES('19886b47-1760-4062-b7ba-b5fcfe22c214','Label Definition','AUTODESK.MAP.IM.FORMS.DOCUMENTCONTEXTMENUTYPE.LABELDEFINITION',NULL);
INSERT INTO TB_GN_MENU_ITEM VALUES('67a4da23-6345-4a7a-857e-e66f853da8ee','Centroid','AUTODESK.MAP.IM.DATA.FEATURECLASSTYPE.CENTROID',NULL);
INSERT INTO TB_GN_MENU_ITEM VALUES('459904e0-506d-4cb0-830f-9e35960ebfec','Line String','AUTODESK.MAP.IM.DATA.FEATURECLASSTYPE.LINESTRING',NULL);
INSERT INTO TB_GN_MENU_ITEM VALUES('a4ec4ad8-8857-4a82-9e46-e0510bed49bd','Logical Topology','AUTODESK.MAP.IM.DATA.TOPOLOGYTYPE.LOGICAL',NULL);
INSERT INTO TB_GN_MENU_ITEM VALUES('d9be522a-44a9-4fa8-8430-955c954e0ae5','Network Tracer...','AUTODESK.MAP.IM.DATA.TOPOLOGYTYPE.LOGICAL|Autodesk.Map.IM.NetworkTracer.DocumentPlugIn/miNetTopology','AUTODESK.MAP.IM.DATA.TOPOLOGYTYPE.LOGICAL');
INSERT INTO TB_GN_MENU_ITEM VALUES('7b1b06ba-ab8a-40ea-a0b2-5c38e600631d','Topology Checker...','AUTODESK.MAP.IM.DATA.TOPOLOGYTYPE.LOGICAL|Autodesk.Map.IM.TopologyExplorer.DocumentPlugIn/miLogicalTopology','AUTODESK.MAP.IM.DATA.TOPOLOGYTYPE.LOGICAL');
INSERT INTO TB_GN_MENU_ITEM VALUES('a1f2422e-7a2e-426c-b1f3-1e677018b0ce','Polygon Line Intersection','AUTODESK.MAP.IM.DATA.INTERSECTIONTYPE.POLYGONLINE',NULL);
INSERT INTO TB_GN_MENU_ITEM VALUES('5997192a-94a6-42e5-9ab7-dd40afde240f','Intersect','AUTODESK.MAP.IM.DATA.INTERSECTIONTYPE.POLYGONLINE|Autodesk.Map.IM.Intersection.IntersectionPlugIn/interMenu','AUTODESK.MAP.IM.DATA.INTERSECTIONTYPE.POLYGONLINE');
INSERT INTO TB_GN_MENU_ITEM VALUES('66041120-3887-4483-8a5a-90e327cc48dd','Polygon Point Intersection ','AUTODESK.MAP.IM.DATA.INTERSECTIONTYPE.POLYGONPOINT',NULL);
INSERT INTO TB_GN_MENU_ITEM VALUES('4c15b2dd-f2e5-4db1-8e40-32134b8b2ebd','Intersect','AUTODESK.MAP.IM.DATA.INTERSECTIONTYPE.POLYGONPOINT|Autodesk.Map.IM.Intersection.IntersectionPlugIn/interMenu','AUTODESK.MAP.IM.DATA.INTERSECTIONTYPE.POLYGONPOINT');
INSERT INTO TB_GN_MENU_ITEM VALUES('8d169d2c-6e93-4197-a961-5d2697014c31','Line Point Intersection','AUTODESK.MAP.IM.DATA.INTERSECTIONTYPE.LINEPOINT',NULL);
INSERT INTO TB_GN_MENU_ITEM VALUES('002ed109-4974-4d05-b7c0-1803bf480e47','Intersect','AUTODESK.MAP.IM.DATA.INTERSECTIONTYPE.LINEPOINT|Autodesk.Map.IM.Intersection.IntersectionPlugIn/interMenu','AUTODESK.MAP.IM.DATA.INTERSECTIONTYPE.LINEPOINT');
INSERT INTO TB_GN_MENU_ITEM VALUES('4ac7fe87-863f-4241-984c-e01973eda74f','Unknown','AUTODESK.MAP.IM.FORMS.DOCUMENTCONTEXTMENUTYPE.UNKNOWN',NULL);
INSERT INTO TB_GN_MENU_ITEM VALUES('42464f22-c71b-466d-a21d-87f5fbe2338c','Label','AUTODESK.MAP.IM.DATA.FEATURECLASSTYPE.LABEL',NULL);
INSERT INTO TB_GN_MENU_ITEM VALUES('069382ce-1f94-4753-8c67-1010507a1e83','Polygon','AUTODESK.MAP.IM.DATA.FEATURECLASSTYPE.POLYGON',NULL);
INSERT INTO TB_GN_MENU_ITEM VALUES('5f1d02e0-bcff-44c5-b886-4e345ca38c95','Compound Line String','AUTODESK.MAP.IM.DATA.FEATURECLASSTYPE.COMPOUNDLINESTRING',NULL);
INSERT INTO TB_GN_MENU_ITEM VALUES('cc26ed67-048f-4ad8-81d3-362fa8f7c579','Polygon Polygon Intersection','AUTODESK.MAP.IM.DATA.INTERSECTIONTYPE.POLYGONPOLYGON',NULL);
INSERT INTO TB_GN_MENU_ITEM VALUES('25ad0f4d-1e3c-4089-8932-9bd5448f8f46','Intersect','AUTODESK.MAP.IM.DATA.INTERSECTIONTYPE.POLYGONPOLYGON|Autodesk.Map.IM.Intersection.IntersectionPlugIn/interMenu','AUTODESK.MAP.IM.DATA.INTERSECTIONTYPE.POLYGONPOLYGON');
INSERT INTO TB_GN_MENU_ITEM VALUES('c901def6-0726-43fd-8f71-ef8bf4fbf268','All Featureclasses with Labels','AUTODESK.MAP.IM.FORMS.DOCUMENTCONTEXTMENUTYPE.ALLFEATURECLASSESWITHLABELS',NULL);
INSERT INTO TB_GN_MENU_ITEM VALUES('2e5685c3-a1a9-4fe2-84a4-a7ebd8fb925a','Point','AUTODESK.MAP.IM.DATA.FEATURECLASSTYPE.POINT',NULL);
INSERT INTO TB_GN_MENU_ITEM VALUES('7aecd0aa-c51e-4102-bc4b-9b4e06616762','Table','AUTODESK.MAP.IM.DATA.TABLE',NULL);
INSERT INTO TB_GN_MENU_ITEM VALUES('059a39e0-43cb-424b-bba5-6d42df656789','Show Form','AUTODESK.MAP.IM.DATA.TABLE|Autodesk.Map.IM.Explorer.ExplorerDocumentPlugIn/mnuShowDialog','AUTODESK.MAP.IM.DATA.TABLE');
INSERT INTO TB_GN_MENU_ITEM VALUES('e449470e-26d3-46ab-9278-abe01e7fee7d','&Industry Model','AUTODESK.MAP.IM.FORMS.DOCUMENTCONTEXTMENUTYPE.DOCUMENT',NULL);
INSERT INTO TB_GN_MENU_ITEM VALUES('2fd2504f-08fa-434e-90d6-8b3928e3b5d7','Report...','AUTODESK.MAP.IM.FORMS.DOCUMENTCONTEXTMENUTYPE.DOCUMENT|Autodesk.Map.IM.Forms.Basis.DocumentReportPlugin/mnuDocumentReport','AUTODESK.MAP.IM.FORMS.DOCUMENTCONTEXTMENUTYPE.DOCUMENT');
INSERT INTO TB_GN_MENU_ITEM VALUES('3b95a5b4-344c-4b61-813a-7df200a19f23','Refresh F5','AUTODESK.MAP.IM.FORMS.DOCUMENTCONTEXTMENUTYPE.DOCUMENT|Autodesk.Map.IM.Management.Controls.DesktopFlyIn/miRefresh','AUTODESK.MAP.IM.FORMS.DOCUMENTCONTEXTMENUTYPE.DOCUMENT');
INSERT INTO TB_GN_MENU_ITEM VALUES('4f2b8d3d-b94c-4f8d-b72b-c8ae3e81ebfc','-','AUTODESK.MAP.IM.FORMS.DOCUMENTCONTEXTMENUTYPE.DOCUMENT|Autodesk.Map.IM.Management.Controls.DesktopFlyIn/separatorMenuItem','AUTODESK.MAP.IM.FORMS.DOCUMENTCONTEXTMENUTYPE.DOCUMENT');
INSERT INTO TB_GN_MENU_ITEM VALUES('6b10bfee-ab6c-4696-83a8-e8597fb9c05b','ToolBars / FlyIns','AUTODESK.MAP.IM.FORMS.DOCUMENTCONTEXTMENUTYPE.DOCUMENT|Autodesk.Map.IM.Forms.NamedMenuItemType.ToolBarsAndFlyIns','AUTODESK.MAP.IM.FORMS.DOCUMENTCONTEXTMENUTYPE.DOCUMENT');
INSERT INTO TB_GN_MENU_ITEM VALUES('dc817a3a-c8e5-442d-bc2a-1714d7523ac6','-','AUTODESK.MAP.IM.FORMS.DOCUMENTCONTEXTMENUTYPE.DOCUMENT|Autodesk.Map.IM.Forms.Basis.ToolbarAndFlyInsDocument/mnuSeparator','AUTODESK.MAP.IM.FORMS.DOCUMENTCONTEXTMENUTYPE.DOCUMENT');
INSERT INTO TB_GN_MENU_ITEM VALUES('890bb473-b81b-4421-8e9a-2540054613ce','Industry Model Options...','AUTODESK.MAP.IM.FORMS.DOCUMENTCONTEXTMENUTYPE.DOCUMENT|Autodesk.Map.IM.Forms.Basis.BasisDocument/mnuProperies','AUTODESK.MAP.IM.FORMS.DOCUMENTCONTEXTMENUTYPE.DOCUMENT');
INSERT INTO TB_GN_MENU_ITEM VALUES('a6523a25-4b86-4017-8064-9bb547992233','Collection','AUTODESK.MAP.IM.DATA.FEATURECLASSTYPE.COLLECTION',NULL);
INSERT INTO TB_GN_MENU_ITEM VALUES('75c3150e-4d36-4aad-8a13-b5c5226bc097','Topology','AUTODESK.MAP.IM.FORMS.DOCUMENTCONTEXTMENUTYPE.TOPOLOGY',NULL);
INSERT INTO TB_GN_MENU_ITEM VALUES('a731eba3-ed8e-415f-a199-6be705bb9289','AllFeatureTypes','AUTODESK.MAP.IM.FORMS.DOCUMENTCONTEXTMENUTYPE.ALLFEATURETYPES',NULL);
INSERT INTO TB_GN_MENU_ITEM VALUES('14b86166-1de0-431c-9ac7-de3367eeecfb','Topic','AUTODESK.MAP.IM.FORMS.DOCUMENTCONTEXTMENUTYPE.TOPIC',NULL);
INSERT INTO TB_GN_MENU_ITEM VALUES('bba0a900-480b-4f83-91df-41cf8a25072e','AllFeatureTypesWithGeometry','AUTODESK.MAP.IM.FORMS.DOCUMENTCONTEXTMENUTYPE.ALLFEATURETYPESWITHGEOMETRY',NULL);
INSERT INTO TB_GN_MENU_ITEM VALUES('b12b9939-1e1f-4d20-8416-06a367fd0fef','Topologies','AUTODESK.MAP.IM.FORMS.DOCUMENTCONTEXTMENUTYPE.TOPOLOGIES',NULL);
INSERT INTO TB_GN_MENU_ITEM VALUES('afa3cf24-c293-4e05-b67c-32abfa691c4b','Domains','AUTODESK.MAP.IM.FORMS.DOCUMENTCONTEXTMENUTYPE.DOMAINS',NULL);
INSERT INTO TB_GN_MENU_ITEM VALUES('568e513e-dfcb-4cad-b869-37e8ff63a7a5','Domain','AUTODESK.MAP.IM.FORMS.DOCUMENTCONTEXTMENUTYPE.DOMAIN',NULL);
INSERT INTO TB_GN_MENU_ITEM VALUES('59d38fc8-60d9-42f2-b348-3b1d9469c822','Dimension','AUTODESK.MAP.IM.DATA.FEATURECLASSTYPE.DIMENSION',NULL);
INSERT INTO TB_GN_MENU_ITEM VALUES('5f7ef5f1-ba59-4909-a1ea-7b7ebd363067','Workflow','AUTODESK.MAP.IM.DATA.WORKFLOW',NULL);
INSERT INTO TB_GN_MENU_ITEM VALUES('d45fc9f1-9c23-4d33-99d0-70cfd6d9aad6','Execute','AUTODESK.MAP.IM.DATA.WORKFLOW|Autodesk.Map.IM.Workflows.DocumentPlugIn/DocumentExplorerExecuteWorkflowMenuItem','AUTODESK.MAP.IM.DATA.WORKFLOW');
CREATE TABLE TB_RPT_SQL (ID INTEGER PRIMARY KEY not null, COMMENTARY VARCHAR2(4000), NAME VARCHAR2(255), REPORT_ID INTEGER(18), SQL VARCHAR2(4000), SQL_ID VARCHAR2(40));
CREATE TABLE TB_RPT_SECTION (ID INTEGER PRIMARY KEY not null, COMMENTARY VARCHAR2(4000), GLUE INTEGER(1), GROUP_ID INTEGER(18), HEIGHT INTEGER(10), NAME VARCHAR2(255), ORDER_INDEX INTEGER(10), SECTION_TYPE INTEGER(2));
INSERT INTO TB_RPT_SECTION VALUES(1,NULL,0,1,64,'Foot',1,2);
INSERT INTO TB_RPT_SECTION VALUES(2,NULL,0,1,264,'Head',1,0);
INSERT INTO TB_RPT_SECTION VALUES(3,NULL,0,1,922,'Body',1,1);
INSERT INTO TB_RPT_SECTION VALUES(4,NULL,0,2,213,'Foot',1,2);
INSERT INTO TB_RPT_SECTION VALUES(5,NULL,0,2,218,'Head',1,0);
INSERT INTO TB_RPT_SECTION VALUES(6,NULL,0,2,64,'Body',1,1);
INSERT INTO TB_RPT_SECTION VALUES(7,NULL,0,3,112,'Body',1,1);
INSERT INTO TB_RPT_SECTION VALUES(8,NULL,0,3,89,'Foot',1,2);
INSERT INTO TB_RPT_SECTION VALUES(9,NULL,0,3,119,'Head',1,0);
INSERT INTO TB_RPT_SECTION VALUES(10,NULL,0,4,218,'Head',1,0);
INSERT INTO TB_RPT_SECTION VALUES(11,NULL,0,4,64,'Body',1,1);
INSERT INTO TB_RPT_SECTION VALUES(12,NULL,0,4,213,'Foot',1,2);
INSERT INTO TB_RPT_SECTION VALUES(13,NULL,0,5,64,'Foot',1,2);
INSERT INTO TB_RPT_SECTION VALUES(14,NULL,0,5,262,'Head',1,0);
INSERT INTO TB_RPT_SECTION VALUES(15,NULL,0,5,579,'Body',1,1);
INSERT INTO TB_RPT_SECTION VALUES(16,NULL,0,6,119,'Head',1,0);
INSERT INTO TB_RPT_SECTION VALUES(17,NULL,0,6,109,'Body',1,1);
INSERT INTO TB_RPT_SECTION VALUES(18,NULL,0,6,76,'Foot',1,2);
INSERT INTO TB_RPT_SECTION VALUES(19,NULL,0,7,64,'Foot',1,2);
INSERT INTO TB_RPT_SECTION VALUES(20,NULL,0,7,64,'Head',1,0);
INSERT INTO TB_RPT_SECTION VALUES(21,NULL,0,7,587,'Body',1,1);
INSERT INTO TB_RPT_SECTION VALUES(22,NULL,0,8,218,'Head',1,0);
INSERT INTO TB_RPT_SECTION VALUES(23,NULL,0,8,262,'Body',1,1);
INSERT INTO TB_RPT_SECTION VALUES(24,NULL,0,8,213,'Foot',1,2);
INSERT INTO TB_RPT_SECTION VALUES(25,NULL,0,9,117,'Head',1,0);
INSERT INTO TB_RPT_SECTION VALUES(26,NULL,0,9,112,'Body',1,1);
INSERT INTO TB_RPT_SECTION VALUES(27,NULL,0,9,64,'Foot',1,2);
INSERT INTO TB_RPT_SECTION VALUES(28,NULL,0,10,117,'Head',1,0);
INSERT INTO TB_RPT_SECTION VALUES(29,NULL,0,10,112,'Body',1,1);
INSERT INTO TB_RPT_SECTION VALUES(30,NULL,0,10,84,'Foot',1,2);
INSERT INTO TB_RPT_SECTION VALUES(31,NULL,0,11,64,'Head',1,0);
INSERT INTO TB_RPT_SECTION VALUES(32,NULL,0,11,1110,'Body',1,1);
INSERT INTO TB_RPT_SECTION VALUES(33,NULL,0,11,81,'Foot',1,2);
INSERT INTO TB_RPT_SECTION VALUES(34,NULL,0,12,64,'Head',1,0);
INSERT INTO TB_RPT_SECTION VALUES(35,NULL,0,12,866,'Body',1,1);
INSERT INTO TB_RPT_SECTION VALUES(36,NULL,0,12,84,'Foot',1,2);
INSERT INTO TB_RPT_SECTION VALUES(37,NULL,0,13,84,'Foot',1,2);
INSERT INTO TB_RPT_SECTION VALUES(38,NULL,0,13,64,'Head',1,0);
INSERT INTO TB_RPT_SECTION VALUES(39,NULL,0,13,559,'Body',1,1);
INSERT INTO TB_RPT_SECTION VALUES(40,NULL,0,14,64,'Head',1,0);
INSERT INTO TB_RPT_SECTION VALUES(41,NULL,0,14,559,'Body',1,1);
INSERT INTO TB_RPT_SECTION VALUES(42,NULL,0,14,64,'Foot',1,2);
INSERT INTO TB_RPT_SECTION VALUES(43,NULL,0,15,218,'Head',1,0);
INSERT INTO TB_RPT_SECTION VALUES(44,NULL,0,15,64,'Body',1,1);
INSERT INTO TB_RPT_SECTION VALUES(45,NULL,0,15,213,'Foot',1,2);
INSERT INTO TB_RPT_SECTION VALUES(46,NULL,0,16,64,'Head',1,0);
INSERT INTO TB_RPT_SECTION VALUES(47,NULL,0,16,927,'Body',1,1);
INSERT INTO TB_RPT_SECTION VALUES(48,NULL,0,16,84,'Foot',1,2);
INSERT INTO TB_RPT_SECTION VALUES(49,NULL,0,17,79,'Foot',1,2);
INSERT INTO TB_RPT_SECTION VALUES(50,NULL,0,17,259,'Head',1,0);
INSERT INTO TB_RPT_SECTION VALUES(51,NULL,0,17,1080,'Body',1,1);
INSERT INTO TB_RPT_SECTION VALUES(52,NULL,0,18,64,'Head',1,0);
INSERT INTO TB_RPT_SECTION VALUES(53,NULL,0,18,1049,'Body',1,1);
INSERT INTO TB_RPT_SECTION VALUES(54,NULL,0,18,84,'Foot',1,2);
INSERT INTO TB_RPT_SECTION VALUES(55,NULL,0,19,64,'Head',1,0);
INSERT INTO TB_RPT_SECTION VALUES(56,NULL,0,19,988,'Body',1,1);
INSERT INTO TB_RPT_SECTION VALUES(57,NULL,0,19,81,'Foot',1,2);
INSERT INTO TB_RPT_SECTION VALUES(58,NULL,0,20,221,'Head',1,0);
INSERT INTO TB_RPT_SECTION VALUES(59,NULL,0,20,269,'Body',1,1);
INSERT INTO TB_RPT_SECTION VALUES(60,NULL,0,20,213,'Foot',1,2);
INSERT INTO TB_RPT_SECTION VALUES(61,NULL,0,21,64,'Foot',1,2);
INSERT INTO TB_RPT_SECTION VALUES(62,NULL,0,21,64,'Head',1,0);
INSERT INTO TB_RPT_SECTION VALUES(63,NULL,0,21,1059,'Body',1,1);
INSERT INTO TB_RPT_SECTION VALUES(64,NULL,0,22,64,'Foot',1,2);
INSERT INTO TB_RPT_SECTION VALUES(65,NULL,0,22,64,'Head',1,0);
INSERT INTO TB_RPT_SECTION VALUES(66,NULL,0,22,1118,'Body',1,1);
INSERT INTO TB_RPT_SECTION VALUES(67,NULL,0,23,216,'Head',1,0);
INSERT INTO TB_RPT_SECTION VALUES(68,NULL,0,23,264,'Body',1,1);
INSERT INTO TB_RPT_SECTION VALUES(69,NULL,0,23,213,'Foot',1,2);
INSERT INTO TB_RPT_SECTION VALUES(70,NULL,0,24,64,'Foot',1,2);
INSERT INTO TB_RPT_SECTION VALUES(71,NULL,0,24,64,'Head',1,0);
INSERT INTO TB_RPT_SECTION VALUES(72,NULL,0,24,1168,'Body',1,1);
INSERT INTO TB_RPT_SECTION VALUES(73,NULL,0,25,221,'Head',1,0);
INSERT INTO TB_RPT_SECTION VALUES(74,NULL,0,25,259,'Body',1,1);
INSERT INTO TB_RPT_SECTION VALUES(75,NULL,0,25,213,'Foot',1,2);
INSERT INTO TB_RPT_SECTION VALUES(76,NULL,0,26,221,'Head',1,0);
INSERT INTO TB_RPT_SECTION VALUES(77,NULL,0,26,262,'Body',1,1);
INSERT INTO TB_RPT_SECTION VALUES(78,NULL,0,26,213,'Foot',1,2);
INSERT INTO TB_RPT_SECTION VALUES(79,NULL,0,27,64,'Foot',1,2);
INSERT INTO TB_RPT_SECTION VALUES(80,NULL,0,27,64,'Head',1,0);
INSERT INTO TB_RPT_SECTION VALUES(81,NULL,0,27,1082,'Body',1,1);
INSERT INTO TB_RPT_SECTION VALUES(82,NULL,0,28,64,'Foot',1,2);
INSERT INTO TB_RPT_SECTION VALUES(83,NULL,0,28,64,'Head',1,0);
INSERT INTO TB_RPT_SECTION VALUES(84,NULL,0,28,1054,'Body',1,1);
INSERT INTO TB_RPT_SECTION VALUES(85,NULL,0,29,221,'Head',1,0);
INSERT INTO TB_RPT_SECTION VALUES(86,NULL,0,29,264,'Body',1,1);
INSERT INTO TB_RPT_SECTION VALUES(87,NULL,0,29,213,'Foot',1,2);
CREATE TABLE TB_RPT_SQL_CODE (ID INTEGER PRIMARY KEY not null, ORDER_INDEX INTEGER(5), REPORT_ID INTEGER(18), SQL VARCHAR2(4000), SQL_ID VARCHAR2(40));
INSERT INTO TB_RPT_SQL_CODE VALUES(1,1,1,unistr('T_CONSTRUC" "TB_REPORT_CONSTRUC", "TB_JOB" "TB_JOB"\u000d\u000a WHERE ("TB_REPORT_CONSTRUC"."DATE_CREATED">={FUN.FROMDATE}\u000d\u000a AND "TB_REPORT_CONSTRUC"."DATE_CREATED"<{FUN.ENDDATE})\u000d\u000a AND "TB_REPORT_CONSTRUC"."CALC_TYPE"=5\u000d\u000a AND "TB_REPORT_CONSTRUC"."JOB_ID"={Parameter.JobID}\u000d\u000a AND "TB_REPORT_CONSTRUC"."JOB_ID" = "TB_JOB"."ID"\u000d\u000a ORDER BY "TB_REPORT_CONSTRUC"."ID"'),'638fc8a7-add5-4870-b2e9-7b0e4b4a8b69');
INSERT INTO TB_RPT_SQL_CODE VALUES(2,1,4,unistr('"."F_CLASS_NAME_P2",\u000d\u000a "TB_REPORT_CONSTRUC"."F_CLASS_NAME_P3",\u000d\u000a "TB_REPORT_CONSTRUC"."F_CLASS_NAME_P4",\u000d\u000a "TB_REPORT_CONSTRUC"."CALC_DESCRIPTION",\u000d\u000a round("TB_REPORT_CONSTRUC"."A1",3) A1,\u000d\u000a round("TB_REPORT_CONSTRUC"."A2",3) A2,\u000d\u000a round("TB_REPORT_CONSTRUC"."A3",3) A3,\u000d\u000a round("TB_REPORT_CONSTRUC"."A4",3) A4,\u000d\u000a round("TB_REPORT_CONSTRUC"."A5",3) A5,\u000d\u000a round("TB_REPORT_CONSTRUC"."A6",3) A6,\u000d\u000a "TB_REPORT_CONSTRUC"."VALUE_9",\u000d\u000a "TB_REPORT_CONSTRUC"."VALUE_10",\u000d\u000a "TB_REPORT_CONSTRUC"."ID",\u000d\u000a "TB_REPORT_CONSTRUC"."DATE_CREATED", "TB_REPORT_CONSTRUC"."CALC_TYPE", "TB_REPORT_CONSTRUC"."JOB_ID"\u000d\u000a FROM   "TB_REPORT_CONSTRUC" "TB_REPORT_CONSTRUC", "TB_JOB" "TB_JOB"\u000d\u000a WHERE  ("TB_REPORT_CONSTRUC"."DATE_CREATED">={FUN.FROMDATE}\u000d\u000a AND "TB_REPORT_CONSTRUC"."DATE_CREATED"<{FUN.ENDDATE})\u000d\u000a AND "TB_REPORT_CONSTRUC"."CALC_TYPE"=1\u000d\u000a AND "TB_REPORT_CONSTRUC"."JOB_ID"={Parameter.JobID}\u000d\u000a AND "TB_REPORT_CONSTRUC"."JOB_ID" = "TB_JOB"."ID"\u000d\u000aORDER BY "TB_REPORT_CONSTRUC"."ID"'),'a38581ba-3724-4359-b77d-5cea3464b969');
INSERT INTO TB_RPT_SQL_CODE VALUES(3,1,4,unistr('"VALUE_10",\u000d\u000a "TB_REPORT_CONSTRUC"."DATE_CREATED",\u000d\u000a "TB_REPORT_CONSTRUC"."CALC_TYPE",\u000d\u000a "TB_REPORT_CONSTRUC"."JOB_ID",\u000d\u000a "TB_REPORT_CONSTRUC"."ID"\u000d\u000a FROM  "TB_REPORT_CONSTRUC" "TB_REPORT_CONSTRUC", "TB_JOB" "TB_JOB"\u000d\u000a WHERE ("TB_REPORT_CONSTRUC"."DATE_CREATED">={FUN.FROMDATE}\u000d\u000a AND "TB_REPORT_CONSTRUC"."DATE_CREATED"<{FUN.ENDDATE})\u000d\u000a AND "TB_REPORT_CONSTRUC"."CALC_TYPE"=2\u000d\u000a AND "TB_REPORT_CONSTRUC"."JOB_ID"={Parameter.JobID}\u000d\u000a AND "TB_REPORT_CONSTRUC"."JOB_ID" = "TB_JOB"."ID"\u000d\u000a ORDER BY "TB_REPORT_CONSTRUC"."ID"'),'5f05aaca-99d9-47ad-8444-6fb14f5c9c60');
INSERT INTO TB_RPT_SQL_CODE VALUES(4,1,4,unistr('RT_CONSTRUC"."JOB_ID",\u000d\u000a "TB_REPORT_CONSTRUC"."ID"\u000d\u000a FROM  "TB_REPORT_CONSTRUC" "TB_REPORT_CONSTRUC", "TB_JOB" "TB_JOB"\u000d\u000a WHERE ("TB_REPORT_CONSTRUC"."DATE_CREATED">={FUN.FROMDATE}\u000d\u000a AND "TB_REPORT_CONSTRUC"."DATE_CREATED"<{FUN.ENDDATE})\u000d\u000a AND "TB_REPORT_CONSTRUC"."CALC_TYPE"=3\u000d\u000a AND "TB_REPORT_CONSTRUC"."JOB_ID"={Parameter.JobID}\u000d\u000a AND "TB_REPORT_CONSTRUC"."JOB_ID" = "TB_JOB"."ID"\u000d\u000a ORDER BY "TB_REPORT_CONSTRUC"."ID"\u000d\u000a'),'2a6876dd-062a-49fc-ad50-c7e2f1c1cc33');
INSERT INTO TB_RPT_SQL_CODE VALUES(5,1,4,unistr('A1",3) A1,\u000d\u000a round("TB_REPORT_CONSTRUC"."A2",3) A2,\u000d\u000a round("TB_REPORT_CONSTRUC"."A4",3) A4,\u000d\u000a round("TB_REPORT_CONSTRUC"."A5",3) A5,\u000d\u000a round("TB_REPORT_CONSTRUC"."A6",3) A6,\u000d\u000a "TB_REPORT_CONSTRUC"."VALUE_9",\u000d\u000a "TB_REPORT_CONSTRUC"."VALUE_10",\u000d\u000a "TB_REPORT_CONSTRUC"."DATE_CREATED",\u000d\u000a "TB_REPORT_CONSTRUC"."CALC_TYPE",\u000d\u000a "TB_REPORT_CONSTRUC"."JOB_ID",\u000d\u000a "TB_REPORT_CONSTRUC"."ID"\u000d\u000a FROM  "TB_REPORT_CONSTRUC" "TB_REPORT_CONSTRUC", "TB_JOB" "TB_JOB"\u000d\u000a WHERE ("TB_REPORT_CONSTRUC"."DATE_CREATED">={FUN.FROMDATE}\u000d\u000a AND "TB_REPORT_CONSTRUC"."DATE_CREATED"<{FUN.ENDDATE})\u000d\u000a AND "TB_REPORT_CONSTRUC"."CALC_TYPE"=4\u000d\u000a AND "TB_REPORT_CONSTRUC"."JOB_ID"={Parameter.JobID}\u000d\u000a AND "TB_REPORT_CONSTRUC"."JOB_ID" = "TB_JOB"."ID"\u000d\u000a ORDER BY "TB_REPORT_CONSTRUC"."ID"'),'eda0fd0f-8e6c-48e5-8b4a-32df14c6a841');
INSERT INTO TB_RPT_SQL_CODE VALUES(6,1,4,unistr('RT_CONSTRUC" "TB_REPORT_CONSTRUC", "TB_JOB" "TB_JOB"\u000d\u000a WHERE ("TB_REPORT_CONSTRUC"."DATE_CREATED">={FUN.FROMDATE}\u000d\u000a AND "TB_REPORT_CONSTRUC"."DATE_CREATED"<{FUN.ENDDATE})\u000d\u000a AND "TB_REPORT_CONSTRUC"."CALC_TYPE"=5\u000d\u000a AND "TB_REPORT_CONSTRUC"."JOB_ID"={Parameter.JobID}\u000d\u000a AND "TB_REPORT_CONSTRUC"."JOB_ID" = "TB_JOB"."ID"\u000d\u000a ORDER BY "TB_REPORT_CONSTRUC"."ID"'),'34ca9919-d8ad-4ee4-9f15-5d84383b0e07');
INSERT INTO TB_RPT_SQL_CODE VALUES(7,1,4,unistr('PORT_CONSTRUC"."F_CLASS_NAME_P3",\u000d\u000a "TB_REPORT_CONSTRUC"."F_CLASS_NAME_P4",\u000d\u000a "TB_REPORT_CONSTRUC"."CALC_DESCRIPTION",\u000d\u000a "TB_REPORT_CONSTRUC"."VALUE_9",\u000d\u000a "TB_REPORT_CONSTRUC"."VALUE_10",\u000d\u000a "TB_REPORT_CONSTRUC"."DATE_CREATED",\u000d\u000a "TB_REPORT_CONSTRUC"."CALC_TYPE",\u000d\u000a "TB_REPORT_CONSTRUC"."JOB_ID",\u000d\u000a "TB_REPORT_CONSTRUC"."ID"\u000d\u000a FROM  "TB_REPORT_CONSTRUC" "TB_REPORT_CONSTRUC", "TB_JOB" "TB_JOB"\u000d\u000a WHERE ("TB_REPORT_CONSTRUC"."DATE_CREATED">={FUN.FROMDATE}\u000d\u000a AND "TB_REPORT_CONSTRUC"."DATE_CREATED"<{FUN.ENDDATE})\u000d\u000a AND "TB_REPORT_CONSTRUC"."CALC_TYPE"=6\u000d\u000a AND "TB_REPORT_CONSTRUC"."JOB_ID"={Parameter.JobID}\u000d\u000a AND "TB_REPORT_CONSTRUC"."JOB_ID" = "TB_JOB"."ID"\u000d\u000a ORDER BY "TB_REPORT_CONSTRUC"."ID"'),'fa6e749e-8ae4-40d5-9aa6-ec3d7da67695');
INSERT INTO TB_RPT_SQL_CODE VALUES(8,1,4,unistr('NSTRUC"."CALC_TYPE"=7  \u000d\u000aAND "TB_REPORT_CONSTRUC"."JOB_ID" = "TB_JOB"."ID"  \u000d\u000aAND "TB_REPORT_CONSTRUC"."P0" = {P0}\u000d\u000aAND "TB_REPORT_CONSTRUC"."X2" is not null\u000d\u000aunion\u000d\u000aSELECT "TB_JOB"."NAME",  \u000d\u000a{FUN.common_to_char("TB_REPORT_CONSTRUC"."X3",''999999D000'')} X, {FUN.common_to_char("TB_REPORT_CONSTRUC"."Y3",''999999D000'')} Y,  "TB_REPORT_CONSTRUC"."P3" P,   "TB_REPORT_CONSTRUC"."F_CLASS_NAME_P3" F_CLASS_NAME_P,\u000d\u000a("TB_REPORT_CONSTRUC"."ID" * 4 + 2) SORT_COLUMN\u000d\u000aFROM   "TB_REPORT_CONSTRUC" "TB_REPORT_CONSTRUC", "TB_JOB" "TB_JOB"\u000d\u000aWHERE  "TB_REPORT_CONSTRUC"."CALC_TYPE"=7  \u000d\u000aAND "TB_REPORT_CONSTRUC"."JOB_ID" = "TB_JOB"."ID"  \u000d\u000aAND "TB_REPORT_CONSTRUC"."P0" = {P0}\u000d\u000aAND "TB_REPORT_CONSTRUC"."X3" is not null\u000d\u000aunion\u000d\u000aSELECT "TB_JOB"."NAME",  \u000d\u000a{FUN.common_to_char("TB_REPORT_CONSTRUC"."X4",''999999D000'')} X, {FUN.common_to_char("TB_REPORT_CONSTRUC"."Y4",''999999D000'')} Y,  "TB_REPORT_CONSTRUC"."P4" P,   "TB_REPORT_CONSTRUC"."F_CLASS_NAME_P4" F_CLASS_NAME_P,\u000d\u000a("TB_REPORT_CONSTRUC"."ID" * 4 + 3) SORT_COLUMN\u000d\u000aFROM   "TB_R'),'9871d89c-4a64-4c0e-be17-bf851ae763ed');
INSERT INTO TB_RPT_SQL_CODE VALUES(9,2,4,unistr('EPORT_CONSTRUC" "TB_REPORT_CONSTRUC", "TB_JOB" "TB_JOB"\u000d\u000aWHERE  "TB_REPORT_CONSTRUC"."CALC_TYPE"=7  \u000d\u000aAND "TB_REPORT_CONSTRUC"."JOB_ID" = "TB_JOB"."ID"  \u000d\u000aAND "TB_REPORT_CONSTRUC"."P0" = {P0}\u000d\u000aAND "TB_REPORT_CONSTRUC"."X4" is not null\u000d\u000a)\u000d\u000aorder by SORT_COLUMN\u000d\u000a)'),'9871d89c-4a64-4c0e-be17-bf851ae763ed');
INSERT INTO TB_RPT_SQL_CODE VALUES(10,1,4,unistr('S_NAME_P,   {FUN.common_to_char("TB_REPORT_CONSTRUC"."A2",''999D0000'')} A,\u000d\u000a("TB_REPORT_CONSTRUC"."ID" * 4 + 1) SORT_COLUMN\u000d\u000aFROM   "TB_REPORT_CONSTRUC" "TB_REPORT_CONSTRUC", "TB_JOB" "TB_JOB"\u000d\u000aWHERE  "TB_REPORT_CONSTRUC"."CALC_TYPE"=8  \u000d\u000aAND "TB_REPORT_CONSTRUC"."JOB_ID" = "TB_JOB"."ID" \u000d\u000aAND "TB_REPORT_CONSTRUC"."P0" = {P0} \u000d\u000aAND "TB_REPORT_CONSTRUC"."X2" is not null\u000d\u000aunion\u000d\u000aSELECT "TB_JOB"."NAME",\u000d\u000a{FUN.common_to_char("TB_REPORT_CONSTRUC"."X3",''999999D000'')} X, {FUN.common_to_char("TB_REPORT_CONSTRUC"."Y3",''999999D000'')} Y,  round("TB_REPORT_CONSTRUC"."A5",3) R,  "TB_REPORT_CONSTRUC"."P3" P,   "TB_REPORT_CONSTRUC"."F_CLASS_NAME_P3" F_CLASS_NAME_P,   {FUN.common_to_char("TB_REPORT_CONSTRUC"."A3",''999D0000'')} A,\u000d\u000a("TB_REPORT_CONSTRUC"."ID" * 4 + 2) SORT_COLUMN\u000d\u000aFROM   "TB_REPORT_CONSTRUC" "TB_REPORT_CONSTRUC", "TB_JOB" "TB_JOB"\u000d\u000aWHERE  "TB_REPORT_CONSTRUC"."CALC_TYPE"=8  \u000d\u000aAND "TB_REPORT_CONSTRUC"."JOB_ID" = "TB_JOB"."ID"  \u000d\u000aAND "TB_REPORT_CONSTRUC"."P0" = {P0}\u000d\u000aAND "TB_REPORT_CONSTRUC"."X3" is not n'),'458afd49-bc7e-4268-b108-79884f09eafe');
INSERT INTO TB_RPT_SQL_CODE VALUES(11,2,4,unistr('ull\u000d\u000aunion\u000d\u000aSELECT "TB_JOB"."NAME",\u000d\u000a{FUN.common_to_char("TB_REPORT_CONSTRUC"."X4",''999999D000'')} X, {FUN.common_to_char("TB_REPORT_CONSTRUC"."Y4",''999999D000'')} Y,  round("TB_REPORT_CONSTRUC"."A6",3) R,  "TB_REPORT_CONSTRUC"."P4" P,   "TB_REPORT_CONSTRUC"."F_CLASS_NAME_P4" F_CLASS_NAME_P,   {FUN.common_to_char("TB_REPORT_CONSTRUC"."A4",''999D0000'')} A,\u000d\u000a("TB_REPORT_CONSTRUC"."ID" * 4 + 3) SORT_COLUMN\u000d\u000aFROM   "TB_REPORT_CONSTRUC" "TB_REPORT_CONSTRUC", "TB_JOB" "TB_JOB"\u000d\u000aWHERE  "TB_REPORT_CONSTRUC"."CALC_TYPE"=8  \u000d\u000aAND "TB_REPORT_CONSTRUC"."JOB_ID" = "TB_JOB"."ID"  \u000d\u000aAND "TB_REPORT_CONSTRUC"."P0" = {P0}\u000d\u000aAND "TB_REPORT_CONSTRUC"."X4" is not null\u000d\u000a)\u000d\u000aorder by SORT_COLUMN\u000d\u000a)'),'458afd49-bc7e-4268-b108-79884f09eafe');
INSERT INTO TB_RPT_SQL_CODE VALUES(12,1,5,unistr('C"."F_CLASS_NAME_P2",\u000d\u000a "TB_REPORT_CONSTRUC"."F_CLASS_NAME_P3",\u000d\u000a "TB_REPORT_CONSTRUC"."F_CLASS_NAME_P4",\u000d\u000a "TB_REPORT_CONSTRUC"."CALC_DESCRIPTION",\u000d\u000a round("TB_REPORT_CONSTRUC"."A1",3) A1,\u000d\u000a round("TB_REPORT_CONSTRUC"."A2",3) A2,\u000d\u000a round("TB_REPORT_CONSTRUC"."A3",3) A3,\u000d\u000a round("TB_REPORT_CONSTRUC"."A4",3) A4,\u000d\u000a round("TB_REPORT_CONSTRUC"."A5",3) A5,\u000d\u000a round("TB_REPORT_CONSTRUC"."A6",3) A6,\u000d\u000a "TB_REPORT_CONSTRUC"."VALUE_9",\u000d\u000a "TB_REPORT_CONSTRUC"."VALUE_10",\u000d\u000a "TB_REPORT_CONSTRUC"."ID",\u000d\u000a "TB_REPORT_CONSTRUC"."DATE_CREATED", "TB_REPORT_CONSTRUC"."CALC_TYPE", "TB_REPORT_CONSTRUC"."JOB_ID"\u000d\u000a FROM   "TB_REPORT_CONSTRUC" "TB_REPORT_CONSTRUC", "TB_JOB" "TB_JOB"\u000d\u000a WHERE  ("TB_REPORT_CONSTRUC"."DATE_CREATED">={FUN.FROMDATE}\u000d\u000a AND "TB_REPORT_CONSTRUC"."DATE_CREATED"<{FUN.ENDDATE})\u000d\u000a AND "TB_REPORT_CONSTRUC"."CALC_TYPE"=1 AND "TB_REPORT_CONSTRUC"."JOB_ID"={Parameter.JobID}\u000d\u000a AND "TB_REPORT_CONSTRUC"."JOB_ID" = "TB_JOB"."ID"\u000d\u000aORDER BY "TB_REPORT_CONSTRUC"."ID"'),'9828fc38-3fd2-4137-90e0-333291abb10f');
INSERT INTO TB_RPT_SQL_CODE VALUES(13,1,6,unistr('A1",3) A1,\u000d\u000a round("TB_REPORT_CONSTRUC"."A2",3) A2,\u000d\u000a round("TB_REPORT_CONSTRUC"."A4",3) A4,\u000d\u000a round("TB_REPORT_CONSTRUC"."A5",3) A5,\u000d\u000a round("TB_REPORT_CONSTRUC"."A6",3) A6,\u000d\u000a "TB_REPORT_CONSTRUC"."VALUE_9",\u000d\u000a "TB_REPORT_CONSTRUC"."VALUE_10",\u000d\u000a "TB_REPORT_CONSTRUC"."DATE_CREATED",\u000d\u000a "TB_REPORT_CONSTRUC"."CALC_TYPE",\u000d\u000a "TB_REPORT_CONSTRUC"."JOB_ID",\u000d\u000a "TB_REPORT_CONSTRUC"."ID"\u000d\u000a FROM  "TB_REPORT_CONSTRUC" "TB_REPORT_CONSTRUC", "TB_JOB" "TB_JOB"\u000d\u000a WHERE ("TB_REPORT_CONSTRUC"."DATE_CREATED">={FUN.FROMDATE}\u000d\u000a AND "TB_REPORT_CONSTRUC"."DATE_CREATED"<{FUN.ENDDATE})\u000d\u000a AND "TB_REPORT_CONSTRUC"."CALC_TYPE"=4\u000d\u000a AND "TB_REPORT_CONSTRUC"."JOB_ID"={Parameter.JobID}\u000d\u000a AND "TB_REPORT_CONSTRUC"."JOB_ID" = "TB_JOB"."ID"\u000d\u000a ORDER BY "TB_REPORT_CONSTRUC"."ID"'),'b0c5897d-369b-42a8-9324-5b6378ec7df1');
INSERT INTO TB_RPT_SQL_CODE VALUES(14,1,7,unistr('RT_CONSTRUC"."JOB_ID",\u000d\u000a "TB_REPORT_CONSTRUC"."ID"\u000d\u000a FROM  "TB_REPORT_CONSTRUC" "TB_REPORT_CONSTRUC", "TB_JOB" "TB_JOB"\u000d\u000a WHERE ("TB_REPORT_CONSTRUC"."DATE_CREATED">={FUN.FROMDATE}\u000d\u000a AND "TB_REPORT_CONSTRUC"."DATE_CREATED"<{FUN.ENDDATE})\u000d\u000a AND "TB_REPORT_CONSTRUC"."CALC_TYPE"=3\u000d\u000a AND "TB_REPORT_CONSTRUC"."JOB_ID"={Parameter.JobID}\u000d\u000a AND "TB_REPORT_CONSTRUC"."JOB_ID" = "TB_JOB"."ID"\u000d\u000a ORDER BY "TB_REPORT_CONSTRUC"."ID"'),'899bae58-7ccd-4047-9c29-e6656957e99f');
INSERT INTO TB_RPT_SQL_CODE VALUES(15,1,8,unistr('0",\u000d\u000a "TB_REPORT_CONSTRUC"."DATE_CREATED",\u000d\u000a "TB_REPORT_CONSTRUC"."CALC_TYPE",\u000d\u000a "TB_REPORT_CONSTRUC"."JOB_ID",\u000d\u000a "TB_REPORT_CONSTRUC"."ID"\u000d\u000a FROM  "TB_REPORT_CONSTRUC" "TB_REPORT_CONSTRUC", "TB_JOB" "TB_JOB"\u000d\u000a WHERE ("TB_REPORT_CONSTRUC"."DATE_CREATED">={FUN.FROMDATE}\u000d\u000a AND "TB_REPORT_CONSTRUC"."DATE_CREATED"<{FUN.ENDDATE})\u000d\u000a AND "TB_REPORT_CONSTRUC"."CALC_TYPE"=2\u000d\u000a AND "TB_REPORT_CONSTRUC"."JOB_ID"={Parameter.JobID}\u000d\u000a AND "TB_REPORT_CONSTRUC"."JOB_ID" = "TB_JOB"."ID"\u000d\u000a ORDER BY "TB_REPORT_CONSTRUC"."ID"'),'94fcbc2c-91d1-48b3-a71d-1f5e4558b617');
INSERT INTO TB_RPT_SQL_CODE VALUES(16,1,9,unistr('PORT_CONSTRUC"."F_CLASS_NAME_P3",\u000d\u000a "TB_REPORT_CONSTRUC"."F_CLASS_NAME_P4",\u000d\u000a "TB_REPORT_CONSTRUC"."CALC_DESCRIPTION",\u000d\u000a "TB_REPORT_CONSTRUC"."VALUE_9",\u000d\u000a "TB_REPORT_CONSTRUC"."VALUE_10",\u000d\u000a "TB_REPORT_CONSTRUC"."DATE_CREATED",\u000d\u000a "TB_REPORT_CONSTRUC"."CALC_TYPE",\u000d\u000a "TB_REPORT_CONSTRUC"."JOB_ID",\u000d\u000a "TB_REPORT_CONSTRUC"."ID"\u000d\u000a FROM  "TB_REPORT_CONSTRUC" "TB_REPORT_CONSTRUC", "TB_JOB" "TB_JOB"\u000d\u000a WHERE ("TB_REPORT_CONSTRUC"."DATE_CREATED">={FUN.FROMDATE}\u000d\u000a AND "TB_REPORT_CONSTRUC"."DATE_CREATED"<{FUN.ENDDATE})\u000d\u000a AND "TB_REPORT_CONSTRUC"."CALC_TYPE"=6\u000d\u000a AND "TB_REPORT_CONSTRUC"."JOB_ID"={Parameter.JobID}\u000d\u000a AND "TB_REPORT_CONSTRUC"."JOB_ID" = "TB_JOB"."ID"\u000d\u000a ORDER BY "TB_REPORT_CONSTRUC"."ID"'),'098993ce-24b5-4b0b-8b92-126fcc4bf517');
CREATE TABLE TB_GN_USERGROUP_DIALOG (ID INTEGER PRIMARY KEY not null, DIALOG_ID INTEGER(18), USERGROUP_ID VARCHAR2(40), constraint IDX_GN_USERGDIA_IDTN unique (DIALOG_ID, USERGROUP_ID));
CREATE TABLE TB_RPT_PAGE (ID INTEGER PRIMARY KEY not null, COMMENTARY VARCHAR2(4000), FRAME_HEIGHT INTEGER(10), FRAME_LEFT INTEGER(10), FRAME_TOP INTEGER(10), FRAME_VISIBLE INTEGER(1), FRAME_WIDTH INTEGER(10), HEIGHT INTEGER(10), LEFT INTEGER(10), NAME VARCHAR2(255), ORDER_INDEX INTEGER(10), REPORT_ID INTEGER(10), TOP INTEGER(10), WIDTH INTEGER(10));
INSERT INTO TB_RPT_PAGE VALUES(1,NULL,2600,100,100,0,1800,0,10,NULL,1,1,10,0);
INSERT INTO TB_RPT_PAGE VALUES(2,NULL,2600,100,100,0,1800,0,10,NULL,1,2,10,0);
INSERT INTO TB_RPT_PAGE VALUES(3,NULL,2600,100,100,0,1800,0,10,NULL,1,3,10,0);
INSERT INTO TB_RPT_PAGE VALUES(4,NULL,2600,100,100,0,1800,0,10,NULL,1,4,10,0);
INSERT INTO TB_RPT_PAGE VALUES(5,NULL,2600,100,100,0,1800,0,10,NULL,1,5,10,0);
INSERT INTO TB_RPT_PAGE VALUES(6,NULL,2600,100,100,0,1800,0,10,NULL,1,6,10,0);
INSERT INTO TB_RPT_PAGE VALUES(7,NULL,2600,100,100,0,1800,0,10,NULL,1,7,10,0);
INSERT INTO TB_RPT_PAGE VALUES(8,NULL,2600,100,100,0,1800,0,10,NULL,1,8,10,0);
INSERT INTO TB_RPT_PAGE VALUES(9,NULL,2600,100,100,0,1800,0,10,NULL,1,9,10,0);
CREATE TABLE TB_GN_DIALOG_HIGHLIGHT (ID INTEGER PRIMARY KEY not null, DIALOG_ID INTEGER(18), HIGHLIGHT_FEATURECLASS VARCHAR2(255), HIGHLIGHT_FILTER VARCHAR2(255));
CREATE TABLE TB_GN_DIALOG_BAR_ITEM (ID VARCHAR2(40) not null, CAPTION VARCHAR2(255), NAME VARCHAR2(255), PARENT_NAME VARCHAR2(255), PICTUREFILE VARCHAR2(255), constraint TB_GN_DIALOG_BAR_ITEM_P primary key (ID));
CREATE TABLE TB_RPT_CHART (ID INTEGER PRIMARY KEY not null, CONTROL_ID INTEGER(18), ORDER_INDEX INTEGER(10), TEMPLATE_DATA VARCHAR2(4000));
CREATE TABLE TB_RPT_CONTROL (ID INTEGER PRIMARY KEY not null, BACK_COLOR VARCHAR2(50), CONTENT VARCHAR2(4000), CONTENT_TYPE INTEGER(3), DYNAMICMULTILINE INTEGER(1), FONT_BOLD INTEGER(1), FONT_ITALIC INTEGER(1), FONT_NAME VARCHAR2(255), FONT_NAME_PDF VARCHAR2(255), FONT_SIZE INTEGER(3), FONT_STRIKEOUT INTEGER(1), FONT_UNDERLINED INTEGER(1), FORE_COLOR VARCHAR2(50), FORMAT VARCHAR2(255), HEIGHT INTEGER(10), HORIZONTALALIGN INTEGER(2), LEFT INTEGER(10), LOCKED INTEGER(1), PRIORITY INTEGER(10), STYLE INTEGER(5), SUPPRESS VARCHAR2(255), SUPPRESSDUPLICATES INTEGER(1), TOP INTEGER(10), TRANSLATE INTEGER(1), VERTICALALIGN INTEGER(2), VERTICALAUTOHEIGHT INTEGER(10), WIDTH INTEGER(10), WIDTHASCII INTEGER(10), ZONE_ID INTEGER(18), WORDWRAP INTEGER(1));
INSERT INTO TB_RPT_CONTROL VALUES(1,NULL,NULL,1,0,0,0,NULL,NULL,2,0,0,NULL,NULL,25,0,70,1,2,0,NULL,NULL,180,0,0,0,1930,0,2,NULL);
INSERT INTO TB_RPT_CONTROL VALUES(2,NULL,'Document.gif',2,0,0,0,NULL,NULL,0,0,0,NULL,NULL,58,0,90,1,2,0,NULL,NULL,100,0,0,0,58,0,2,NULL);
INSERT INTO TB_RPT_CONTROL VALUES(3,NULL,'{Fun.Getusername}',0,0,0,0,'Arial','Arial',10,0,0,'Black',NULL,58,0,165,1,2,0,NULL,0,105,0,0,0,500,0,2,0);
INSERT INTO TB_RPT_CONTROL VALUES(4,NULL,'{Fun.Workspacename}',0,0,0,0,'Arial','Arial',10,0,0,'Black',NULL,58,0,165,1,2,0,NULL,0,20,0,0,0,500,0,2,0);
INSERT INTO TB_RPT_CONTROL VALUES(5,NULL,'User.gif',2,0,0,0,NULL,NULL,0,0,0,NULL,NULL,58,0,90,1,2,0,NULL,NULL,15,0,0,0,58,0,2,NULL);
INSERT INTO TB_RPT_CONTROL VALUES(6,NULL,'ReportBackgroundMagenta.gif',2,0,0,0,NULL,NULL,0,0,0,NULL,NULL,180,0,70,1,0,0,NULL,NULL,0,0,0,0,1930,0,2,NULL);
INSERT INTO TB_RPT_CONTROL VALUES(7,NULL,'Job Name:',0,0,1,0,'Arial','Arial',10,0,0,'Black',NULL,58,0,165,1,0,0,NULL,0,80,0,0,0,280,0,3,0);
INSERT INTO TB_RPT_CONTROL VALUES(8,NULL,'Date Created:',0,0,0,0,'Arial','Arial',10,0,0,'Black',NULL,58,0,1175,1,0,0,NULL,0,80,0,0,0,350,0,3,0);
INSERT INTO TB_RPT_CONTROL VALUES(9,NULL,'Calculation Type:',0,0,0,0,'Arial','Arial',10,0,0,'Black',NULL,58,0,1175,1,0,0,NULL,0,150,0,0,0,350,0,3,0);
INSERT INTO TB_RPT_CONTROL VALUES(10,NULL,'Job ID:',0,0,1,0,'Arial','Arial',10,0,0,'Black',NULL,58,0,165,1,0,0,NULL,0,150,0,0,0,280,0,3,0);
INSERT INTO TB_RPT_CONTROL VALUES(11,NULL,NULL,1,0,0,0,NULL,NULL,1,0,0,NULL,NULL,25,0,70,1,0,0,NULL,NULL,220,0,0,0,1930,0,3,NULL);
INSERT INTO TB_RPT_CONTROL VALUES(12,NULL,'Radius',0,0,1,0,'Arial','Arial',10,0,0,'Black',NULL,58,0,1740,1,0,0,NULL,0,540,0,0,0,200,0,3,0);
INSERT INTO TB_RPT_CONTROL VALUES(13,NULL,'Tangent',0,0,0,0,'Arial','Arial',10,0,0,'Black',NULL,58,0,110,1,0,0,NULL,0,750,0,0,0,285,0,3,0);
INSERT INTO TB_RPT_CONTROL VALUES(14,NULL,'Point 1',0,0,0,0,'Arial','Arial',10,0,0,'Black',NULL,58,0,110,1,0,0,NULL,0,610,0,0,0,285,0,3,0);
INSERT INTO TB_RPT_CONTROL VALUES(15,NULL,'Point 2',0,0,0,0,'Arial','Arial',10,0,0,'Black',NULL,58,0,110,1,0,0,NULL,0,680,0,0,0,285,0,3,0);
INSERT INTO TB_RPT_CONTROL VALUES(16,NULL,'INTERSECTION',0,0,0,0,'Arial','Arial',10,0,0,'Black',NULL,58,0,110,1,0,0,NULL,0,360,0,0,0,285,0,3,0);
INSERT INTO TB_RPT_CONTROL VALUES(17,NULL,'Sense of rotation:',0,0,0,1,'Arial','Arial',10,0,0,'Black',NULL,58,0,420,1,0,0,NULL,0,450,0,0,0,470,0,3,0);
INSERT INTO TB_RPT_CONTROL VALUES(18,NULL,'Unit:',0,0,0,1,'Arial','Arial',10,0,0,'Black',NULL,58,0,1210,1,0,0,NULL,0,450,0,0,0,225,0,3,0);
INSERT INTO TB_RPT_CONTROL VALUES(19,NULL,'{P2}',0,0,0,0,'Arial','Arial',10,0,0,'Black',NULL,58,0,910,1,0,0,NULL,0,680,0,0,0,260,0,3,0);
INSERT INTO TB_RPT_CONTROL VALUES(20,NULL,'{X1}',0,0,0,0,'Arial','Arial',10,0,0,'Black',NULL,58,0,1210,1,0,0,NULL,0,610,0,0,0,225,0,3,0);
INSERT INTO TB_RPT_CONTROL VALUES(21,NULL,'{Y1}',0,0,0,0,'Arial','Arial',10,0,0,'Black',NULL,58,0,1470,1,0,0,NULL,0,610,0,0,0,225,0,3,0);
INSERT INTO TB_RPT_CONTROL VALUES(22,NULL,'{X2}',0,0,0,0,'Arial','Arial',10,0,0,'Black',NULL,58,0,1210,1,0,0,NULL,0,680,0,0,0,225,0,3,0);
INSERT INTO TB_RPT_CONTROL VALUES(23,NULL,'{Y2}',0,0,0,0,'Arial','Arial',10,0,0,'Black',NULL,58,0,1470,1,0,0,NULL,0,680,0,0,0,225,0,3,0);
INSERT INTO TB_RPT_CONTROL VALUES(24,NULL,'{R1}',0,0,0,0,'Arial','Arial',10,0,0,'Black',NULL,58,0,1740,1,0,0,NULL,0,610,0,0,0,200,0,3,0);
INSERT INTO TB_RPT_CONTROL VALUES(25,NULL,'{P0}',0,0,0,0,'Arial','Arial',10,0,0,'Black',NULL,58,0,910,1,0,0,NULL,0,360,0,0,0,260,0,3,0);
INSERT INTO TB_RPT_CONTROL VALUES(26,NULL,'{X0}',0,0,0,0,'Arial','Arial',10,0,0,'Black',NULL,58,0,1210,1,0,0,NULL,0,360,0,0,0,225,0,3,0);
INSERT INTO TB_RPT_CONTROL VALUES(27,NULL,'{Y0}',0,0,0,0,'Arial','Arial',10,0,0,'Black',NULL,58,0,1470,1,0,0,NULL,0,360,0,0,0,225,0,3,0);
INSERT INTO TB_RPT_CONTROL VALUES(28,NULL,'{P1}',0,0,0,0,'Arial','Arial',10,0,0,'Black',NULL,58,0,910,1,0,0,NULL,0,610,0,0,0,260,0,3,0);
INSERT INTO TB_RPT_CONTROL VALUES(29,NULL,'{F_CLASS_NAME}',0,0,0,0,'Arial','Arial',10,0,0,'Black',NULL,58,0,420,1,0,0,NULL,0,360,0,0,0,470,0,3,0);
INSERT INTO TB_RPT_CONTROL VALUES(30,NULL,'{F_CLASS_NAME_P1}',0,0,0,0,'Arial','Arial',10,0,0,'Black',NULL,58,0,420,1,0,0,NULL,0,610,0,0,0,470,0,3,0);
INSERT INTO TB_RPT_CONTROL VALUES(31,NULL,'{F_CLASS_NAME_P2}',0,0,0,0,'Arial','Arial',10,0,0,'Black',NULL,58,0,420,1,0,0,NULL,0,680,0,0,0,470,0,3,0);
INSERT INTO TB_RPT_CONTROL VALUES(32,NULL,'{R2}',0,0,0,0,'Arial','Arial',10,0,0,'Black',NULL,58,0,1740,1,0,0,NULL,0,680,0,0,0,200,0,3,0);
INSERT INTO TB_RPT_CONTROL VALUES(33,NULL,'{CALC_DESCRIPTION}',0,0,1,0,'Arial','Arial',12,0,0,'Black',NULL,58,0,165,1,0,0,NULL,0,5,0,0,0,760,0,3,0);
INSERT INTO TB_RPT_CONTROL VALUES(34,NULL,'{VALUE_9}',0,0,0,0,'Arial','Arial',10,0,0,'Black',NULL,58,0,910,1,0,0,NULL,0,450,0,0,0,260,0,3,0);
INSERT INTO TB_RPT_CONTROL VALUES(35,NULL,'{VALUE_10}',0,0,0,0,'Arial','Arial',10,0,0,'Black',NULL,58,0,1470,1,0,0,NULL,0,450,0,0,0,225,0,3,0);
INSERT INTO TB_RPT_CONTROL VALUES(36,NULL,'{A5}',0,0,0,0,'Arial','Arial',10,0,0,'Black',NULL,58,0,1740,1,0,0,NULL,0,750,0,0,0,200,0,3,0);
INSERT INTO TB_RPT_CONTROL VALUES(37,NULL,'{DATE_CREATED}',0,0,0,0,'Arial','Arial',10,0,0,'Black',NULL,58,0,1550,1,0,0,NULL,0,80,0,0,0,330,0,3,0);
INSERT INTO TB_RPT_CONTROL VALUES(38,NULL,'{CALC_TYPE}',0,0,0,0,'Arial','Arial',10,0,0,'Black',NULL,58,0,1550,1,0,0,NULL,0,150,0,0,0,330,0,3,0);
INSERT INTO TB_RPT_CONTROL VALUES(39,NULL,'{JOB_ID}',0,0,0,0,'Arial','Arial',10,0,0,'Black',NULL,58,0,460,1,0,0,NULL,0,150,0,0,0,400,0,3,0);
INSERT INTO TB_RPT_CONTROL VALUES(40,NULL,'Name of feature class',0,0,1,0,'Arial','Arial',10,0,0,'Black',NULL,58,0,420,1,0,0,NULL,0,290,0,0,0,470,0,3,0);
INSERT INTO TB_RPT_CONTROL VALUES(41,NULL,'Y',0,0,1,0,'Arial','Arial',10,0,0,'Black',NULL,58,0,1470,1,0,0,NULL,0,290,0,0,0,225,0,3,0);
INSERT INTO TB_RPT_CONTROL VALUES(42,NULL,NULL,1,0,0,0,NULL,NULL,1,0,0,NULL,NULL,25,0,70,1,0,0,NULL,NULL,840,0,0,0,1930,0,3,NULL);
INSERT INTO TB_RPT_CONTROL VALUES(43,NULL,'Feature ID',0,0,1,0,'Arial','Arial',10,0,0,'Black',NULL,58,0,910,1,0,0,NULL,0,290,0,0,0,260,0,3,0);
INSERT INTO TB_RPT_CONTROL VALUES(44,NULL,'X ',0,0,1,0,'Arial','Arial',10,0,0,'Black',NULL,58,0,1210,1,0,0,NULL,0,290,0,0,0,225,0,3,0);
INSERT INTO TB_RPT_CONTROL VALUES(45,NULL,'{NAME}',0,0,0,0,'Arial','Arial',10,0,0,'Black',NULL,58,0,460,1,0,0,NULL,0,80,0,0,0,400,0,3,0);
INSERT INTO TB_RPT_CONTROL VALUES(46,NULL,'Name of feature class',0,0,1,0,'Arial','Arial',10,0,0,'Black',NULL,58,0,420,1,0,0,NULL,0,540,0,0,0,470,0,3,0);
INSERT INTO TB_RPT_CONTROL VALUES(47,NULL,'Feature ID',0,0,1,0,'Arial','Arial',10,0,0,'Black',NULL,58,0,910,1,0,0,NULL,0,540,0,0,0,260,0,3,0);
INSERT INTO TB_RPT_CONTROL VALUES(48,NULL,'X ',0,0,1,0,'Arial','Arial',10,0,0,'Black',NULL,58,0,1210,1,0,0,NULL,0,540,0,0,0,225,0,3,0);
INSERT INTO TB_RPT_CONTROL VALUES(49,NULL,'Y',0,0,1,0,'Arial','Arial',10,0,0,'Black',NULL,58,0,1470,1,0,0,NULL,0,540,0,0,0,225,0,3,0);
INSERT INTO TB_RPT_CONTROL VALUES(50,NULL,'{Report.PrintDate}',0,0,0,0,'Arial','Arial',10,0,0,'Black',NULL,50,0,345,1,0,0,NULL,0,40,0,0,0,203,0,4,0);
INSERT INTO TB_RPT_CONTROL VALUES(51,NULL,'© 2012  Autodesk, Inc.',0,0,0,0,'Arial','Arial',10,0,0,'Black',NULL,50,2,875,1,0,0,NULL,0,40,0,0,0,432,0,4,0);
INSERT INTO TB_RPT_CONTROL VALUES(52,NULL,'Last printed on:',0,0,0,0,'Arial','Arial',10,0,0,'Black',NULL,50,0,70,1,0,0,NULL,0,40,0,0,0,279,0,4,0);
INSERT INTO TB_RPT_CONTROL VALUES(53,NULL,NULL,1,0,0,0,NULL,NULL,1,0,0,NULL,NULL,25,0,70,1,0,0,NULL,NULL,0,0,0,0,1930,0,4,NULL);
INSERT INTO TB_RPT_CONTROL VALUES(54,NULL,'Page {Report.PageIndex} of {Report.PageCount}',0,0,0,0,'Arial','Arial',10,0,0,'Black',NULL,50,1,1500,1,0,0,NULL,0,40,0,0,0,500,0,4,0);
INSERT INTO TB_RPT_CONTROL VALUES(55,NULL,NULL,1,0,0,0,NULL,NULL,2,0,0,NULL,NULL,25,0,70,0,0,0,NULL,NULL,142,0,0,0,1930,0,5,NULL);
INSERT INTO TB_RPT_CONTROL VALUES(56,NULL,'Arc Intersection Report',0,0,1,0,'Arial','Arial',14,0,0,'Black',NULL,58,0,70,1,0,0,NULL,0,91,0,0,0,800,0,5,0);
INSERT INTO TB_RPT_CONTROL VALUES(57,NULL,'{Fun.Getusername}',0,0,1,0,'Arial','Arial',12,0,0,'Black',NULL,58,0,875,1,0,0,NULL,0,91,0,1,0,860,0,5,0);
INSERT INTO TB_RPT_CONTROL VALUES(58,NULL,'Adsk_Logo_M_R_Blk.png',2,0,0,0,NULL,NULL,0,0,0,NULL,NULL,58,0,1748,1,0,0,NULL,NULL,91,0,0,0,254,0,5,NULL);
INSERT INTO TB_RPT_CONTROL VALUES(59,NULL,'{POINT_NAME}',0,0,0,0,'Arial','Arial',10,0,0,'Black',NULL,58,0,165,1,0,0,NULL,0,0,0,0,0,300,0,7,0);
INSERT INTO TB_RPT_CONTROL VALUES(60,NULL,'{F_CLASS_NAME_P}',0,0,0,0,'Arial','Arial',10,0,0,'Black',NULL,58,0,525,1,0,0,NULL,0,0,0,0,0,470,0,7,0);
INSERT INTO TB_RPT_CONTROL VALUES(61,NULL,'{P}',0,0,0,0,'Arial','Arial',10,0,0,'Black',NULL,58,0,1015,1,0,0,NULL,0,0,0,0,0,260,0,7,0);
INSERT INTO TB_RPT_CONTROL VALUES(62,NULL,'{X}',0,0,0,0,'Arial','Arial',10,0,0,'Black',NULL,58,0,1335,1,0,0,NULL,0,0,0,0,0,225,0,7,0);
INSERT INTO TB_RPT_CONTROL VALUES(63,NULL,'{Y}',0,0,0,0,'Arial','Arial',10,0,0,'Black',NULL,58,0,1595,1,0,0,NULL,0,0,0,0,0,225,0,7,0);
INSERT INTO TB_RPT_CONTROL VALUES(64,NULL,NULL,1,0,0,0,NULL,NULL,1,0,0,NULL,NULL,25,0,70,1,0,0,NULL,NULL,0,0,0,0,1930,0,8,NULL);
INSERT INTO TB_RPT_CONTROL VALUES(65,NULL,'X ',0,0,1,0,'Arial','Arial',10,0,0,'Black',NULL,58,0,1335,1,0,0,NULL,0,0,0,0,0,225,0,9,0);
INSERT INTO TB_RPT_CONTROL VALUES(66,NULL,'Y',0,0,1,0,'Arial','Arial',10,0,0,'Black',NULL,58,0,1595,1,0,0,NULL,0,0,0,0,0,225,0,9,0);
INSERT INTO TB_RPT_CONTROL VALUES(67,NULL,'Name of feature class',0,0,1,0,'Arial','Arial',10,0,0,'Black',NULL,58,0,525,1,0,0,NULL,0,0,0,0,0,470,0,9,0);
INSERT INTO TB_RPT_CONTROL VALUES(68,NULL,'Feature ID',0,0,1,0,'Arial','Arial',10,0,0,'Black',NULL,58,0,1015,1,0,0,NULL,0,0,0,0,0,260,0,9,0);
INSERT INTO TB_RPT_CONTROL VALUES(69,NULL,NULL,1,0,0,0,NULL,NULL,2,0,0,NULL,NULL,25,0,70,1,0,0,NULL,NULL,142,0,0,0,1930,0,10,NULL);
INSERT INTO TB_RPT_CONTROL VALUES(70,NULL,'Adsk_Logo_M_R_Blk.png',2,0,0,0,NULL,NULL,0,0,0,NULL,NULL,58,0,1747,1,0,0,NULL,NULL,91,0,0,0,254,0,10,NULL);
INSERT INTO TB_RPT_CONTROL VALUES(71,NULL,'Center Report',0,0,1,0,'Arial','Arial',14,0,0,'Black',NULL,58,0,70,1,0,0,NULL,0,91,0,0,0,800,0,10,0);
INSERT INTO TB_RPT_CONTROL VALUES(72,NULL,'{Fun.Getusername}',0,0,1,0,'Arial','Arial',12,0,0,'Black',NULL,58,0,875,1,0,0,NULL,0,91,0,0,0,860,0,10,0);
INSERT INTO TB_RPT_CONTROL VALUES(73,NULL,'© 2012  Autodesk, Inc.',0,0,0,0,'Arial','Arial',10,0,0,'Black',NULL,50,2,875,1,0,0,NULL,0,40,0,0,0,432,0,12,0);
INSERT INTO TB_RPT_CONTROL VALUES(74,NULL,'{Report.PrintDate}',0,0,0,0,'Arial','Arial',10,0,0,'Black',NULL,50,0,345,1,0,0,NULL,0,40,0,0,0,279,0,12,0);
INSERT INTO TB_RPT_CONTROL VALUES(75,NULL,'Page {Report.PageIndex} of {Report.PageCount}',0,0,0,0,'Arial','Arial',10,0,0,'Black',NULL,50,1,1500,1,0,0,NULL,0,40,0,0,0,500,0,12,0);
INSERT INTO TB_RPT_CONTROL VALUES(76,NULL,'Last printed on:',0,0,0,0,'Arial','Arial',10,0,0,'Black',NULL,50,0,70,1,0,0,NULL,0,40,0,0,0,300,0,12,0);
INSERT INTO TB_RPT_CONTROL VALUES(77,NULL,NULL,1,0,0,0,NULL,NULL,1,0,0,NULL,NULL,25,0,70,1,0,0,NULL,NULL,0,0,0,0,1930,0,12,NULL);
INSERT INTO TB_RPT_CONTROL VALUES(78,NULL,NULL,1,0,0,0,NULL,NULL,2,0,0,NULL,NULL,25,0,70,1,2,0,NULL,NULL,180,0,0,0,1930,0,14,NULL);
INSERT INTO TB_RPT_CONTROL VALUES(79,NULL,'{Fun.Workspacename}',0,0,0,0,'Arial','Arial',10,0,0,'Black',NULL,58,0,165,1,2,0,NULL,0,20,0,0,0,500,0,14,0);
INSERT INTO TB_RPT_CONTROL VALUES(80,NULL,'User.gif',2,0,0,0,NULL,NULL,0,0,0,NULL,NULL,58,0,90,1,2,0,NULL,NULL,15,0,0,0,58,0,14,NULL);
INSERT INTO TB_RPT_CONTROL VALUES(81,NULL,'Document.gif',2,0,0,0,NULL,NULL,0,0,0,NULL,NULL,58,0,90,1,2,0,NULL,NULL,100,0,0,0,58,0,14,NULL);
INSERT INTO TB_RPT_CONTROL VALUES(82,NULL,'{Fun.Getusername}',0,0,0,0,'Arial','Arial',10,0,0,'Black',NULL,58,0,165,1,2,0,NULL,0,105,0,0,0,500,0,14,0);
INSERT INTO TB_RPT_CONTROL VALUES(83,NULL,'ReportBackgroundMagenta.gif',2,0,0,0,NULL,NULL,0,0,0,NULL,NULL,180,0,70,1,0,0,NULL,NULL,0,0,0,0,1930,0,14,NULL);
INSERT INTO TB_RPT_CONTROL VALUES(84,NULL,'{VALUE_9}',0,0,0,0,'Arial','Arial',10,0,0,'Black',NULL,58,0,1015,1,0,0,NULL,0,450,0,0,0,260,0,15,0);
INSERT INTO TB_RPT_CONTROL VALUES(85,NULL,'Unit:',0,0,0,1,'Arial','Arial',10,0,0,'Black',NULL,58,0,1335,1,0,0,NULL,0,450,0,0,0,225,0,15,0);
INSERT INTO TB_RPT_CONTROL VALUES(86,NULL,'{VALUE_10}',0,0,0,0,'Arial','Arial',10,0,0,'Black',NULL,58,0,1595,1,0,0,NULL,0,450,0,0,0,225,0,15,0);
INSERT INTO TB_RPT_CONTROL VALUES(87,NULL,'{P0}',0,0,0,0,'Arial','Arial',10,0,0,'Black',NULL,58,0,1015,1,0,0,NULL,0,360,0,0,0,260,0,15,0);
INSERT INTO TB_RPT_CONTROL VALUES(88,NULL,'CONSTRUCTED',0,0,0,0,'Arial','Arial',10,0,0,'Black',NULL,58,0,165,1,0,0,NULL,0,360,0,0,0,300,0,15,0);
INSERT INTO TB_RPT_CONTROL VALUES(89,NULL,'{F_CLASS_NAME}',0,0,0,0,'Arial','Arial',10,0,0,'Black',NULL,58,0,525,1,0,0,NULL,0,360,0,0,0,470,0,15,0);
INSERT INTO TB_RPT_CONTROL VALUES(90,NULL,'{X0}',0,0,0,0,'Arial','Arial',10,0,0,'Black',NULL,58,0,1335,1,0,0,NULL,0,360,0,0,0,225,0,15,0);
INSERT INTO TB_RPT_CONTROL VALUES(91,NULL,'{Y0}',0,0,0,0,'Arial','Arial',10,0,0,'Black',NULL,58,0,1595,1,0,0,NULL,0,360,0,0,0,225,0,15,0);
INSERT INTO TB_RPT_CONTROL VALUES(92,NULL,'Feature ID',0,0,1,0,'Arial','Arial',10,0,0,'Black',NULL,58,0,1015,1,0,0,NULL,0,290,0,0,0,260,0,15,0);
INSERT INTO TB_RPT_CONTROL VALUES(93,NULL,'X ',0,0,1,0,'Arial','Arial',10,0,0,'Black',NULL,58,0,1335,1,0,0,NULL,0,290,0,0,0,225,0,15,0);
INSERT INTO TB_RPT_CONTROL VALUES(94,NULL,'{CALC_DESCRIPTION}',0,0,1,0,'Arial','Arial',12,0,0,'Black',NULL,58,0,165,1,0,0,NULL,0,5,0,0,0,760,0,15,0);
INSERT INTO TB_RPT_CONTROL VALUES(95,NULL,'Job Name:',0,0,1,0,'Arial','Arial',10,0,0,'Black',NULL,58,0,165,1,0,0,NULL,0,80,0,0,0,280,0,15,0);
INSERT INTO TB_RPT_CONTROL VALUES(96,NULL,'ConstructCenter.gif',2,0,0,0,NULL,NULL,0,0,0,NULL,NULL,58,0,90,1,0,0,NULL,NULL,0,0,0,0,58,0,15,NULL);
INSERT INTO TB_RPT_CONTROL VALUES(97,NULL,'POINT',0,0,0,0,'Arial','Arial',10,0,0,'Black',NULL,58,0,165,1,0,0,NULL,0,420,0,0,0,300,0,15,0);
INSERT INTO TB_RPT_CONTROL VALUES(98,NULL,'Name of feature class',0,0,1,0,'Arial','Arial',10,0,0,'Black',NULL,58,0,525,1,0,0,NULL,0,290,0,0,0,470,0,15,0);
INSERT INTO TB_RPT_CONTROL VALUES(99,NULL,'Y',0,0,1,0,'Arial','Arial',10,0,0,'Black',NULL,58,0,1595,1,0,0,NULL,0,290,0,0,0,225,0,15,0);
INSERT INTO TB_RPT_CONTROL VALUES(100,NULL,'Job ID:',0,0,1,0,'Arial','Arial',10,0,0,'Black',NULL,58,0,165,1,0,0,NULL,0,150,0,0,0,280,0,15,0);
INSERT INTO TB_RPT_CONTROL VALUES(101,NULL,'{JOB_ID}',0,0,0,0,'Arial','Arial',10,0,0,'Black',NULL,58,0,460,1,0,0,NULL,0,150,0,0,0,400,0,15,0);
INSERT INTO TB_RPT_CONTROL VALUES(102,NULL,'Date Created:',0,0,0,0,'Arial','Arial',10,0,0,'Black',NULL,58,0,1175,1,0,0,NULL,0,80,0,0,0,350,0,15,0);
INSERT INTO TB_RPT_CONTROL VALUES(103,NULL,'{DATE_CREATED}',0,0,0,0,'Arial','Arial',10,0,0,'Black',NULL,58,0,1550,1,0,0,NULL,0,80,0,0,0,330,0,15,0);
INSERT INTO TB_RPT_CONTROL VALUES(104,NULL,'Calculation Type:',0,0,0,0,'Arial','Arial',10,0,0,'Black',NULL,58,0,1175,1,0,0,NULL,0,150,0,0,0,350,0,15,0);
INSERT INTO TB_RPT_CONTROL VALUES(105,NULL,'{CALC_TYPE}',0,0,0,0,'Arial','Arial',10,0,0,'Black',NULL,58,0,1550,1,0,0,NULL,0,150,0,0,0,330,0,15,0);
INSERT INTO TB_RPT_CONTROL VALUES(106,NULL,'{NAME}',0,0,0,0,'Arial','Arial',10,0,0,'Black',NULL,58,0,460,1,0,0,NULL,0,80,0,0,0,400,0,15,0);
INSERT INTO TB_RPT_CONTROL VALUES(107,NULL,NULL,1,0,0,0,NULL,NULL,1,0,0,NULL,NULL,25,0,70,1,0,0,NULL,NULL,224,0,0,0,1930,0,15,NULL);
INSERT INTO TB_RPT_CONTROL VALUES(108,NULL,'Sense of rotation:',0,0,0,1,'Arial','Arial',10,0,0,'Black',NULL,58,0,525,1,0,0,NULL,0,450,0,0,0,470,0,15,0);
INSERT INTO TB_RPT_CONTROL VALUES(109,NULL,'Name of feature class',0,0,1,0,'Arial','Arial',10,0,0,'Black',NULL,58,0,350,1,0,0,NULL,0,0,0,0,0,400,0,16,0);
INSERT INTO TB_RPT_CONTROL VALUES(110,NULL,'Feature ID',0,0,1,0,'Arial','Arial',10,0,0,'Black',NULL,58,0,765,1,0,0,NULL,0,0,0,0,0,200,0,16,0);
INSERT INTO TB_RPT_CONTROL VALUES(111,NULL,'X ',0,0,1,0,'Arial','Arial',10,0,0,'Black',NULL,58,0,1000,1,0,0,NULL,0,0,0,0,0,225,0,16,0);
INSERT INTO TB_RPT_CONTROL VALUES(112,NULL,'Y',0,0,1,0,'Arial','Arial',10,0,0,'Black',NULL,58,0,1245,1,0,0,NULL,0,0,0,0,0,225,0,16,0);
INSERT INTO TB_RPT_CONTROL VALUES(113,NULL,'Direction',0,0,1,0,'Arial','Arial',10,0,0,'Black',NULL,58,0,1490,1,0,0,NULL,0,0,0,0,0,225,0,16,0);
INSERT INTO TB_RPT_CONTROL VALUES(114,NULL,'Distance',0,0,1,0,'Arial','Arial',10,0,0,'Black',NULL,58,0,1735,1,0,0,NULL,0,0,0,0,0,225,0,16,0);
INSERT INTO TB_RPT_CONTROL VALUES(115,NULL,'{POINT_NAME}',0,0,0,0,'Arial','Arial',10,0,0,'Black',NULL,58,0,140,1,0,0,NULL,0,0,0,0,0,279,0,17,0);
INSERT INTO TB_RPT_CONTROL VALUES(116,NULL,'{F_CLASS_NAME_P}',0,0,0,0,'Arial','Arial',10,0,0,'Black',NULL,58,0,350,1,0,0,NULL,0,0,0,0,0,400,0,17,0);
INSERT INTO TB_RPT_CONTROL VALUES(117,NULL,'{P}',0,0,0,0,'Arial','Arial',10,0,0,'Black',NULL,58,0,765,1,0,0,NULL,0,0,0,0,0,200,0,17,0);
INSERT INTO TB_RPT_CONTROL VALUES(118,NULL,'{X}',0,0,0,0,'Arial','Arial',10,0,0,'Black',NULL,58,0,1000,1,0,0,NULL,0,0,0,0,0,225,0,17,0);
INSERT INTO TB_RPT_CONTROL VALUES(119,NULL,'{Y}',0,0,0,0,'Arial','Arial',10,0,0,'Black',NULL,58,0,1245,1,0,0,NULL,0,0,0,0,0,225,0,17,0);
INSERT INTO TB_RPT_CONTROL VALUES(120,NULL,'{A}',0,0,0,0,'Arial','Arial',10,0,0,'Black',NULL,58,0,1490,1,0,0,NULL,0,0,0,0,0,225,0,17,0);
INSERT INTO TB_RPT_CONTROL VALUES(121,NULL,'{R}',0,0,0,0,'Arial','Arial',10,0,0,'Black',NULL,58,0,1735,1,0,0,NULL,0,0,0,0,0,225,0,17,0);
INSERT INTO TB_RPT_CONTROL VALUES(122,NULL,NULL,1,0,0,0,NULL,NULL,1,0,0,NULL,NULL,25,0,70,1,0,0,NULL,NULL,0,0,0,0,1930,0,18,NULL);
INSERT INTO TB_RPT_CONTROL VALUES(123,NULL,'{CALC_DESCRIPTION}',0,0,1,0,'Arial','Arial',12,0,0,'Black',NULL,58,0,165,1,0,0,NULL,0,10,0,0,0,762,0,21,0);
INSERT INTO TB_RPT_CONTROL VALUES(124,NULL,'Job Name:',0,0,1,0,'Arial','Arial',10,0,0,'Black',NULL,58,0,165,1,0,0,NULL,0,85,0,0,0,280,0,21,0);
INSERT INTO TB_RPT_CONTROL VALUES(125,NULL,'Job ID:',0,0,1,0,'Arial','Arial',10,0,0,'Black',NULL,58,0,165,1,0,0,NULL,0,155,0,0,0,280,0,21,0);
INSERT INTO TB_RPT_CONTROL VALUES(126,NULL,'{JOB_ID}',0,0,0,0,'Arial','Arial',10,0,0,'Black',NULL,58,0,460,1,0,0,NULL,0,155,0,0,0,400,0,21,0);
INSERT INTO TB_RPT_CONTROL VALUES(127,NULL,'Date Created:',0,0,0,0,'Arial','Arial',10,0,0,'Black',NULL,58,0,1200,1,0,0,NULL,0,85,0,0,0,300,0,21,0);
INSERT INTO TB_RPT_CONTROL VALUES(128,NULL,'{DATE_CREATED}',0,0,0,0,'Arial','Arial',10,0,0,'Black',NULL,58,0,1510,1,0,0,NULL,0,85,0,0,0,356,0,21,0);
INSERT INTO TB_RPT_CONTROL VALUES(129,NULL,'Calculation Type:',0,0,0,0,'Arial','Arial',10,0,0,'Black',NULL,58,0,1200,1,0,0,NULL,0,155,0,0,0,300,0,21,0);
INSERT INTO TB_RPT_CONTROL VALUES(130,NULL,'{CALC_TYPE}',0,0,0,0,'Arial','Arial',10,0,0,'Black',NULL,58,0,1510,1,0,0,NULL,0,155,0,0,0,356,0,21,0);
INSERT INTO TB_RPT_CONTROL VALUES(131,NULL,'{NAME}',0,0,0,0,'Arial','Arial',10,0,0,'Black',NULL,58,0,460,1,0,0,NULL,0,85,0,0,0,400,0,21,0);
INSERT INTO TB_RPT_CONTROL VALUES(132,NULL,NULL,1,0,0,0,NULL,NULL,1,0,0,NULL,NULL,25,0,70,1,0,0,NULL,NULL,225,0,0,0,1930,0,21,NULL);
INSERT INTO TB_RPT_CONTROL VALUES(133,NULL,'Sense of rotation:',0,0,0,1,'Arial','Arial',10,0,0,'Black',NULL,58,0,350,1,0,0,NULL,0,450,0,0,0,400,0,21,0);
INSERT INTO TB_RPT_CONTROL VALUES(134,NULL,'{VALUE_9}',0,0,0,0,'Arial','Arial',10,0,0,'Black',NULL,58,0,765,1,0,0,NULL,0,450,0,0,0,200,0,21,0);
INSERT INTO TB_RPT_CONTROL VALUES(135,NULL,'CONSTRUCTED',0,0,0,0,'Arial','Arial',10,0,0,'Black',NULL,58,0,61,1,0,0,NULL,0,360,0,0,0,300,0,21,0);
INSERT INTO TB_RPT_CONTROL VALUES(136,NULL,'{F_CLASS_NAME}',0,0,0,0,'Arial','Arial',10,0,0,'Black',NULL,58,0,350,1,0,0,NULL,0,360,0,0,0,400,0,21,0);
INSERT INTO TB_RPT_CONTROL VALUES(137,NULL,'{P0}',0,0,0,0,'Arial','Arial',10,0,0,'Black',NULL,58,0,765,1,0,0,NULL,0,360,0,0,0,200,0,21,0);
INSERT INTO TB_RPT_CONTROL VALUES(138,NULL,'{X0}',0,0,0,0,'Arial','Arial',10,0,0,'Black',NULL,58,0,1000,1,0,0,NULL,0,360,0,0,0,225,0,21,0);
INSERT INTO TB_RPT_CONTROL VALUES(139,NULL,'{Y0}',0,0,0,0,'Arial','Arial',10,0,0,'Black',NULL,58,0,1245,1,0,0,NULL,0,360,0,0,0,225,0,21,0);
INSERT INTO TB_RPT_CONTROL VALUES(140,NULL,'Name of feature class',0,0,1,0,'Arial','Arial',10,0,0,'Black',NULL,58,0,350,1,0,0,NULL,0,290,0,0,0,400,0,21,0);
INSERT INTO TB_RPT_CONTROL VALUES(141,NULL,'Feature ID',0,0,1,0,'Arial','Arial',10,0,0,'Black',NULL,58,0,765,1,0,0,NULL,0,290,0,0,0,200,0,21,0);
INSERT INTO TB_RPT_CONTROL VALUES(142,NULL,'X ',0,0,1,0,'Arial','Arial',10,0,0,'Black',NULL,58,0,1000,1,0,0,NULL,0,290,0,0,0,225,0,21,0);
INSERT INTO TB_RPT_CONTROL VALUES(143,NULL,'Y',0,0,1,0,'Arial','Arial',10,0,0,'Black',NULL,58,0,1245,1,0,0,NULL,0,290,0,0,0,225,0,21,0);
INSERT INTO TB_RPT_CONTROL VALUES(144,NULL,'POINT',0,0,0,0,'Arial','Arial',10,0,0,'Black',NULL,58,0,61,1,0,0,NULL,0,420,0,0,0,300,0,21,0);
INSERT INTO TB_RPT_CONTROL VALUES(145,NULL,'ConstructFreeStandpoint.gif',2,0,0,0,NULL,NULL,0,0,0,NULL,NULL,58,0,91,0,0,0,NULL,NULL,0,0,0,0,58,0,21,NULL);
INSERT INTO TB_RPT_CONTROL VALUES(146,NULL,'Unit:',0,0,0,1,'Arial','Arial',10,0,0,'Black',NULL,58,0,1000,1,0,0,NULL,0,450,0,0,0,225,0,21,0);
INSERT INTO TB_RPT_CONTROL VALUES(147,NULL,'{VALUE_10}',0,0,0,0,'Arial','Arial',10,0,0,'Black',NULL,58,0,1245,1,0,0,NULL,0,450,0,0,0,225,0,21,0);
INSERT INTO TB_RPT_CONTROL VALUES(148,NULL,NULL,1,0,0,0,NULL,NULL,2,0,0,NULL,NULL,25,0,70,0,0,0,NULL,NULL,142,0,0,0,1930,0,22,NULL);
INSERT INTO TB_RPT_CONTROL VALUES(149,NULL,'Adsk_Logo_M_R_Blk.png',2,0,0,0,NULL,NULL,0,0,0,NULL,NULL,58,0,1747,1,0,0,NULL,NULL,91,0,0,0,254,0,22,NULL);
INSERT INTO TB_RPT_CONTROL VALUES(150,NULL,'Free Standpoint Report',0,0,1,0,'Arial','Arial',14,0,0,'Black',NULL,58,0,70,1,0,0,NULL,0,91,0,0,0,800,0,22,0);
INSERT INTO TB_RPT_CONTROL VALUES(151,NULL,'{Fun.Getusername}',0,0,1,0,'Arial','Arial',12,0,0,'Black',NULL,58,0,875,1,0,0,NULL,0,91,0,0,0,860,0,22,0);
INSERT INTO TB_RPT_CONTROL VALUES(152,NULL,NULL,1,0,0,0,NULL,NULL,2,0,0,NULL,NULL,23,0,70,1,2,0,NULL,NULL,180,0,0,0,1930,0,23,NULL);
INSERT INTO TB_RPT_CONTROL VALUES(153,NULL,'ReportBackgroundMagenta.gif',2,0,0,0,NULL,NULL,0,0,0,NULL,NULL,180,0,70,1,0,0,NULL,NULL,0,0,0,0,1930,0,23,NULL);
INSERT INTO TB_RPT_CONTROL VALUES(154,NULL,'{Fun.Getusername}',0,0,0,0,'Arial','Arial',10,0,0,'Black',NULL,58,0,165,1,2,0,NULL,0,105,0,0,0,500,0,23,0);
INSERT INTO TB_RPT_CONTROL VALUES(155,NULL,'Document.gif',2,0,0,0,NULL,NULL,0,0,0,NULL,NULL,58,0,90,1,2,0,NULL,NULL,100,0,0,0,58,0,23,NULL);
INSERT INTO TB_RPT_CONTROL VALUES(156,NULL,'User.gif',2,0,0,0,NULL,NULL,0,0,0,NULL,NULL,58,0,90,1,2,0,NULL,NULL,15,0,0,0,58,0,23,NULL);
INSERT INTO TB_RPT_CONTROL VALUES(157,NULL,'{Fun.Workspacename}',0,0,0,0,'Arial','Arial',10,0,0,'Black',NULL,58,0,165,1,2,0,NULL,0,20,0,0,0,500,0,23,0);
INSERT INTO TB_RPT_CONTROL VALUES(158,NULL,'© 2012  Autodesk, Inc.',0,0,0,0,'Arial','Arial',10,0,0,'Black',NULL,58,2,875,1,0,0,NULL,0,40,0,0,0,432,0,24,0);
INSERT INTO TB_RPT_CONTROL VALUES(159,NULL,'Page {Report.PageIndex} of {Report.PageCount}',0,0,0,0,'Arial','Arial',10,0,0,'Black',NULL,58,1,1500,1,0,0,NULL,0,40,0,0,0,500,0,24,0);
INSERT INTO TB_RPT_CONTROL VALUES(160,NULL,'{Report.PrintDate}',0,0,0,0,'Arial','Arial',10,0,0,'Black',NULL,58,0,345,1,0,0,NULL,0,40,0,0,0,203,0,24,0);
INSERT INTO TB_RPT_CONTROL VALUES(161,NULL,'Last printed on:',0,0,0,0,'Arial','Arial',10,0,0,'Black',NULL,58,0,70,0,0,0,NULL,0,40,0,0,0,279,0,24,0);
INSERT INTO TB_RPT_CONTROL VALUES(162,NULL,NULL,1,0,0,0,NULL,NULL,1,0,0,NULL,NULL,25,0,70,1,0,0,NULL,NULL,0,0,0,0,1930,0,24,NULL);
INSERT INTO TB_RPT_CONTROL VALUES(163,NULL,'ConstructArcIntersection.gif',2,0,0,0,NULL,NULL,0,0,0,NULL,NULL,58,0,90,1,0,0,NULL,NULL,0,0,0,0,58,0,38,NULL);
INSERT INTO TB_RPT_CONTROL VALUES(164,NULL,'{CALC_DESCRIPTION}',0,0,1,0,'Arial','Arial',12,0,0,'Black',NULL,58,0,165,1,0,0,NULL,0,5,0,0,0,760,0,38,0);
INSERT INTO TB_RPT_CONTROL VALUES(165,NULL,'Job Name:',0,0,1,0,'Arial','Arial',10,0,0,'Black',NULL,58,0,165,1,0,0,NULL,0,85,0,0,0,280,0,38,0);
INSERT INTO TB_RPT_CONTROL VALUES(166,NULL,'Job ID:',0,0,1,0,'Arial','Arial',10,0,0,'Black',NULL,58,0,165,1,0,0,NULL,0,155,0,0,0,280,0,38,0);
INSERT INTO TB_RPT_CONTROL VALUES(167,NULL,'{NAME}',0,0,0,0,'Arial','Arial',10,0,0,'Black',NULL,58,0,460,1,0,0,NULL,0,85,0,0,0,400,0,38,0);
INSERT INTO TB_RPT_CONTROL VALUES(168,NULL,'{JOB_ID}',0,0,0,0,'Arial','Arial',10,0,0,'Black',NULL,58,0,460,1,0,0,NULL,0,155,0,0,0,400,0,38,0);
INSERT INTO TB_RPT_CONTROL VALUES(169,NULL,'Date Created:',0,0,0,0,'Arial','Arial',10,0,0,'Black',NULL,58,0,1200,1,0,0,NULL,0,85,0,0,0,300,0,38,0);
INSERT INTO TB_RPT_CONTROL VALUES(170,NULL,'{DATE_CREATED}',0,0,0,0,'Arial','Arial',10,0,0,'Black',NULL,58,0,1510,1,0,0,NULL,0,85,0,0,0,330,0,38,0);
INSERT INTO TB_RPT_CONTROL VALUES(171,NULL,'{CALC_TYPE}',0,0,0,0,'Arial','Arial',10,0,0,'Black',NULL,58,0,1510,1,0,0,NULL,0,155,0,0,0,330,0,38,0);
INSERT INTO TB_RPT_CONTROL VALUES(172,NULL,'Calculation Type:',0,0,0,0,'Arial','Arial',10,0,0,'Black',NULL,58,0,1200,1,0,0,NULL,0,155,0,0,0,300,0,38,0);
INSERT INTO TB_RPT_CONTROL VALUES(173,NULL,NULL,1,0,0,0,NULL,NULL,1,0,0,NULL,NULL,25,0,70,1,0,0,NULL,NULL,220,0,0,0,1930,0,38,NULL);
INSERT INTO TB_RPT_CONTROL VALUES(174,NULL,'Name of feature class',0,0,1,0,'Arial','Arial',10,0,0,'Black',NULL,58,0,380,1,0,0,NULL,0,280,0,0,0,400,0,38,0);
INSERT INTO TB_RPT_CONTROL VALUES(175,NULL,'{F_CLASS_NAME}',0,0,0,0,'Arial','Arial',10,0,0,'Black',NULL,58,0,380,1,0,0,NULL,0,350,0,0,0,400,0,38,0);
INSERT INTO TB_RPT_CONTROL VALUES(176,NULL,'INTERSECTION:',0,0,0,0,'Arial','Arial',10,0,0,'Black',NULL,58,0,70,1,0,0,NULL,0,350,0,0,0,285,0,38,0);
INSERT INTO TB_RPT_CONTROL VALUES(177,NULL,'{P0}',0,0,0,0,'Arial','Arial',10,0,0,'Black',NULL,58,0,785,1,0,0,NULL,0,350,0,0,0,200,0,38,0);
INSERT INTO TB_RPT_CONTROL VALUES(178,NULL,'Sense of rotation:',0,0,0,1,'Arial','Arial',10,0,0,'Black',NULL,58,0,380,1,0,0,NULL,0,410,0,0,0,400,0,38,0);
INSERT INTO TB_RPT_CONTROL VALUES(179,NULL,'Name of feature class',0,0,1,0,'Arial','Arial',10,0,0,'Black',NULL,58,0,380,1,0,0,NULL,0,500,0,0,0,400,0,38,0);
INSERT INTO TB_RPT_CONTROL VALUES(180,NULL,'Feature ID',0,0,1,0,'Arial','Arial',10,0,0,'Black',NULL,58,0,785,1,0,0,NULL,0,500,0,0,0,200,0,38,0);
INSERT INTO TB_RPT_CONTROL VALUES(181,NULL,'X',0,0,1,0,'Arial','Arial',10,0,0,'Black',NULL,58,0,1000,1,0,0,NULL,0,500,0,0,0,225,0,38,0);
INSERT INTO TB_RPT_CONTROL VALUES(182,NULL,'Y',0,0,1,0,'Arial','Arial',10,0,0,'Black',NULL,58,0,1235,1,0,0,NULL,0,500,0,0,0,225,0,38,0);
INSERT INTO TB_RPT_CONTROL VALUES(183,NULL,'Radius',0,0,1,0,'Arial','Arial',10,0,0,'Black',NULL,58,0,1510,1,0,0,NULL,0,500,0,0,0,180,0,38,0);
INSERT INTO TB_RPT_CONTROL VALUES(184,NULL,'{A5}',0,0,0,0,'Arial','Arial',10,0,0,'Black',NULL,58,0,1510,1,0,0,NULL,0,690,0,0,0,180,0,38,0);
INSERT INTO TB_RPT_CONTROL VALUES(185,NULL,'{R1}',0,0,0,0,'Arial','Arial',10,0,0,'Black',NULL,58,0,1510,1,0,0,NULL,0,570,0,0,0,180,0,38,0);
INSERT INTO TB_RPT_CONTROL VALUES(186,NULL,'{Y1}',0,0,0,0,'Arial','Arial',10,0,0,'Black',NULL,58,0,1235,1,0,0,NULL,0,570,0,0,0,225,0,38,0);
INSERT INTO TB_RPT_CONTROL VALUES(187,NULL,'{X1}',0,0,0,0,'Arial','Arial',10,0,0,'Black',NULL,58,0,1000,1,0,0,NULL,0,570,0,0,0,225,0,38,0);
INSERT INTO TB_RPT_CONTROL VALUES(188,NULL,'{P1}',0,0,0,0,'Arial','Arial',10,0,0,'Black',NULL,58,0,785,1,0,0,NULL,0,570,0,0,0,200,0,38,0);
INSERT INTO TB_RPT_CONTROL VALUES(189,NULL,'{F_CLASS_NAME_P1}',0,0,0,0,'Arial','Arial',10,0,0,'Black',NULL,58,0,380,1,0,0,NULL,0,570,0,0,0,400,0,38,0);
INSERT INTO TB_RPT_CONTROL VALUES(190,NULL,'Point 1',0,0,0,0,'Arial','Arial',10,0,0,'Black',NULL,58,0,70,1,0,0,NULL,0,570,0,0,0,285,0,38,0);
INSERT INTO TB_RPT_CONTROL VALUES(191,NULL,'Point 2',0,0,0,0,'Arial','Arial',10,0,0,'Black',NULL,58,0,70,1,0,0,NULL,0,630,0,0,0,285,0,38,0);
INSERT INTO TB_RPT_CONTROL VALUES(192,NULL,'Tangent',0,0,0,0,'Arial','Arial',10,0,0,'Black',NULL,58,0,70,1,0,0,NULL,0,690,0,0,0,285,0,38,0);
INSERT INTO TB_RPT_CONTROL VALUES(193,NULL,NULL,1,0,0,0,NULL,NULL,1,0,0,NULL,NULL,25,0,70,1,0,0,NULL,NULL,790,0,0,0,1930,0,38,NULL);
INSERT INTO TB_RPT_CONTROL VALUES(194,NULL,'{F_CLASS_NAME_P2}',0,0,0,0,'Arial','Arial',10,0,0,'Black',NULL,58,0,380,1,0,0,NULL,0,630,0,0,0,400,0,38,0);
INSERT INTO TB_RPT_CONTROL VALUES(195,NULL,'{P2}',0,0,0,0,'Arial','Arial',10,0,0,'Black',NULL,58,0,785,1,0,0,NULL,0,630,0,0,0,200,0,38,0);
INSERT INTO TB_RPT_CONTROL VALUES(196,NULL,'{X2}',0,0,0,0,'Arial','Arial',10,0,0,'Black',NULL,58,0,1000,1,0,0,NULL,0,630,0,0,0,225,0,38,0);
INSERT INTO TB_RPT_CONTROL VALUES(197,NULL,'{Y2}',0,0,0,0,'Arial','Arial',10,0,0,'Black',NULL,58,0,1235,1,0,0,NULL,0,630,0,0,0,225,0,38,0);
INSERT INTO TB_RPT_CONTROL VALUES(198,NULL,'{R2}',0,0,0,0,'Arial','Arial',10,0,0,'Black',NULL,58,0,1510,1,0,0,NULL,0,630,0,0,0,180,0,38,0);
INSERT INTO TB_RPT_CONTROL VALUES(199,NULL,'X',0,0,1,0,'Arial','Arial',10,0,0,'Black',NULL,58,0,1000,1,0,0,NULL,0,280,0,0,0,225,0,38,0);
INSERT INTO TB_RPT_CONTROL VALUES(200,NULL,'{X0}',0,0,0,0,'Arial','Arial',10,0,0,'Black',NULL,58,0,1000,1,0,0,NULL,0,350,0,0,0,225,0,38,0);
INSERT INTO TB_RPT_CONTROL VALUES(201,NULL,'{VALUE_9}',0,0,0,0,'Arial','Arial',10,0,0,'Black',NULL,58,0,785,1,0,0,NULL,0,410,0,0,0,200,0,38,0);
INSERT INTO TB_RPT_CONTROL VALUES(202,NULL,'Y',0,0,1,0,'Arial','Arial',10,0,0,'Black',NULL,58,0,1235,1,0,0,NULL,0,280,0,0,0,225,0,38,0);
INSERT INTO TB_RPT_CONTROL VALUES(203,NULL,'{Y0}',0,0,0,0,'Arial','Arial',10,0,0,'Black',NULL,58,0,1235,1,0,0,NULL,0,350,0,0,0,225,0,38,0);
INSERT INTO TB_RPT_CONTROL VALUES(204,NULL,'Unit:',0,0,0,1,'Arial','Arial',10,0,0,'Black',NULL,58,0,1000,1,0,0,NULL,0,410,0,0,0,225,0,38,0);
INSERT INTO TB_RPT_CONTROL VALUES(205,NULL,'{VALUE_10}',0,0,0,0,'Arial','Arial',10,0,0,'Black',NULL,58,0,1235,1,0,0,NULL,0,410,0,0,0,225,0,38,0);
INSERT INTO TB_RPT_CONTROL VALUES(206,NULL,'Feature ID',0,0,1,0,'Arial','Arial',10,0,0,'Black',NULL,58,0,785,1,0,0,NULL,0,280,0,0,0,200,0,38,0);
INSERT INTO TB_RPT_CONTROL VALUES(207,NULL,NULL,1,0,0,0,NULL,NULL,1,0,0,NULL,NULL,25,0,70,1,0,0,NULL,NULL,0,0,0,0,1930,0,39,NULL);
INSERT INTO TB_RPT_CONTROL VALUES(208,NULL,'{CALC_DESCRIPTION}',0,0,1,0,'Arial','Arial',12,0,0,'Black',NULL,58,0,165,1,0,0,NULL,0,5,0,0,0,760,0,30,0);
INSERT INTO TB_RPT_CONTROL VALUES(209,NULL,'Job Name:',0,0,1,0,'Arial','Arial',10,0,0,'Black',NULL,58,0,165,1,0,0,NULL,0,85,0,0,0,280,0,30,0);
INSERT INTO TB_RPT_CONTROL VALUES(210,NULL,'Job ID:',0,0,1,0,'Arial','Arial',10,0,0,'Black',NULL,58,0,165,1,0,0,NULL,0,155,0,0,0,280,0,30,0);
INSERT INTO TB_RPT_CONTROL VALUES(211,NULL,'{NAME}',0,0,1,0,'Arial','Arial',10,0,0,'Black',NULL,58,0,460,1,0,0,NULL,0,85,0,0,0,400,0,30,0);
INSERT INTO TB_RPT_CONTROL VALUES(212,NULL,'{JOB_ID}',0,0,0,0,'Arial','Arial',10,0,0,'Black',NULL,58,0,460,1,0,0,NULL,0,155,0,0,0,400,0,30,0);
INSERT INTO TB_RPT_CONTROL VALUES(213,NULL,'Date Created:',0,0,0,0,'Arial','Arial',10,0,0,'Black',NULL,58,0,1200,1,0,0,NULL,0,85,0,0,0,300,0,30,0);
INSERT INTO TB_RPT_CONTROL VALUES(214,NULL,'{DATE_CREATED}',0,0,0,0,'Arial','Arial',10,0,0,'Black',NULL,58,0,1510,1,0,0,NULL,0,85,0,0,0,330,0,30,0);
INSERT INTO TB_RPT_CONTROL VALUES(215,NULL,'{CALC_TYPE}',0,0,0,0,'Arial','Arial',10,0,0,'Black',NULL,58,0,1510,1,0,0,NULL,0,155,0,0,0,330,0,30,0);
INSERT INTO TB_RPT_CONTROL VALUES(216,NULL,'Calculation Type:',0,0,0,0,'Arial','Arial',10,0,0,'Black',NULL,58,0,1200,1,0,0,NULL,0,155,0,0,0,300,0,30,0);
INSERT INTO TB_RPT_CONTROL VALUES(217,NULL,NULL,1,0,0,0,NULL,NULL,1,0,0,NULL,NULL,25,0,70,1,0,0,NULL,NULL,220,0,0,0,1930,0,30,NULL);
INSERT INTO TB_RPT_CONTROL VALUES(218,NULL,'Name of feature class',0,0,1,0,'Arial','Arial',10,0,0,'Black',NULL,58,0,380,1,0,0,NULL,0,280,0,0,0,400,0,30,0);
INSERT INTO TB_RPT_CONTROL VALUES(219,NULL,'{F_CLASS_NAME}',0,0,0,0,'Arial','Arial',10,0,0,'Black',NULL,58,0,380,1,0,0,NULL,0,350,0,0,0,400,0,30,0);
INSERT INTO TB_RPT_CONTROL VALUES(220,NULL,'CONSTRUCTED',0,0,0,0,'Arial','Arial',10,0,0,'Black',NULL,58,0,70,1,0,0,NULL,0,350,0,0,0,295,0,30,0);
INSERT INTO TB_RPT_CONTROL VALUES(221,NULL,'Feature ID',0,0,1,0,'Arial','Arial',10,0,0,'Black',NULL,58,0,785,1,0,0,NULL,0,280,0,0,0,200,0,30,0);
INSERT INTO TB_RPT_CONTROL VALUES(222,NULL,'{P0}',0,0,0,0,'Arial','Arial',10,0,0,'Black',NULL,58,0,785,1,0,0,NULL,0,350,0,0,0,200,0,30,0);
INSERT INTO TB_RPT_CONTROL VALUES(223,NULL,'Sense of rotation:',0,0,0,1,'Arial','Arial',10,0,0,'Black',NULL,58,0,380,1,0,0,NULL,0,430,0,0,0,400,0,30,0);
INSERT INTO TB_RPT_CONTROL VALUES(224,NULL,'X',0,0,1,0,'Arial','Arial',10,0,0,'Black',NULL,58,0,1000,1,0,0,NULL,0,280,0,0,0,225,0,30,0);
INSERT INTO TB_RPT_CONTROL VALUES(225,NULL,'{X0}',0,0,0,0,'Arial','Arial',10,0,0,'Black',NULL,58,0,1000,1,0,0,NULL,0,350,0,0,0,225,0,30,0);
INSERT INTO TB_RPT_CONTROL VALUES(226,NULL,'{VALUE_9}',0,0,0,0,'Arial','Arial',10,0,0,'Black',NULL,58,0,785,1,0,0,NULL,0,430,0,0,0,200,0,30,0);
INSERT INTO TB_RPT_CONTROL VALUES(227,NULL,'POINT',0,0,0,0,'Arial','Arial',10,0,0,'Black',NULL,58,0,70,1,0,0,NULL,0,410,0,0,0,295,0,30,0);
INSERT INTO TB_RPT_CONTROL VALUES(228,NULL,'ConstructCenter.gif',2,0,0,0,NULL,NULL,0,0,0,NULL,NULL,58,0,90,1,0,0,NULL,NULL,0,0,0,0,58,0,30,NULL);
INSERT INTO TB_RPT_CONTROL VALUES(229,NULL,'{Y0}',0,0,0,0,'Arial','Arial',10,0,0,'Black',NULL,58,0,1235,1,0,0,NULL,0,350,0,0,0,225,0,30,0);
INSERT INTO TB_RPT_CONTROL VALUES(230,NULL,'Unit:',0,0,0,1,'Arial','Arial',10,0,0,'Black',NULL,58,0,1000,1,0,0,NULL,0,430,0,0,0,225,0,30,0);
INSERT INTO TB_RPT_CONTROL VALUES(231,NULL,'{VALUE_10}',0,0,0,0,'Arial','Arial',10,0,0,'Black',NULL,58,0,1235,1,0,0,NULL,0,430,0,0,0,225,0,30,0);
INSERT INTO TB_RPT_CONTROL VALUES(232,NULL,'Y',0,0,1,0,'Arial','Arial',10,0,0,'Black',NULL,58,0,1235,1,0,0,NULL,0,280,0,0,0,225,0,30,0);
INSERT INTO TB_RPT_CONTROL VALUES(233,NULL,'Feature ID',0,0,1,0,'Arial','Arial',10,0,0,'Black',NULL,58,0,785,1,0,0,NULL,0,560,0,0,0,200,0,32,0);
INSERT INTO TB_RPT_CONTROL VALUES(234,NULL,'X',0,0,1,0,'Arial','Arial',10,0,0,'Black',NULL,58,0,1000,1,0,0,NULL,0,560,0,0,0,225,0,32,0);
INSERT INTO TB_RPT_CONTROL VALUES(235,NULL,'ConstructSnapTrim.gif',2,0,0,0,NULL,NULL,0,0,0,NULL,NULL,58,0,90,1,0,0,NULL,NULL,0,0,0,0,58,0,32,NULL);
INSERT INTO TB_RPT_CONTROL VALUES(236,NULL,'{CALC_DESCRIPTION}',0,0,1,0,'Arial','Arial',12,0,0,'Black',NULL,58,0,165,1,0,0,NULL,0,5,0,0,0,760,0,32,0);
INSERT INTO TB_RPT_CONTROL VALUES(237,NULL,'Job Name:',0,0,1,0,'Arial','Arial',10,0,0,'Black',NULL,58,0,165,1,0,0,NULL,0,85,0,0,0,280,0,32,0);
INSERT INTO TB_RPT_CONTROL VALUES(238,NULL,'Job ID:',0,0,1,0,'Arial','Arial',10,0,0,'Black',NULL,58,0,165,1,0,0,NULL,0,155,0,0,0,280,0,32,0);
INSERT INTO TB_RPT_CONTROL VALUES(239,NULL,'{NAME}',0,0,0,0,'Arial','Arial',10,0,0,'Black',NULL,58,0,460,1,0,0,NULL,0,85,0,0,0,400,0,32,0);
INSERT INTO TB_RPT_CONTROL VALUES(240,NULL,'{JOB_ID}',0,0,0,0,'Arial','Arial',10,0,0,'Black',NULL,58,0,460,1,0,0,NULL,0,155,0,0,0,400,0,32,0);
INSERT INTO TB_RPT_CONTROL VALUES(241,NULL,'Date Created:',0,0,0,0,'Arial','Arial',10,0,0,'Black',NULL,58,0,1200,1,0,0,NULL,0,85,0,0,0,300,0,32,0);
INSERT INTO TB_RPT_CONTROL VALUES(242,NULL,'{DATE_CREATED}',0,0,0,0,'Arial','Arial',10,0,0,'Black',NULL,58,0,1510,1,0,0,NULL,0,85,0,0,0,330,0,32,0);
INSERT INTO TB_RPT_CONTROL VALUES(243,NULL,'{CALC_TYPE}',0,0,0,0,'Arial','Arial',10,0,0,'Black',NULL,58,0,1510,1,0,0,NULL,0,155,0,0,0,330,0,32,0);
INSERT INTO TB_RPT_CONTROL VALUES(244,NULL,'Calculation Type:',0,0,0,0,'Arial','Arial',10,0,0,'Black',NULL,58,0,1200,1,0,0,NULL,0,155,0,0,0,300,0,32,0);
INSERT INTO TB_RPT_CONTROL VALUES(245,NULL,NULL,1,0,0,0,NULL,NULL,1,0,0,NULL,NULL,25,0,70,1,0,0,NULL,NULL,220,0,0,0,1930,0,32,NULL);
INSERT INTO TB_RPT_CONTROL VALUES(246,NULL,'Name of feature class',0,0,1,0,'Arial','Arial',10,0,0,'Black',NULL,58,0,380,1,0,0,NULL,0,280,0,0,0,400,0,32,0);
INSERT INTO TB_RPT_CONTROL VALUES(247,NULL,'{F_CLASS_NAME}',0,0,0,0,'Arial','Arial',10,0,0,'Black',NULL,58,0,380,1,0,0,NULL,0,350,0,0,0,400,0,32,0);
INSERT INTO TB_RPT_CONTROL VALUES(248,NULL,'MOVED P',0,0,0,0,'Arial','Arial',10,0,0,'Black',NULL,58,0,70,1,0,0,NULL,0,350,0,0,0,285,0,32,0);
INSERT INTO TB_RPT_CONTROL VALUES(249,NULL,'Feature ID',0,0,1,0,'Arial','Arial',10,0,0,'Black',NULL,58,0,785,1,0,0,NULL,0,280,0,0,0,200,0,32,0);
INSERT INTO TB_RPT_CONTROL VALUES(250,NULL,'{P0}',0,0,0,0,'Arial','Arial',10,0,0,'Black',NULL,58,0,785,1,0,0,NULL,0,350,0,0,0,200,0,32,0);
INSERT INTO TB_RPT_CONTROL VALUES(251,NULL,'Sense of rotation:',0,0,0,1,'Arial','Arial',10,0,0,'Black',NULL,58,0,380,1,0,0,NULL,0,410,0,0,0,400,0,32,0);
INSERT INTO TB_RPT_CONTROL VALUES(252,NULL,'Name of feature class',0,0,1,0,'Arial','Arial',10,0,0,'Black',NULL,58,0,380,1,0,0,NULL,0,560,0,0,0,400,0,32,0);
INSERT INTO TB_RPT_CONTROL VALUES(253,NULL,'Y',0,0,1,0,'Arial','Arial',10,0,0,'Black',NULL,58,0,1235,1,0,0,NULL,0,560,0,0,0,225,0,32,0);
INSERT INTO TB_RPT_CONTROL VALUES(254,NULL,'{DISTANCE}',0,0,0,0,'Arial','Arial',10,0,0,'Black',NULL,58,0,785,1,0,0,NULL,0,470,0,0,0,200,0,32,0);
INSERT INTO TB_RPT_CONTROL VALUES(255,NULL,'{Y1}',0,0,0,0,'Arial','Arial',10,0,0,'Black',NULL,58,0,1235,1,0,0,NULL,0,630,0,0,0,225,0,32,0);
INSERT INTO TB_RPT_CONTROL VALUES(256,NULL,'{X1}',0,0,0,0,'Arial','Arial',10,0,0,'Black',NULL,58,0,1000,1,0,0,NULL,0,630,0,0,0,225,0,32,0);
INSERT INTO TB_RPT_CONTROL VALUES(257,NULL,'{P1}',0,0,0,0,'Arial','Arial',10,0,0,'Black',NULL,58,0,785,1,0,0,NULL,0,630,0,0,0,200,0,32,0);
INSERT INTO TB_RPT_CONTROL VALUES(258,NULL,'{F_CLASS_NAME_P1}',0,0,0,0,'Arial','Arial',10,0,0,'Black',NULL,58,0,380,1,0,0,NULL,0,630,0,0,0,400,0,32,0);
INSERT INTO TB_RPT_CONTROL VALUES(259,NULL,'Difference of:',0,0,0,1,'Arial','Arial',10,0,0,'Black',NULL,58,0,380,1,0,0,NULL,0,470,0,0,0,400,0,32,0);
INSERT INTO TB_RPT_CONTROL VALUES(260,NULL,'Point 1',0,0,0,0,'Arial','Arial',10,0,0,'Black',NULL,58,0,70,1,0,0,NULL,0,630,0,0,0,285,0,32,0);
INSERT INTO TB_RPT_CONTROL VALUES(261,NULL,'Point 2',0,0,0,0,'Arial','Arial',10,0,0,'Black',NULL,58,0,70,1,0,0,NULL,0,690,0,0,0,285,0,32,0);
INSERT INTO TB_RPT_CONTROL VALUES(262,NULL,'Point P',0,0,0,0,'Arial','Arial',10,0,0,'Black',NULL,58,0,70,1,0,0,NULL,0,750,0,0,0,285,0,32,0);
INSERT INTO TB_RPT_CONTROL VALUES(263,NULL,NULL,1,0,0,0,NULL,NULL,1,0,0,NULL,NULL,25,0,70,1,0,0,NULL,NULL,850,0,0,0,1930,0,32,NULL);
INSERT INTO TB_RPT_CONTROL VALUES(264,NULL,'{F_CLASS_NAME_P3}',0,0,0,0,'Arial','Arial',10,0,0,'Black',NULL,58,0,380,1,0,0,NULL,0,750,0,0,0,400,0,32,0);
INSERT INTO TB_RPT_CONTROL VALUES(265,NULL,'{F_CLASS_NAME_P2}',0,0,0,0,'Arial','Arial',10,0,0,'Black',NULL,58,0,380,1,0,0,NULL,0,690,0,0,0,400,0,32,0);
INSERT INTO TB_RPT_CONTROL VALUES(266,NULL,'{P2}',0,0,0,0,'Arial','Arial',10,0,0,'Black',NULL,58,0,785,1,0,0,NULL,0,690,0,0,0,200,0,32,0);
INSERT INTO TB_RPT_CONTROL VALUES(267,NULL,'{X2}',0,0,0,0,'Arial','Arial',10,0,0,'Black',NULL,58,0,1000,1,0,0,NULL,0,690,0,0,0,225,0,32,0);
INSERT INTO TB_RPT_CONTROL VALUES(268,NULL,'{Y2}',0,0,0,0,'Arial','Arial',10,0,0,'Black',NULL,58,0,1235,1,0,0,NULL,0,690,0,0,0,225,0,32,0);
INSERT INTO TB_RPT_CONTROL VALUES(269,NULL,'{Y3}',0,0,0,0,'Arial','Arial',10,0,0,'Black',NULL,58,0,1235,1,0,0,NULL,0,750,0,0,0,225,0,32,0);
INSERT INTO TB_RPT_CONTROL VALUES(270,NULL,'{X3}',0,0,0,0,'Arial','Arial',10,0,0,'Black',NULL,58,0,1000,1,0,0,NULL,0,750,0,0,0,225,0,32,0);
INSERT INTO TB_RPT_CONTROL VALUES(271,NULL,'{P3}',0,0,0,0,'Arial','Arial',10,0,0,'Black',NULL,58,0,785,1,0,0,NULL,0,750,0,0,0,200,0,32,0);
INSERT INTO TB_RPT_CONTROL VALUES(272,NULL,'X',0,0,1,0,'Arial','Arial',10,0,0,'Black',NULL,58,0,1000,1,0,0,NULL,0,280,0,0,0,225,0,32,0);
INSERT INTO TB_RPT_CONTROL VALUES(273,NULL,'{X0}',0,0,0,0,'Arial','Arial',10,0,0,'Black',NULL,58,0,1000,1,0,0,NULL,0,350,0,0,0,225,0,32,0);
INSERT INTO TB_RPT_CONTROL VALUES(274,NULL,'{VALUE_9}',0,0,0,0,'Arial','Arial',10,0,0,'Black',NULL,58,0,785,1,0,0,NULL,0,410,0,0,0,200,0,32,0);
INSERT INTO TB_RPT_CONTROL VALUES(275,NULL,'Y',0,0,1,0,'Arial','Arial',10,0,0,'Black',NULL,58,0,1235,1,0,0,NULL,0,280,0,0,0,225,0,32,0);
INSERT INTO TB_RPT_CONTROL VALUES(276,NULL,'{Y0}',0,0,0,0,'Arial','Arial',10,0,0,'Black',NULL,58,0,1235,1,0,0,NULL,0,350,0,0,0,225,0,32,0);
INSERT INTO TB_RPT_CONTROL VALUES(277,NULL,'Unit:',0,0,0,1,'Arial','Arial',10,0,0,'Black',NULL,58,0,1000,1,0,0,NULL,0,410,0,0,0,225,0,32,0);
INSERT INTO TB_RPT_CONTROL VALUES(278,NULL,'{VALUE_10}',0,0,0,0,'Arial','Arial',10,0,0,'Black',NULL,58,0,1235,1,0,0,NULL,0,410,0,0,0,225,0,32,0);
INSERT INTO TB_RPT_CONTROL VALUES(279,NULL,NULL,1,0,0,0,NULL,NULL,1,0,0,NULL,NULL,25,0,70,1,0,0,NULL,NULL,0,0,0,0,1930,0,33,NULL);
INSERT INTO TB_RPT_CONTROL VALUES(280,NULL,'{DIRECTION}',0,0,0,0,'Arial','Arial',10,0,0,'Black',NULL,58,0,380,1,0,0,NULL,0,750,0,0,0,400,0,35,0);
INSERT INTO TB_RPT_CONTROL VALUES(281,NULL,'{Y1}',0,0,0,0,'Arial','Arial',10,0,0,'Black',NULL,58,0,1235,1,0,0,NULL,0,570,0,0,0,225,0,35,0);
INSERT INTO TB_RPT_CONTROL VALUES(282,NULL,'{X1}',0,0,0,0,'Arial','Arial',10,0,0,'Black',NULL,58,0,1000,1,0,0,NULL,0,570,0,0,0,225,0,35,0);
INSERT INTO TB_RPT_CONTROL VALUES(283,NULL,'{P1}',0,0,0,0,'Arial','Arial',10,0,0,'Black',NULL,58,0,785,1,0,0,NULL,0,570,0,0,0,200,0,35,0);
INSERT INTO TB_RPT_CONTROL VALUES(284,NULL,'{F_CLASS_NAME_P1}',0,0,0,0,'Arial','Arial',10,0,0,'Black',NULL,58,0,380,1,0,0,NULL,0,570,0,0,0,400,0,35,0);
INSERT INTO TB_RPT_CONTROL VALUES(285,NULL,'Point 1',0,0,0,0,'Arial','Arial',10,0,0,'Black',NULL,58,0,70,1,0,0,NULL,0,570,0,0,0,285,0,35,0);
INSERT INTO TB_RPT_CONTROL VALUES(286,NULL,'Point 2',0,0,0,0,'Arial','Arial',10,0,0,'Black',NULL,58,0,70,1,0,0,NULL,0,630,0,0,0,285,0,35,0);
INSERT INTO TB_RPT_CONTROL VALUES(287,NULL,'Angle',0,0,0,0,'Arial','Arial',10,0,0,'Black',NULL,58,0,70,1,0,0,NULL,0,750,0,0,0,285,0,35,0);
INSERT INTO TB_RPT_CONTROL VALUES(288,NULL,'Azimuth',0,0,0,0,'Arial','Arial',10,0,0,'Black',NULL,58,0,70,1,0,0,NULL,0,870,0,0,0,285,0,35,0);
INSERT INTO TB_RPT_CONTROL VALUES(289,NULL,NULL,1,0,0,0,NULL,NULL,1,0,0,NULL,NULL,25,0,70,1,0,0,NULL,NULL,970,0,0,0,1930,0,35,NULL);
INSERT INTO TB_RPT_CONTROL VALUES(290,NULL,'{F_CLASS_NAME_P2}',0,0,0,0,'Arial','Arial',10,0,0,'Black',NULL,58,0,380,1,0,0,NULL,0,630,0,0,0,400,0,35,0);
INSERT INTO TB_RPT_CONTROL VALUES(291,NULL,'{P2}',0,0,0,0,'Arial','Arial',10,0,0,'Black',NULL,58,0,785,1,0,0,NULL,0,630,0,0,0,200,0,35,0);
INSERT INTO TB_RPT_CONTROL VALUES(292,NULL,'{X2}',0,0,0,0,'Arial','Arial',10,0,0,'Black',NULL,58,0,1000,1,0,0,NULL,0,630,0,0,0,225,0,35,0);
INSERT INTO TB_RPT_CONTROL VALUES(293,NULL,'{Y2}',0,0,0,0,'Arial','Arial',10,0,0,'Black',NULL,58,0,1235,1,0,0,NULL,0,630,0,0,0,225,0,35,0);
INSERT INTO TB_RPT_CONTROL VALUES(294,NULL,'{DISTANCE}',0,0,0,0,'Arial','Arial',10,0,0,'Black',NULL,58,0,380,1,0,0,NULL,0,810,0,0,0,400,0,35,0);
INSERT INTO TB_RPT_CONTROL VALUES(295,NULL,'Base angle',0,0,0,0,'Arial','Arial',10,0,0,'Black',NULL,58,0,70,1,0,0,NULL,0,690,0,0,0,285,0,35,0);
INSERT INTO TB_RPT_CONTROL VALUES(296,NULL,'{A6}',0,0,0,0,'Arial','Arial',10,0,0,'Black',NULL,58,0,380,1,0,0,NULL,0,690,0,0,0,400,0,35,0);
INSERT INTO TB_RPT_CONTROL VALUES(297,NULL,'X',0,0,1,0,'Arial','Arial',10,0,0,'Black',NULL,58,0,1000,1,0,0,NULL,0,280,0,0,0,225,0,35,0);
INSERT INTO TB_RPT_CONTROL VALUES(298,NULL,'{X0}',0,0,0,0,'Arial','Arial',10,0,0,'Black',NULL,58,0,1000,1,0,0,NULL,0,350,0,0,0,225,0,35,0);
INSERT INTO TB_RPT_CONTROL VALUES(299,NULL,'{VALUE_9}',0,0,0,0,'Arial','Arial',10,0,0,'Black',NULL,58,0,785,1,0,0,NULL,0,410,0,0,0,200,0,35,0);
INSERT INTO TB_RPT_CONTROL VALUES(300,NULL,'Y',0,0,1,0,'Arial','Arial',10,0,0,'Black',NULL,58,0,1235,1,0,0,NULL,0,280,0,0,0,225,0,35,0);
INSERT INTO TB_RPT_CONTROL VALUES(301,NULL,'{Y0}',0,0,0,0,'Arial','Arial',10,0,0,'Black',NULL,58,0,1235,1,0,0,NULL,0,350,0,0,0,225,0,35,0);
INSERT INTO TB_RPT_CONTROL VALUES(302,NULL,'Unit:',0,0,0,1,'Arial','Arial',10,0,0,'Black',NULL,58,0,1000,1,0,0,NULL,0,410,0,0,0,225,0,35,0);
INSERT INTO TB_RPT_CONTROL VALUES(303,NULL,'{VALUE_10}',0,0,0,0,'Arial','Arial',10,0,0,'Black',NULL,58,0,1235,1,0,0,NULL,0,410,0,0,0,225,0,35,0);
INSERT INTO TB_RPT_CONTROL VALUES(304,NULL,'{CALC_DESCRIPTION}',0,0,1,0,'Arial','Arial',12,0,0,'Black',NULL,58,0,165,1,0,0,NULL,0,5,0,0,0,760,0,35,0);
INSERT INTO TB_RPT_CONTROL VALUES(305,NULL,'Job Name:',0,0,1,0,'Arial','Arial',10,0,0,'Black',NULL,58,0,165,1,0,0,NULL,0,85,0,0,0,280,0,35,0);
INSERT INTO TB_RPT_CONTROL VALUES(306,NULL,'Job ID:',0,0,1,0,'Arial','Arial',10,0,0,'Black',NULL,58,0,165,1,0,0,NULL,0,155,0,0,0,280,0,35,0);
INSERT INTO TB_RPT_CONTROL VALUES(307,NULL,'{NAME}',0,0,0,0,'Arial','Arial',10,0,0,'Black',NULL,58,0,460,1,0,0,NULL,0,85,0,0,0,400,0,35,0);
INSERT INTO TB_RPT_CONTROL VALUES(308,NULL,'{JOB_ID}',0,0,0,0,'Arial','Arial',10,0,0,'Black',NULL,58,0,460,1,0,0,NULL,0,155,0,0,0,400,0,35,0);
INSERT INTO TB_RPT_CONTROL VALUES(309,NULL,'Date Created:',0,0,0,0,'Arial','Arial',10,0,0,'Black',NULL,58,0,1200,1,0,0,NULL,0,85,0,0,0,300,0,35,0);
INSERT INTO TB_RPT_CONTROL VALUES(310,NULL,'{DATE_CREATED}',0,0,0,0,'Arial','Arial',10,0,0,'Black',NULL,58,0,1510,1,0,0,NULL,0,85,0,0,0,330,0,35,0);
INSERT INTO TB_RPT_CONTROL VALUES(311,NULL,'{CALC_TYPE}',0,0,0,0,'Arial','Arial',10,0,0,'Black',NULL,58,0,1510,1,0,0,NULL,0,155,0,0,0,330,0,35,0);
INSERT INTO TB_RPT_CONTROL VALUES(312,NULL,'Calculation Type:',0,0,0,0,'Arial','Arial',10,0,0,'Black',NULL,58,0,1200,1,0,0,NULL,0,155,0,0,0,300,0,35,0);
INSERT INTO TB_RPT_CONTROL VALUES(313,NULL,NULL,1,0,0,0,NULL,NULL,1,0,0,NULL,NULL,25,0,70,1,0,0,NULL,NULL,220,0,0,0,1930,0,35,NULL);
INSERT INTO TB_RPT_CONTROL VALUES(314,NULL,'Name of feature class',0,0,1,0,'Arial','Arial',10,0,0,'Black',NULL,58,0,380,1,0,0,NULL,0,280,0,0,0,400,0,35,0);
INSERT INTO TB_RPT_CONTROL VALUES(315,NULL,'{F_CLASS_NAME}',0,0,0,0,'Arial','Arial',10,0,0,'Black',NULL,58,0,380,1,0,0,NULL,0,350,0,0,0,400,0,35,0);
INSERT INTO TB_RPT_CONTROL VALUES(316,NULL,'POLAR POINT',0,0,0,0,'Arial','Arial',10,0,0,'Black',NULL,58,0,70,1,0,0,NULL,0,350,0,0,0,285,0,35,0);
INSERT INTO TB_RPT_CONTROL VALUES(317,NULL,'Feature ID',0,0,1,0,'Arial','Arial',10,0,0,'Black',NULL,58,0,785,1,0,0,NULL,0,280,0,0,0,200,0,35,0);
INSERT INTO TB_RPT_CONTROL VALUES(318,NULL,'{P0}',0,0,0,0,'Arial','Arial',10,0,0,'Black',NULL,58,0,785,1,0,0,NULL,0,350,0,0,0,200,0,35,0);
INSERT INTO TB_RPT_CONTROL VALUES(319,NULL,'Sense of rotation:',0,0,0,1,'Arial','Arial',10,0,0,'Black',NULL,58,0,380,1,0,0,NULL,0,410,0,0,0,400,0,35,0);
INSERT INTO TB_RPT_CONTROL VALUES(320,NULL,'Name of feature class',0,0,1,0,'Arial','Arial',10,0,0,'Black',NULL,58,0,380,1,0,0,NULL,0,500,0,0,0,400,0,35,0);
INSERT INTO TB_RPT_CONTROL VALUES(321,NULL,'Feature ID',0,0,1,0,'Arial','Arial',10,0,0,'Black',NULL,58,0,785,1,0,0,NULL,0,500,0,0,0,200,0,35,0);
INSERT INTO TB_RPT_CONTROL VALUES(322,NULL,'X',0,0,1,0,'Arial','Arial',10,0,0,'Black',NULL,58,0,1000,1,0,0,NULL,0,500,0,0,0,225,0,35,0);
INSERT INTO TB_RPT_CONTROL VALUES(323,NULL,'Y',0,0,1,0,'Arial','Arial',10,0,0,'Black',NULL,58,0,1235,1,0,0,NULL,0,500,0,0,0,225,0,35,0);
INSERT INTO TB_RPT_CONTROL VALUES(324,NULL,'{A5}',0,0,0,0,'Arial','Arial',10,0,0,'Black',NULL,58,0,380,1,0,0,NULL,0,870,0,0,0,400,0,35,0);
INSERT INTO TB_RPT_CONTROL VALUES(325,NULL,'Distance',0,0,0,0,'Arial','Arial',10,0,0,'Black',NULL,58,0,70,1,0,0,NULL,0,810,0,0,0,285,0,35,0);
INSERT INTO TB_RPT_CONTROL VALUES(326,NULL,'ConstructPolarCalculation.gif',2,0,0,0,NULL,NULL,0,0,0,NULL,NULL,58,0,90,1,0,0,NULL,NULL,0,0,0,0,58,0,35,NULL);
INSERT INTO TB_RPT_CONTROL VALUES(327,NULL,'{Fun.Workspacename}',0,0,0,0,'Arial','Arial',10,0,0,'Black',NULL,58,0,165,1,2,0,NULL,0,20,0,0,0,500,0,53,0);
INSERT INTO TB_RPT_CONTROL VALUES(328,NULL,'ReportBackgroundMagenta.gif',2,0,0,0,NULL,NULL,0,0,0,NULL,NULL,180,0,70,1,0,0,NULL,NULL,0,0,0,0,1930,0,53,NULL);
INSERT INTO TB_RPT_CONTROL VALUES(329,NULL,'User.gif',2,0,0,0,NULL,NULL,0,0,0,NULL,NULL,58,0,90,1,2,0,NULL,NULL,15,0,0,0,58,0,53,NULL);
INSERT INTO TB_RPT_CONTROL VALUES(330,NULL,'Document.gif',2,0,0,0,NULL,NULL,0,0,0,NULL,NULL,58,0,90,1,2,0,NULL,NULL,100,0,0,0,58,0,53,NULL);
INSERT INTO TB_RPT_CONTROL VALUES(331,NULL,'{Fun.Getusername}',0,0,0,0,'Arial','Arial',10,0,0,'Black',NULL,58,0,165,1,2,0,NULL,0,105,0,0,0,500,0,53,0);
INSERT INTO TB_RPT_CONTROL VALUES(332,NULL,NULL,1,0,0,0,NULL,NULL,2,0,0,NULL,NULL,25,0,70,1,2,0,NULL,NULL,180,0,0,0,1930,0,53,NULL);
INSERT INTO TB_RPT_CONTROL VALUES(333,NULL,NULL,1,0,0,0,NULL,NULL,1,0,0,NULL,NULL,25,0,70,1,0,0,NULL,NULL,0,0,0,0,1930,0,48,NULL);
INSERT INTO TB_RPT_CONTROL VALUES(334,NULL,'COGOs General Report',0,0,1,0,'Arial','Arial',14,0,0,'Black',NULL,58,0,70,1,0,0,NULL,0,91,0,0,0,800,0,49,0);
INSERT INTO TB_RPT_CONTROL VALUES(335,NULL,'Adsk_Logo_M_R_Blk.png',2,0,0,0,NULL,NULL,0,0,0,NULL,NULL,58,0,1747,1,0,0,NULL,NULL,91,0,0,0,254,0,49,NULL);
INSERT INTO TB_RPT_CONTROL VALUES(336,NULL,NULL,1,0,0,0,NULL,NULL,2,0,0,NULL,NULL,25,0,70,1,0,0,NULL,NULL,142,0,0,0,1930,0,49,NULL);
INSERT INTO TB_RPT_CONTROL VALUES(337,NULL,'{Fun.Getusername}',0,0,1,0,'Arial','Arial',12,0,0,'Black',NULL,58,0,875,1,0,0,NULL,0,91,0,0,0,860,0,49,0);
INSERT INTO TB_RPT_CONTROL VALUES(338,NULL,'Name of feature class',0,0,1,0,'Arial','Arial',10,0,0,'Black',NULL,58,0,380,1,0,0,NULL,0,0,0,0,0,400,0,43,0);
INSERT INTO TB_RPT_CONTROL VALUES(339,NULL,'Feature ID',0,0,1,0,'Arial','Arial',10,0,0,'Black',NULL,58,0,785,1,0,0,NULL,0,0,0,0,0,200,0,43,0);
INSERT INTO TB_RPT_CONTROL VALUES(340,NULL,'X',0,0,1,0,'Arial','Arial',10,0,0,'Black',NULL,58,0,1000,1,0,0,NULL,0,0,0,0,0,225,0,43,0);
INSERT INTO TB_RPT_CONTROL VALUES(341,NULL,'Y',0,0,1,0,'Arial','Arial',10,0,0,'Black',NULL,58,0,1235,1,0,0,NULL,0,0,0,0,0,225,0,43,0);
INSERT INTO TB_RPT_CONTROL VALUES(342,NULL,'Direction',0,0,1,0,'Arial','Arial',10,0,0,'Black',NULL,58,0,1470,1,0,0,NULL,0,0,0,0,0,180,0,43,0);
INSERT INTO TB_RPT_CONTROL VALUES(343,NULL,'Distance',0,0,1,0,'Arial','Arial',10,0,0,'Black',NULL,58,0,1660,1,0,0,NULL,0,0,0,0,0,180,0,43,0);
INSERT INTO TB_RPT_CONTROL VALUES(344,NULL,'{R}',0,0,0,0,'Arial','Arial',10,0,0,'Black',NULL,58,0,1660,1,0,0,NULL,0,0,0,0,0,180,0,44,0);
INSERT INTO TB_RPT_CONTROL VALUES(345,NULL,'{A}',0,0,0,0,'Arial','Arial',10,0,0,'Black',NULL,58,0,1470,1,0,0,NULL,0,0,0,0,0,180,0,44,0);
INSERT INTO TB_RPT_CONTROL VALUES(346,NULL,'{Y}',0,0,0,0,'Arial','Arial',10,0,0,'Black',NULL,58,0,1235,1,0,0,NULL,0,0,0,0,0,225,0,44,0);
INSERT INTO TB_RPT_CONTROL VALUES(347,NULL,'{X}',0,0,0,0,'Arial','Arial',10,0,0,'Black',NULL,58,0,1000,1,0,0,NULL,0,0,0,0,0,225,0,44,0);
INSERT INTO TB_RPT_CONTROL VALUES(348,NULL,'{P}',0,0,0,0,'Arial','Arial',10,0,0,'Black',NULL,58,0,785,1,0,0,NULL,0,0,0,0,0,200,0,44,0);
INSERT INTO TB_RPT_CONTROL VALUES(349,NULL,'{F_CLASS_NAME_P}',0,0,0,0,'Arial','Arial',10,0,0,'Black',NULL,58,0,380,1,0,0,NULL,0,0,0,0,0,400,0,44,0);
INSERT INTO TB_RPT_CONTROL VALUES(350,NULL,'{POINT_NAME}',0,0,0,0,'Arial','Arial',10,0,0,'Black',NULL,58,0,70,1,0,0,NULL,0,0,0,0,0,285,0,44,0);
INSERT INTO TB_RPT_CONTROL VALUES(351,NULL,'ConstructOrthogonalCalculation.gif',2,0,0,0,NULL,NULL,0,0,0,NULL,NULL,58,0,90,1,0,0,NULL,NULL,0,0,0,0,58,0,26,NULL);
INSERT INTO TB_RPT_CONTROL VALUES(352,NULL,'{P0}',0,0,0,0,'Arial','Arial',10,0,0,'Black',NULL,58,0,825,1,0,0,NULL,0,350,0,0,0,200,0,26,0);
INSERT INTO TB_RPT_CONTROL VALUES(353,NULL,'Sense of rotation:',0,0,0,1,'Arial','Arial',10,0,0,'Black',NULL,58,0,420,1,0,0,NULL,0,410,0,0,0,400,0,26,0);
INSERT INTO TB_RPT_CONTROL VALUES(354,NULL,'Name of feature class',0,0,1,0,'Arial','Arial',10,0,0,'Black',NULL,58,0,420,1,0,0,NULL,0,500,0,0,0,400,0,26,0);
INSERT INTO TB_RPT_CONTROL VALUES(355,NULL,'Feature ID',0,0,1,0,'Arial','Arial',10,0,0,'Black',NULL,58,0,825,1,0,0,NULL,0,500,0,0,0,200,0,26,0);
INSERT INTO TB_RPT_CONTROL VALUES(356,NULL,'X',0,0,1,0,'Arial','Arial',10,0,0,'Black',NULL,58,0,1040,1,0,0,NULL,0,500,0,0,0,225,0,26,0);
INSERT INTO TB_RPT_CONTROL VALUES(357,NULL,'Y',0,0,1,0,'Arial','Arial',10,0,0,'Black',NULL,58,0,1275,1,0,0,NULL,0,500,0,0,0,225,0,26,0);
INSERT INTO TB_RPT_CONTROL VALUES(358,NULL,'Abscissa at point 1',0,0,0,0,'Arial','Arial',10,0,0,'Black',NULL,58,0,70,1,0,0,NULL,0,930,0,0,0,320,0,26,0);
INSERT INTO TB_RPT_CONTROL VALUES(359,NULL,'{DISTANCE_MEASURED}',0,0,0,0,'Arial','Arial',10,0,0,'Black',NULL,58,0,420,1,0,0,NULL,0,870,0,0,0,400,0,26,0);
INSERT INTO TB_RPT_CONTROL VALUES(360,NULL,'Offset',0,0,1,0,'Arial','Arial',10,0,0,'Black',NULL,58,0,1510,1,0,0,NULL,0,500,0,0,0,180,0,26,0);
INSERT INTO TB_RPT_CONTROL VALUES(361,NULL,'{A5}',0,0,0,0,'Arial','Arial',10,0,0,'Black',NULL,58,0,1510,1,0,0,NULL,0,810,0,0,0,180,0,26,0);
INSERT INTO TB_RPT_CONTROL VALUES(362,NULL,'{R1}',0,0,0,0,'Arial','Arial',10,0,0,'Black',NULL,58,0,1700,1,0,0,NULL,0,570,0,0,0,180,0,26,0);
INSERT INTO TB_RPT_CONTROL VALUES(363,NULL,'{A1}',0,0,0,0,'Arial','Arial',10,0,0,'Black',NULL,58,0,1510,1,0,0,NULL,0,630,0,0,0,180,0,26,0);
INSERT INTO TB_RPT_CONTROL VALUES(364,NULL,'{Y1}',0,0,0,0,'Arial','Arial',10,0,0,'Black',NULL,58,0,1275,1,0,0,NULL,0,630,0,0,0,225,0,26,0);
INSERT INTO TB_RPT_CONTROL VALUES(365,NULL,'{X1}',0,0,0,0,'Arial','Arial',10,0,0,'Black',NULL,58,0,1040,1,0,0,NULL,0,630,0,0,0,225,0,26,0);
INSERT INTO TB_RPT_CONTROL VALUES(366,NULL,'{P1}',0,0,0,0,'Arial','Arial',10,0,0,'Black',NULL,58,0,825,1,0,0,NULL,0,630,0,0,0,200,0,26,0);
INSERT INTO TB_RPT_CONTROL VALUES(367,NULL,'{F_CLASS_NAME_P1}',0,0,0,0,'Arial','Arial',10,0,0,'Black',NULL,58,0,420,1,0,0,NULL,0,630,0,0,0,400,0,26,0);
INSERT INTO TB_RPT_CONTROL VALUES(368,NULL,'Radius',0,0,1,0,'Arial','Arial',10,0,0,'Black',NULL,58,0,1700,1,0,0,NULL,0,500,0,0,0,180,0,26,0);
INSERT INTO TB_RPT_CONTROL VALUES(369,NULL,'Point 1',0,0,0,0,'Arial','Arial',10,0,0,'Black',NULL,58,0,70,1,0,0,NULL,0,630,0,0,0,320,0,26,0);
INSERT INTO TB_RPT_CONTROL VALUES(370,NULL,'Point 2',0,0,0,0,'Arial','Arial',10,0,0,'Black',NULL,58,0,70,1,0,0,NULL,0,690,0,0,0,320,0,26,0);
INSERT INTO TB_RPT_CONTROL VALUES(371,NULL,'Abscissa',0,0,0,0,'Arial','Arial',10,0,0,'Black',NULL,58,0,70,1,0,0,NULL,0,750,0,0,0,320,0,26,0);
INSERT INTO TB_RPT_CONTROL VALUES(372,NULL,'Ordinate',0,0,0,0,'Arial','Arial',10,0,0,'Black',NULL,58,0,70,1,0,0,NULL,0,810,0,0,0,320,0,26,0);
INSERT INTO TB_RPT_CONTROL VALUES(373,NULL,'Measured distance',0,0,0,0,'Arial','Arial',10,0,0,'Black',NULL,58,0,70,1,0,0,NULL,0,870,0,0,0,320,0,26,0);
INSERT INTO TB_RPT_CONTROL VALUES(374,NULL,NULL,1,0,0,0,NULL,NULL,1,0,0,NULL,NULL,25,0,70,1,0,0,NULL,NULL,1030,0,0,0,1930,0,26,NULL);
INSERT INTO TB_RPT_CONTROL VALUES(375,NULL,'{ORDINATE}',0,0,0,0,'Arial','Arial',10,0,0,'Black',NULL,58,0,420,1,0,0,NULL,0,810,0,0,0,400,0,26,0);
INSERT INTO TB_RPT_CONTROL VALUES(376,NULL,'{ABSZISSE}',0,0,0,0,'Arial','Arial',10,0,0,'Black',NULL,58,0,420,1,0,0,NULL,0,750,0,0,0,400,0,26,0);
INSERT INTO TB_RPT_CONTROL VALUES(377,NULL,'{F_CLASS_NAME_P2}',0,0,0,0,'Arial','Arial',10,0,0,'Black',NULL,58,0,420,1,0,0,NULL,0,690,0,0,0,400,0,26,0);
INSERT INTO TB_RPT_CONTROL VALUES(378,NULL,'{P2}',0,0,0,0,'Arial','Arial',10,0,0,'Black',NULL,58,0,825,1,0,0,NULL,0,690,0,0,0,200,0,26,0);
INSERT INTO TB_RPT_CONTROL VALUES(379,NULL,'{X2}',0,0,0,0,'Arial','Arial',10,0,0,'Black',NULL,58,0,1040,1,0,0,NULL,0,690,0,0,0,225,0,26,0);
INSERT INTO TB_RPT_CONTROL VALUES(380,NULL,'{R2}',0,0,0,0,'Arial','Arial',10,0,0,'Black',NULL,58,0,1510,1,0,0,NULL,0,570,0,0,0,180,0,26,0);
INSERT INTO TB_RPT_CONTROL VALUES(381,NULL,'{A6}',0,0,0,0,'Arial','Arial',10,0,0,'Black',NULL,58,0,1510,1,0,0,NULL,0,870,0,0,0,180,0,26,0);
INSERT INTO TB_RPT_CONTROL VALUES(382,NULL,'{DISTANCE}',0,0,0,0,'Arial','Arial',10,0,0,'Black',NULL,58,0,1510,1,0,0,NULL,0,930,0,0,0,300,0,26,0);
INSERT INTO TB_RPT_CONTROL VALUES(383,NULL,'{A4}',0,0,0,0,'Arial','Arial',10,0,0,'Black',NULL,58,0,420,1,0,0,NULL,0,930,0,0,0,400,0,26,0);
INSERT INTO TB_RPT_CONTROL VALUES(384,NULL,'Delta',0,0,0,0,'Arial','Arial',10,0,0,'Black',NULL,58,0,1040,1,0,0,NULL,0,810,0,0,0,200,0,26,0);
INSERT INTO TB_RPT_CONTROL VALUES(385,NULL,'Delta',0,0,0,0,'Arial','Arial',10,0,0,'Black',NULL,58,0,1040,1,0,0,NULL,0,870,0,0,0,200,0,26,0);
INSERT INTO TB_RPT_CONTROL VALUES(386,NULL,'X',0,0,1,0,'Arial','Arial',10,0,0,'Black',NULL,58,0,1040,1,0,0,NULL,0,280,0,0,0,225,0,26,0);
INSERT INTO TB_RPT_CONTROL VALUES(387,NULL,'{X0}',0,0,0,0,'Arial','Arial',10,0,0,'Black',NULL,58,0,1040,1,0,0,NULL,0,350,0,0,0,225,0,26,0);
INSERT INTO TB_RPT_CONTROL VALUES(388,NULL,'{VALUE_9}',0,0,0,0,'Arial','Arial',10,0,0,'Black',NULL,58,0,825,1,0,0,NULL,0,410,0,0,0,200,0,26,0);
INSERT INTO TB_RPT_CONTROL VALUES(389,NULL,'Y',0,0,1,0,'Arial','Arial',10,0,0,'Black',NULL,58,0,1275,1,0,0,NULL,0,280,0,0,0,225,0,26,0);
INSERT INTO TB_RPT_CONTROL VALUES(390,NULL,'{Y0}',0,0,0,0,'Arial','Arial',10,0,0,'Black',NULL,58,0,1275,1,0,0,NULL,0,350,0,0,0,225,0,26,0);
INSERT INTO TB_RPT_CONTROL VALUES(391,NULL,'Unit:',0,0,0,1,'Arial','Arial',10,0,0,'Black',NULL,58,0,1040,1,0,0,NULL,0,410,0,0,0,225,0,26,0);
INSERT INTO TB_RPT_CONTROL VALUES(392,NULL,'{VALUE_10}',0,0,0,0,'Arial','Arial',10,0,0,'Black',NULL,58,0,1275,1,0,0,NULL,0,410,0,0,0,225,0,26,0);
INSERT INTO TB_RPT_CONTROL VALUES(393,NULL,'{Y2}',0,0,0,0,'Arial','Arial',10,0,0,'Black',NULL,58,0,1275,1,0,0,NULL,0,690,0,0,0,225,0,26,0);
INSERT INTO TB_RPT_CONTROL VALUES(394,NULL,'ELEMENT',0,0,0,0,'Arial','Arial',10,0,0,'Black',NULL,58,0,70,1,0,0,NULL,0,570,0,0,0,320,0,26,0);
INSERT INTO TB_RPT_CONTROL VALUES(395,NULL,'Calculated distance',0,0,0,0,'Arial','Arial',10,0,0,'Black',NULL,58,0,1040,1,0,0,NULL,0,930,0,0,0,330,0,26,0);
INSERT INTO TB_RPT_CONTROL VALUES(396,NULL,'{A2}',0,0,0,0,'Arial','Arial',10,0,0,'Black',NULL,58,0,1510,1,0,0,NULL,0,690,0,0,0,180,0,26,0);
INSERT INTO TB_RPT_CONTROL VALUES(397,NULL,'{CALC_DESCRIPTION}',0,0,1,0,'Arial','Arial',12,0,0,'Black',NULL,58,0,165,1,0,0,NULL,0,5,0,0,0,760,0,26,0);
INSERT INTO TB_RPT_CONTROL VALUES(398,NULL,'Job Name:',0,0,1,0,'Arial','Arial',10,0,0,'Black',NULL,58,0,165,1,0,0,NULL,0,85,0,0,0,280,0,26,0);
INSERT INTO TB_RPT_CONTROL VALUES(399,NULL,'Job ID:',0,0,1,0,'Arial','Arial',10,0,0,'Black',NULL,58,0,165,1,0,0,NULL,0,155,0,0,0,280,0,26,0);
INSERT INTO TB_RPT_CONTROL VALUES(400,NULL,'{NAME}',0,0,0,0,'Arial','Arial',10,0,0,'Black',NULL,58,0,460,1,0,0,NULL,0,85,0,0,0,400,0,26,0);
INSERT INTO TB_RPT_CONTROL VALUES(401,NULL,'{JOB_ID}',0,0,0,0,'Arial','Arial',10,0,0,'Black',NULL,58,0,460,1,0,0,NULL,0,155,0,0,0,400,0,26,0);
INSERT INTO TB_RPT_CONTROL VALUES(402,NULL,'Date Created:',0,0,0,0,'Arial','Arial',10,0,0,'Black',NULL,58,0,1200,1,0,0,NULL,0,85,0,0,0,300,0,26,0);
INSERT INTO TB_RPT_CONTROL VALUES(403,NULL,'{DATE_CREATED}',0,0,0,0,'Arial','Arial',10,0,0,'Black',NULL,58,0,1510,1,0,0,NULL,0,85,0,0,0,330,0,26,0);
INSERT INTO TB_RPT_CONTROL VALUES(404,NULL,'{CALC_TYPE}',0,0,0,0,'Arial','Arial',10,0,0,'Black',NULL,58,0,1510,1,0,0,NULL,0,155,0,0,0,330,0,26,0);
INSERT INTO TB_RPT_CONTROL VALUES(405,NULL,'Calculation Type:',0,0,0,0,'Arial','Arial',10,0,0,'Black',NULL,58,0,1200,1,0,0,NULL,0,155,0,0,0,300,0,26,0);
INSERT INTO TB_RPT_CONTROL VALUES(406,NULL,NULL,1,0,0,0,NULL,NULL,1,0,0,NULL,NULL,25,0,70,1,0,0,NULL,NULL,220,0,0,0,1930,0,26,NULL);
INSERT INTO TB_RPT_CONTROL VALUES(407,NULL,'Name of feature class',0,0,1,0,'Arial','Arial',10,0,0,'Black',NULL,58,0,420,1,0,0,NULL,0,280,0,0,0,400,0,26,0);
INSERT INTO TB_RPT_CONTROL VALUES(408,NULL,'NEW POINT:',0,0,0,0,'Arial','Arial',10,0,0,'Black',NULL,58,0,70,1,0,0,NULL,0,350,0,0,0,320,0,26,0);
INSERT INTO TB_RPT_CONTROL VALUES(409,NULL,'Feature ID',0,0,1,0,'Arial','Arial',10,0,0,'Black',NULL,58,0,825,1,0,0,NULL,0,280,0,0,0,200,0,26,0);
INSERT INTO TB_RPT_CONTROL VALUES(410,NULL,'{F_CLASS_NAME}',0,0,0,0,'Arial','Arial',10,0,0,'Black',NULL,58,0,420,1,0,0,NULL,0,350,0,0,0,400,0,26,0);
INSERT INTO TB_RPT_CONTROL VALUES(411,NULL,NULL,1,0,0,0,NULL,NULL,1,0,0,NULL,NULL,25,0,70,1,0,0,NULL,NULL,0,0,0,0,1930,0,27,NULL);
INSERT INTO TB_RPT_CONTROL VALUES(412,NULL,'Feature ID',0,0,1,0,'Arial','Arial',10,0,0,'Black',NULL,58,0,785,1,0,0,NULL,0,0,0,0,0,200,0,46,0);
INSERT INTO TB_RPT_CONTROL VALUES(413,NULL,'X',0,0,1,0,'Arial','Arial',10,0,0,'Black',NULL,58,0,1000,1,0,0,NULL,0,0,0,0,0,225,0,46,0);
INSERT INTO TB_RPT_CONTROL VALUES(414,NULL,'Y',0,0,1,0,'Arial','Arial',10,0,0,'Black',NULL,58,0,1235,1,0,0,NULL,0,0,0,0,0,225,0,46,0);
INSERT INTO TB_RPT_CONTROL VALUES(415,NULL,'Name of feature class',0,0,1,0,'Arial','Arial',10,0,0,'Black',NULL,58,0,380,1,0,0,NULL,0,0,0,0,0,400,0,46,0);
INSERT INTO TB_RPT_CONTROL VALUES(416,NULL,'{Y}',0,0,0,0,'Arial','Arial',10,0,0,'Black',NULL,58,0,1235,1,0,0,NULL,0,0,0,0,0,225,0,47,0);
INSERT INTO TB_RPT_CONTROL VALUES(417,NULL,'{X}',0,0,0,0,'Arial','Arial',10,0,0,'Black',NULL,58,0,1000,1,0,0,NULL,0,0,0,0,0,225,0,47,0);
INSERT INTO TB_RPT_CONTROL VALUES(418,NULL,'{P}',0,0,0,0,'Arial','Arial',10,0,0,'Black',NULL,58,0,785,1,0,0,NULL,0,0,0,0,0,200,0,47,0);
INSERT INTO TB_RPT_CONTROL VALUES(419,NULL,'{F_CLASS_NAME_P}',0,0,0,0,'Arial','Arial',10,0,0,'Black',NULL,58,0,380,1,0,0,NULL,0,0,0,0,0,400,0,47,0);
INSERT INTO TB_RPT_CONTROL VALUES(420,NULL,'{POINT_NAME}',0,0,0,0,'Arial','Arial',10,0,0,'Black',NULL,58,0,70,1,0,0,NULL,0,0,0,0,0,285,0,47,0);
INSERT INTO TB_RPT_CONTROL VALUES(421,NULL,NULL,1,0,0,0,NULL,NULL,1,0,0,NULL,NULL,25,0,70,1,0,0,NULL,NULL,0,0,0,0,1930,0,52,NULL);
INSERT INTO TB_RPT_CONTROL VALUES(422,NULL,'Radius',0,0,0,0,'Arial','Arial',10,0,0,'Black',NULL,58,0,70,1,0,0,NULL,0,750,0,0,0,340,0,56,0);
INSERT INTO TB_RPT_CONTROL VALUES(423,NULL,'Point to be projected',0,0,0,0,'Arial','Arial',10,0,0,'Black',NULL,58,0,70,1,0,0,NULL,0,810,0,0,0,350,0,56,0);
INSERT INTO TB_RPT_CONTROL VALUES(424,NULL,'Distance:',0,0,0,1,'Arial','Arial',10,0,0,'Black',NULL,58,0,420,1,0,0,NULL,0,470,0,0,0,400,0,56,0);
INSERT INTO TB_RPT_CONTROL VALUES(425,NULL,NULL,1,0,0,0,NULL,NULL,1,0,0,NULL,NULL,25,0,70,1,0,0,NULL,NULL,910,0,0,0,1930,0,56,NULL);
INSERT INTO TB_RPT_CONTROL VALUES(426,NULL,'{DISTANCE}',0,0,0,0,'Arial','Arial',10,0,0,'Black',NULL,58,0,825,1,0,0,NULL,0,470,0,0,0,200,0,56,0);
INSERT INTO TB_RPT_CONTROL VALUES(427,NULL,'{F_CLASS_NAME_P3}',0,0,0,0,'Arial','Arial',10,0,0,'Black',NULL,58,0,420,1,0,0,NULL,0,810,0,0,0,400,0,56,0);
INSERT INTO TB_RPT_CONTROL VALUES(428,NULL,'{F_CLASS_NAME_P2}',0,0,0,0,'Arial','Arial',10,0,0,'Black',NULL,58,0,420,1,0,0,NULL,0,690,0,0,0,400,0,56,0);
INSERT INTO TB_RPT_CONTROL VALUES(429,NULL,'Point 2',0,0,0,0,'Arial','Arial',10,0,0,'Black',NULL,58,0,70,1,0,0,NULL,0,690,0,0,0,340,0,56,0);
INSERT INTO TB_RPT_CONTROL VALUES(430,NULL,'{P2}',0,0,0,0,'Arial','Arial',10,0,0,'Black',NULL,58,0,825,1,0,0,NULL,0,690,0,0,0,200,0,56,0);
INSERT INTO TB_RPT_CONTROL VALUES(431,NULL,'{X2}',0,0,0,0,'Arial','Arial',10,0,0,'Black',NULL,58,0,1040,1,0,0,NULL,0,690,0,0,0,225,0,56,0);
INSERT INTO TB_RPT_CONTROL VALUES(432,NULL,'{Y2}',0,0,0,0,'Arial','Arial',10,0,0,'Black',NULL,58,0,1275,1,0,0,NULL,0,690,0,0,0,225,0,56,0);
INSERT INTO TB_RPT_CONTROL VALUES(433,NULL,'{Y3}',0,0,0,0,'Arial','Arial',10,0,0,'Black',NULL,58,0,1275,1,0,0,NULL,0,810,0,0,0,225,0,56,0);
INSERT INTO TB_RPT_CONTROL VALUES(434,NULL,'{X3}',0,0,0,0,'Arial','Arial',10,0,0,'Black',NULL,58,0,1040,1,0,0,NULL,0,810,0,0,0,225,0,56,0);
INSERT INTO TB_RPT_CONTROL VALUES(435,NULL,'{P3}',0,0,0,0,'Arial','Arial',10,0,0,'Black',NULL,58,0,825,1,0,0,NULL,0,810,0,0,0,200,0,56,0);
INSERT INTO TB_RPT_CONTROL VALUES(436,NULL,'X',0,0,1,0,'Arial','Arial',10,0,0,'Black',NULL,58,0,1040,1,0,0,NULL,0,280,0,0,0,225,0,56,0);
INSERT INTO TB_RPT_CONTROL VALUES(437,NULL,'{X0}',0,0,0,0,'Arial','Arial',10,0,0,'Black',NULL,58,0,1040,1,0,0,NULL,0,350,0,0,0,225,0,56,0);
INSERT INTO TB_RPT_CONTROL VALUES(438,NULL,'{VALUE_9}',0,0,0,0,'Arial','Arial',10,0,0,'Black',NULL,58,0,825,1,0,0,NULL,0,410,0,0,0,200,0,56,0);
INSERT INTO TB_RPT_CONTROL VALUES(439,NULL,'Y',0,0,1,0,'Arial','Arial',10,0,0,'Black',NULL,58,0,1275,1,0,0,NULL,0,280,0,0,0,225,0,56,0);
INSERT INTO TB_RPT_CONTROL VALUES(440,NULL,'{Y0}',0,0,0,0,'Arial','Arial',10,0,0,'Black',NULL,58,0,1275,1,0,0,NULL,0,350,0,0,0,225,0,56,0);
INSERT INTO TB_RPT_CONTROL VALUES(441,NULL,'Unit:',0,0,0,1,'Arial','Arial',10,0,0,'Black',NULL,58,0,1040,1,0,0,NULL,0,410,0,0,0,225,0,56,0);
INSERT INTO TB_RPT_CONTROL VALUES(442,NULL,'{VALUE_10}',0,0,0,0,'Arial','Arial',10,0,0,'Black',NULL,58,0,1275,1,0,0,NULL,0,410,0,0,0,225,0,56,0);
INSERT INTO TB_RPT_CONTROL VALUES(443,NULL,'{CALC_DESCRIPTION}',0,0,1,0,'Arial','Arial',12,0,0,'Black',NULL,58,0,165,1,0,0,NULL,0,5,0,0,0,760,0,56,0);
INSERT INTO TB_RPT_CONTROL VALUES(444,NULL,'Job Name:',0,0,1,0,'Arial','Arial',10,0,0,'Black',NULL,58,0,165,1,0,0,NULL,0,85,0,0,0,280,0,56,0);
INSERT INTO TB_RPT_CONTROL VALUES(445,NULL,'Job ID:',0,0,1,0,'Arial','Arial',10,0,0,'Black',NULL,58,0,165,1,0,0,NULL,0,155,0,0,0,280,0,56,0);
INSERT INTO TB_RPT_CONTROL VALUES(446,NULL,'{NAME}',0,0,0,0,'Arial','Arial',10,0,0,'Black',NULL,58,0,460,1,0,0,NULL,0,85,0,0,0,400,0,56,0);
INSERT INTO TB_RPT_CONTROL VALUES(447,NULL,'{DATE_CREATED}',0,0,0,0,'Arial','Arial',10,0,0,'Black',NULL,58,0,1510,1,0,0,NULL,0,85,0,0,0,330,0,56,0);
INSERT INTO TB_RPT_CONTROL VALUES(448,NULL,'{CALC_TYPE}',0,0,0,0,'Arial','Arial',10,0,0,'Black',NULL,58,0,1510,1,0,0,NULL,0,155,0,0,0,330,0,56,0);
INSERT INTO TB_RPT_CONTROL VALUES(449,NULL,'Calculation Type:',0,0,0,0,'Arial','Arial',10,0,0,'Black',NULL,58,0,1200,1,0,0,NULL,0,155,0,0,0,300,0,56,0);
INSERT INTO TB_RPT_CONTROL VALUES(450,NULL,NULL,1,0,0,0,NULL,NULL,1,0,0,NULL,NULL,25,0,70,1,0,0,NULL,NULL,220,0,0,0,1930,0,56,NULL);
INSERT INTO TB_RPT_CONTROL VALUES(451,NULL,'Name of feature class',0,0,1,0,'Arial','Arial',10,0,0,'Black',NULL,58,0,420,1,0,0,NULL,0,280,0,0,0,400,0,56,0);
INSERT INTO TB_RPT_CONTROL VALUES(452,NULL,'{F_CLASS_NAME}',0,0,0,0,'Arial','Arial',10,0,0,'Black',NULL,58,0,420,1,0,0,NULL,0,350,0,0,0,400,0,56,0);
INSERT INTO TB_RPT_CONTROL VALUES(453,NULL,'PROJECTION',0,0,0,0,'Arial','Arial',10,0,0,'Black',NULL,58,0,70,1,0,0,NULL,0,350,0,0,0,340,0,56,0);
INSERT INTO TB_RPT_CONTROL VALUES(454,NULL,'Feature ID',0,0,1,0,'Arial','Arial',10,0,0,'Black',NULL,58,0,825,1,0,0,NULL,0,280,0,0,0,200,0,56,0);
INSERT INTO TB_RPT_CONTROL VALUES(455,NULL,'{P0}',0,0,0,0,'Arial','Arial',10,0,0,'Black',NULL,58,0,825,1,0,0,NULL,0,350,0,0,0,200,0,56,0);
INSERT INTO TB_RPT_CONTROL VALUES(456,NULL,'Sense of rotation:',0,0,0,1,'Arial','Arial',10,0,0,'Black',NULL,58,0,420,1,0,0,NULL,0,410,0,0,0,400,0,56,0);
INSERT INTO TB_RPT_CONTROL VALUES(457,NULL,'Name of feature class',0,0,1,0,'Arial','Arial',10,0,0,'Black',NULL,58,0,420,1,0,0,NULL,0,560,0,0,0,400,0,56,0);
INSERT INTO TB_RPT_CONTROL VALUES(458,NULL,'Feature ID',0,0,1,0,'Arial','Arial',10,0,0,'Black',NULL,58,0,825,1,0,0,NULL,0,560,0,0,0,200,0,56,0);
INSERT INTO TB_RPT_CONTROL VALUES(459,NULL,'X',0,0,1,0,'Arial','Arial',10,0,0,'Black',NULL,58,0,1040,1,0,0,NULL,0,560,0,0,0,225,0,56,0);
INSERT INTO TB_RPT_CONTROL VALUES(460,NULL,'Y',0,0,1,0,'Arial','Arial',10,0,0,'Black',NULL,58,0,1275,1,0,0,NULL,0,560,0,0,0,225,0,56,0);
INSERT INTO TB_RPT_CONTROL VALUES(461,NULL,'{R1}',0,0,0,0,'Arial','Arial',10,0,0,'Black',NULL,58,0,420,1,0,0,NULL,0,750,0,0,0,400,0,56,0);
INSERT INTO TB_RPT_CONTROL VALUES(462,NULL,'{JOB_ID}',0,0,0,0,'Arial','Arial',10,0,0,'Black',NULL,58,0,460,1,0,0,NULL,0,155,0,0,0,400,0,56,0);
INSERT INTO TB_RPT_CONTROL VALUES(463,NULL,'Date Created:',0,0,0,0,'Arial','Arial',10,0,0,'Black',NULL,58,0,1200,1,0,0,NULL,0,85,0,0,0,300,0,56,0);
INSERT INTO TB_RPT_CONTROL VALUES(464,NULL,'ConstructProjection.gif',2,0,0,0,NULL,NULL,0,0,0,NULL,NULL,58,0,90,1,0,0,NULL,NULL,0,0,0,0,58,0,56,NULL);
INSERT INTO TB_RPT_CONTROL VALUES(465,NULL,'{P1}',0,0,0,0,'Arial','Arial',10,0,0,'Black',NULL,58,0,825,1,0,0,NULL,0,630,0,0,0,200,0,56,0);
INSERT INTO TB_RPT_CONTROL VALUES(466,NULL,'{F_CLASS_NAME_P1}',0,0,0,0,'Arial','Arial',10,0,0,'Black',NULL,58,0,420,1,0,0,NULL,0,630,0,0,0,400,0,56,0);
INSERT INTO TB_RPT_CONTROL VALUES(467,NULL,'{Y1}',0,0,0,0,'Arial','Arial',10,0,0,'Black',NULL,58,0,1275,1,0,0,NULL,0,630,0,0,0,225,0,56,0);
INSERT INTO TB_RPT_CONTROL VALUES(468,NULL,'{X1}',0,0,0,0,'Arial','Arial',10,0,0,'Black',NULL,58,0,1040,1,0,0,NULL,0,630,0,0,0,225,0,56,0);
INSERT INTO TB_RPT_CONTROL VALUES(469,NULL,'Point 1',0,0,0,0,'Arial','Arial',10,0,0,'Black',NULL,58,0,70,1,0,0,NULL,0,630,0,0,0,340,0,56,0);
INSERT INTO TB_RPT_CONTROL VALUES(470,NULL,NULL,1,0,0,0,NULL,NULL,1,0,0,NULL,NULL,25,0,70,1,0,0,NULL,NULL,0,0,0,0,1930,0,28,NULL);
INSERT INTO TB_RPT_CONTROL VALUES(471,NULL,'POINT',0,0,0,0,'Arial','Arial',10,0,0,'Black',NULL,58,0,70,1,0,0,NULL,0,410,0,0,0,295,0,41,0);
INSERT INTO TB_RPT_CONTROL VALUES(472,NULL,'ConstructFreeStandpoint.gif',2,0,0,0,NULL,NULL,0,0,0,NULL,NULL,58,0,90,1,0,0,NULL,NULL,0,0,0,0,58,0,41,NULL);
INSERT INTO TB_RPT_CONTROL VALUES(473,NULL,'{CALC_DESCRIPTION}',0,0,1,0,'Arial','Arial',12,0,0,'Black',NULL,58,0,165,1,0,0,NULL,0,5,0,0,0,760,0,41,0);
INSERT INTO TB_RPT_CONTROL VALUES(474,NULL,'Job Name:',0,0,1,0,'Arial','Arial',10,0,0,'Black',NULL,58,0,165,1,0,0,NULL,0,85,0,0,0,280,0,41,0);
INSERT INTO TB_RPT_CONTROL VALUES(475,NULL,'Job ID:',0,0,1,0,'Arial','Arial',10,0,0,'Black',NULL,58,0,165,1,0,0,NULL,0,155,0,0,0,280,0,41,0);
INSERT INTO TB_RPT_CONTROL VALUES(476,NULL,'{NAME}',0,0,0,0,'Arial','Arial',10,0,0,'Black',NULL,58,0,460,1,0,0,NULL,0,85,0,0,0,400,0,41,0);
INSERT INTO TB_RPT_CONTROL VALUES(477,NULL,'{JOB_ID}',0,0,0,0,'Arial','Arial',10,0,0,'Black',NULL,58,0,460,1,0,0,NULL,0,155,0,0,0,400,0,41,0);
INSERT INTO TB_RPT_CONTROL VALUES(478,NULL,'Date Created:',0,0,0,0,'Arial','Arial',10,0,0,'Black',NULL,58,0,1200,1,0,0,NULL,0,85,0,0,0,300,0,41,0);
INSERT INTO TB_RPT_CONTROL VALUES(479,NULL,'{DATE_CREATED}',0,0,0,0,'Arial','Arial',10,0,0,'Black',NULL,58,0,1510,1,0,0,NULL,0,85,0,0,0,330,0,41,0);
INSERT INTO TB_RPT_CONTROL VALUES(480,NULL,'{CALC_TYPE}',0,0,0,0,'Arial','Arial',10,0,0,'Black',NULL,58,0,1510,1,0,0,NULL,0,155,0,0,0,330,0,41,0);
INSERT INTO TB_RPT_CONTROL VALUES(481,NULL,'Calculation Type:',0,0,0,0,'Arial','Arial',10,0,0,'Black',NULL,58,0,1200,1,0,0,NULL,0,155,0,0,0,300,0,41,0);
INSERT INTO TB_RPT_CONTROL VALUES(482,NULL,NULL,1,0,0,0,NULL,NULL,1,0,0,NULL,NULL,25,0,70,1,0,0,NULL,NULL,220,0,0,0,1930,0,41,NULL);
INSERT INTO TB_RPT_CONTROL VALUES(483,NULL,'Name of feature class',0,0,1,0,'Arial','Arial',10,0,0,'Black',NULL,58,0,380,1,0,0,NULL,0,280,0,0,0,400,0,41,0);
INSERT INTO TB_RPT_CONTROL VALUES(484,NULL,'{F_CLASS_NAME}',0,0,0,0,'Arial','Arial',10,0,0,'Black',NULL,58,0,380,1,0,0,NULL,0,350,0,0,0,400,0,41,0);
INSERT INTO TB_RPT_CONTROL VALUES(485,NULL,'CONSTRUCTED',0,0,0,0,'Arial','Arial',10,0,0,'Black',NULL,58,0,70,1,0,0,NULL,0,350,0,0,0,295,0,41,0);
INSERT INTO TB_RPT_CONTROL VALUES(486,NULL,'Feature ID',0,0,1,0,'Arial','Arial',10,0,0,'Black',NULL,58,0,785,1,0,0,NULL,0,280,0,0,0,200,0,41,0);
INSERT INTO TB_RPT_CONTROL VALUES(487,NULL,'{P0}',0,0,0,0,'Arial','Arial',10,0,0,'Black',NULL,58,0,785,1,0,0,NULL,0,350,0,0,0,200,0,41,0);
INSERT INTO TB_RPT_CONTROL VALUES(488,NULL,'Sense of rotation:',0,0,0,1,'Arial','Arial',10,0,0,'Black',NULL,58,0,380,1,0,0,NULL,0,430,0,0,0,400,0,41,0);
INSERT INTO TB_RPT_CONTROL VALUES(489,NULL,'X',0,0,1,0,'Arial','Arial',10,0,0,'Black',NULL,58,0,1000,1,0,0,NULL,0,280,0,0,0,225,0,41,0);
INSERT INTO TB_RPT_CONTROL VALUES(490,NULL,'{X0}',0,0,0,0,'Arial','Arial',10,0,0,'Black',NULL,58,0,1000,1,0,0,NULL,0,350,0,0,0,225,0,41,0);
INSERT INTO TB_RPT_CONTROL VALUES(491,NULL,'{VALUE_9}',0,0,0,0,'Arial','Arial',10,0,0,'Black',NULL,58,0,785,1,0,0,NULL,0,430,0,0,0,200,0,41,0);
INSERT INTO TB_RPT_CONTROL VALUES(492,NULL,'Y',0,0,1,0,'Arial','Arial',10,0,0,'Black',NULL,58,0,1235,1,0,0,NULL,0,280,0,0,0,225,0,41,0);
INSERT INTO TB_RPT_CONTROL VALUES(493,NULL,'{Y0}',0,0,0,0,'Arial','Arial',10,0,0,'Black',NULL,58,0,1235,1,0,0,NULL,0,350,0,0,0,225,0,41,0);
INSERT INTO TB_RPT_CONTROL VALUES(494,NULL,'Unit:',0,0,0,1,'Arial','Arial',10,0,0,'Black',NULL,58,0,1000,1,0,0,NULL,0,430,0,0,0,225,0,41,0);
INSERT INTO TB_RPT_CONTROL VALUES(495,NULL,'{VALUE_10}',0,0,0,0,'Arial','Arial',10,0,0,'Black',NULL,58,0,1235,1,0,0,NULL,0,430,0,0,0,225,0,41,0);
INSERT INTO TB_RPT_CONTROL VALUES(496,NULL,'Last printed on:',0,0,0,0,'Arial','Arial',10,0,0,'Black',NULL,58,0,70,0,0,0,NULL,0,40,0,0,0,279,0,51,0);
INSERT INTO TB_RPT_CONTROL VALUES(497,NULL,NULL,1,0,0,0,NULL,NULL,1,0,0,NULL,NULL,25,0,70,1,0,0,NULL,NULL,0,0,0,0,1930,0,51,NULL);
INSERT INTO TB_RPT_CONTROL VALUES(498,NULL,'© 2012  Autodesk, Inc.',0,0,0,0,'Arial','Arial',10,0,0,'Black',NULL,58,2,875,1,0,0,NULL,0,40,0,0,0,432,0,51,0);
INSERT INTO TB_RPT_CONTROL VALUES(499,NULL,'{Report.PrintDate}',0,0,0,0,'Arial','Arial',10,0,0,'Black',NULL,58,1,345,1,0,0,NULL,0,40,0,0,0,203,0,51,0);
INSERT INTO TB_RPT_CONTROL VALUES(500,NULL,'Page {Report.PageIndex} of {Report.PageCount}',0,0,0,0,'Arial','Arial',10,0,0,'Black',NULL,58,1,1500,1,0,0,NULL,0,40,0,0,0,500,0,51,0);
INSERT INTO TB_RPT_CONTROL VALUES(501,NULL,'{Y3}',0,0,0,0,'Arial','Arial',10,0,0,'Black',NULL,58,0,1235,1,0,0,NULL,0,840,0,0,0,225,0,54,0);
INSERT INTO TB_RPT_CONTROL VALUES(502,NULL,'{X4}',0,0,0,0,'Arial','Arial',10,0,0,'Black',NULL,58,0,1000,1,0,0,NULL,0,900,0,0,0,225,0,54,0);
INSERT INTO TB_RPT_CONTROL VALUES(503,NULL,'{Y4}',0,0,0,0,'Arial','Arial',10,0,0,'Black',NULL,58,0,1235,1,0,0,NULL,0,900,0,0,0,225,0,54,0);
INSERT INTO TB_RPT_CONTROL VALUES(504,NULL,'{R1}',0,0,0,0,'Arial','Arial',10,0,0,'Black',NULL,58,0,1660,1,0,0,NULL,0,580,0,0,0,180,0,54,0);
INSERT INTO TB_RPT_CONTROL VALUES(505,NULL,'{R2}',0,0,0,0,'Arial','Arial',10,0,0,'Black',NULL,58,0,1660,1,0,0,NULL,0,780,0,0,0,180,0,54,0);
INSERT INTO TB_RPT_CONTROL VALUES(506,NULL,'{P0}',0,0,0,0,'Arial','Arial',10,0,0,'Black',NULL,58,0,785,1,0,0,NULL,0,350,0,0,0,200,0,54,0);
INSERT INTO TB_RPT_CONTROL VALUES(507,NULL,'{P1}',0,0,0,0,'Arial','Arial',10,0,0,'Black',NULL,58,0,785,1,0,0,NULL,0,640,0,0,0,200,0,54,0);
INSERT INTO TB_RPT_CONTROL VALUES(508,NULL,'{P2}',0,0,0,0,'Arial','Arial',10,0,0,'Black',NULL,58,0,785,1,0,0,NULL,0,700,0,0,0,200,0,54,0);
INSERT INTO TB_RPT_CONTROL VALUES(509,NULL,'{P3}',0,0,0,0,'Arial','Arial',10,0,0,'Black',NULL,58,0,785,1,0,0,NULL,0,840,0,0,0,200,0,54,0);
INSERT INTO TB_RPT_CONTROL VALUES(510,NULL,'{P4}',0,0,0,0,'Arial','Arial',10,0,0,'Black',NULL,58,0,785,1,0,0,NULL,0,900,0,0,0,200,0,54,0);
INSERT INTO TB_RPT_CONTROL VALUES(511,NULL,'{F_CLASS_NAME}',0,0,0,0,'Arial','Arial',10,0,0,'Black',NULL,58,0,380,1,0,0,NULL,0,350,0,0,0,400,0,54,0);
INSERT INTO TB_RPT_CONTROL VALUES(512,NULL,'{F_CLASS_NAME_P1}',0,0,0,0,'Arial','Arial',10,0,0,'Black',NULL,58,0,380,1,0,0,NULL,0,640,0,0,0,400,0,54,0);
INSERT INTO TB_RPT_CONTROL VALUES(513,NULL,'{F_CLASS_NAME_P2}',0,0,0,0,'Arial','Arial',10,0,0,'Black',NULL,58,0,380,1,0,0,NULL,0,700,0,0,0,400,0,54,0);
INSERT INTO TB_RPT_CONTROL VALUES(514,NULL,'{F_CLASS_NAME_P3}',0,0,0,0,'Arial','Arial',10,0,0,'Black',NULL,58,0,380,1,0,0,NULL,0,840,0,0,0,400,0,54,0);
INSERT INTO TB_RPT_CONTROL VALUES(515,NULL,'{F_CLASS_NAME_P4}',0,0,0,0,'Arial','Arial',10,0,0,'Black',NULL,58,0,380,1,0,0,NULL,0,900,0,0,0,400,0,54,0);
INSERT INTO TB_RPT_CONTROL VALUES(516,NULL,'{CALC_DESCRIPTION}',0,0,1,0,'Arial','Arial',12,0,0,'Black',NULL,58,0,165,1,0,0,NULL,0,5,0,0,0,760,0,54,0);
INSERT INTO TB_RPT_CONTROL VALUES(517,NULL,'{A1}',0,0,0,0,'Arial','Arial',10,0,0,'Black',NULL,58,0,1470,1,0,0,NULL,0,640,0,0,0,180,0,54,0);
INSERT INTO TB_RPT_CONTROL VALUES(518,NULL,'{A2}',0,0,0,0,'Arial','Arial',10,0,0,'Black',NULL,58,0,1470,1,0,0,NULL,0,700,0,0,0,180,0,54,0);
INSERT INTO TB_RPT_CONTROL VALUES(519,NULL,'{A3}',0,0,0,0,'Arial','Arial',10,0,0,'Black',NULL,58,0,1470,1,0,0,NULL,0,840,0,0,0,180,0,54,0);
INSERT INTO TB_RPT_CONTROL VALUES(520,NULL,'{A4}',0,0,0,0,'Arial','Arial',10,0,0,'Black',NULL,58,0,1470,1,0,0,NULL,0,900,0,0,0,180,0,54,0);
INSERT INTO TB_RPT_CONTROL VALUES(521,NULL,'{A5}',0,0,0,0,'Arial','Arial',10,0,0,'Black',NULL,58,0,1819,1,0,0,NULL,0,580,0,0,0,180,0,54,0);
INSERT INTO TB_RPT_CONTROL VALUES(522,NULL,'{A6}',0,0,0,0,'Arial','Arial',10,0,0,'Black',NULL,58,0,1819,1,0,0,NULL,0,780,0,0,0,180,0,54,0);
INSERT INTO TB_RPT_CONTROL VALUES(523,NULL,'{VALUE_10}',0,0,0,0,'Arial','Arial',10,0,0,'Black',NULL,58,0,1470,1,0,0,NULL,0,420,0,0,0,180,0,54,0);
INSERT INTO TB_RPT_CONTROL VALUES(524,NULL,'{DATE_CREATED}',0,0,0,0,'Arial','Arial',10,0,0,'Black',NULL,58,0,1510,1,0,0,NULL,0,85,0,0,0,330,0,54,0);
INSERT INTO TB_RPT_CONTROL VALUES(525,NULL,'{CALC_TYPE}',0,0,0,0,'Arial','Arial',10,0,0,'Black',NULL,58,0,1510,1,0,0,NULL,0,155,0,0,0,330,0,54,0);
INSERT INTO TB_RPT_CONTROL VALUES(526,NULL,'{JOB_ID}',0,0,0,0,'Arial','Arial',10,0,0,'Black',NULL,58,0,460,1,0,0,NULL,0,155,0,0,0,400,0,54,0);
INSERT INTO TB_RPT_CONTROL VALUES(527,NULL,'Job Name:',0,0,1,0,'Arial','Arial',10,0,0,'Black',NULL,58,0,165,1,0,0,NULL,0,85,0,0,0,280,0,54,0);
INSERT INTO TB_RPT_CONTROL VALUES(528,NULL,'Job ID:',0,0,1,0,'Arial','Arial',10,0,0,'Black',NULL,58,0,165,1,0,0,NULL,0,155,0,0,0,280,0,54,0);
INSERT INTO TB_RPT_CONTROL VALUES(529,NULL,'Date Created:',0,0,0,0,'Arial','Arial',10,0,0,'Black',NULL,58,0,1200,1,0,0,NULL,0,85,0,0,0,300,0,54,0);
INSERT INTO TB_RPT_CONTROL VALUES(530,NULL,'Calculation Type:',0,0,0,0,'Arial','Arial',10,0,0,'Black',NULL,58,0,1200,1,0,0,NULL,0,155,0,0,0,300,0,54,0);
INSERT INTO TB_RPT_CONTROL VALUES(531,NULL,NULL,1,0,0,0,NULL,NULL,1,0,0,NULL,NULL,25,0,70,1,0,0,NULL,NULL,220,0,0,0,1930,0,54,NULL);
INSERT INTO TB_RPT_CONTROL VALUES(532,NULL,'Name of feature class',0,0,1,0,'Arial','Arial',10,0,0,'Black',NULL,58,0,380,1,0,0,NULL,0,280,0,0,0,400,0,54,0);
INSERT INTO TB_RPT_CONTROL VALUES(533,NULL,'Feature ID',0,0,1,0,'Arial','Arial',10,0,0,'Black',NULL,58,0,785,1,0,0,NULL,0,280,0,0,0,200,0,54,0);
INSERT INTO TB_RPT_CONTROL VALUES(534,NULL,'X',0,0,1,0,'Arial','Arial',10,0,0,'Black',NULL,58,0,1000,1,0,0,NULL,0,280,0,0,0,225,0,54,0);
INSERT INTO TB_RPT_CONTROL VALUES(535,NULL,'Y',0,0,1,0,'Arial','Arial',10,0,0,'Black',NULL,58,0,1235,1,0,0,NULL,0,280,0,0,0,225,0,54,0);
INSERT INTO TB_RPT_CONTROL VALUES(536,NULL,'INTERSECTION',0,0,0,0,'Arial','Arial',10,0,0,'Black',NULL,58,0,70,1,0,0,NULL,0,350,0,0,0,285,0,54,0);
INSERT INTO TB_RPT_CONTROL VALUES(537,NULL,'{VALUE_9}',0,0,0,0,'Arial','Arial',10,0,0,'Black',NULL,58,0,785,1,0,0,NULL,0,420,0,0,0,200,0,54,0);
INSERT INTO TB_RPT_CONTROL VALUES(538,NULL,'Sense of rotation:',0,0,0,1,'Arial','Arial',10,0,0,'Black',NULL,58,0,380,1,0,0,NULL,0,420,0,0,0,400,0,54,0);
INSERT INTO TB_RPT_CONTROL VALUES(539,NULL,'Unit:',0,0,0,1,'Arial','Arial',10,0,0,'Black',NULL,58,0,1000,1,0,0,NULL,0,420,0,0,0,225,0,54,0);
INSERT INTO TB_RPT_CONTROL VALUES(540,NULL,'Name of feature class',0,0,1,0,'Arial','Arial',10,0,0,'Black',NULL,58,0,380,1,0,0,NULL,0,510,0,0,0,400,0,54,0);
INSERT INTO TB_RPT_CONTROL VALUES(541,NULL,'Feature ID',0,0,1,0,'Arial','Arial',10,0,0,'Black',NULL,58,0,785,1,0,0,NULL,0,510,0,0,0,200,0,54,0);
INSERT INTO TB_RPT_CONTROL VALUES(542,NULL,'X',0,0,1,0,'Arial','Arial',10,0,0,'Black',NULL,58,0,1000,1,0,0,NULL,0,510,0,0,0,225,0,54,0);
INSERT INTO TB_RPT_CONTROL VALUES(543,NULL,'Radius',0,0,1,0,'Arial','Arial',10,0,0,'Black',NULL,58,0,1660,1,0,0,NULL,0,510,0,0,0,180,0,54,0);
INSERT INTO TB_RPT_CONTROL VALUES(544,NULL,'Azimuth',0,0,1,0,'Arial','Arial',10,0,0,'Black',NULL,58,0,1819,1,0,0,NULL,0,510,0,0,0,180,0,54,0);
INSERT INTO TB_RPT_CONTROL VALUES(545,NULL,'ELEMENT 1',0,0,1,0,'Arial','Arial',10,0,0,'Black',NULL,58,0,70,1,0,0,NULL,0,580,0,0,0,285,0,54,0);
INSERT INTO TB_RPT_CONTROL VALUES(546,NULL,'ELEMENT 2',0,0,1,0,'Arial','Arial',10,0,0,'Black',NULL,58,0,70,1,0,0,NULL,0,780,0,0,0,285,0,54,0);
INSERT INTO TB_RPT_CONTROL VALUES(547,NULL,'Point 1',0,0,0,0,'Arial','Arial',10,0,0,'Black',NULL,58,0,70,1,0,0,NULL,0,640,0,0,0,285,0,54,0);
INSERT INTO TB_RPT_CONTROL VALUES(548,NULL,'Point 2',0,0,0,0,'Arial','Arial',10,0,0,'Black',NULL,58,0,70,1,0,0,NULL,0,700,0,0,0,285,0,54,0);
INSERT INTO TB_RPT_CONTROL VALUES(549,NULL,'Point 3',0,0,0,0,'Arial','Arial',10,0,0,'Black',NULL,58,0,70,1,0,0,NULL,0,840,0,0,0,285,0,54,0);
INSERT INTO TB_RPT_CONTROL VALUES(550,NULL,'Point 4',0,0,0,0,'Arial','Arial',10,0,0,'Black',NULL,58,0,70,1,0,0,NULL,0,900,0,0,0,285,0,54,0);
INSERT INTO TB_RPT_CONTROL VALUES(551,NULL,NULL,1,0,0,0,NULL,NULL,1,0,0,NULL,NULL,25,0,70,1,0,0,NULL,NULL,1000,0,0,0,1930,0,54,NULL);
INSERT INTO TB_RPT_CONTROL VALUES(552,NULL,'Y',0,0,1,0,'Arial','Arial',10,0,0,'Black',NULL,58,0,1235,1,0,0,NULL,0,510,0,0,0,225,0,54,0);
INSERT INTO TB_RPT_CONTROL VALUES(553,NULL,'Offset',0,0,1,0,'Arial','Arial',10,0,0,'Black',NULL,58,0,1470,1,0,0,NULL,0,510,0,0,0,180,0,54,0);
INSERT INTO TB_RPT_CONTROL VALUES(554,NULL,'ConstructIntersection.gif',2,0,0,0,NULL,NULL,0,0,0,NULL,NULL,58,0,90,1,0,0,NULL,NULL,0,0,0,0,58,0,54,NULL);
INSERT INTO TB_RPT_CONTROL VALUES(555,NULL,'{X0}',0,0,0,0,'Arial','Arial',10,0,0,'Black',NULL,58,0,1000,1,0,0,NULL,0,350,0,0,0,225,0,54,0);
INSERT INTO TB_RPT_CONTROL VALUES(556,NULL,'{NAME}',0,0,0,0,'Arial','Arial',10,0,0,'Black',NULL,58,0,460,1,0,0,NULL,0,85,0,0,0,400,0,54,0);
INSERT INTO TB_RPT_CONTROL VALUES(557,NULL,'{Y0}',0,0,0,0,'Arial','Arial',10,0,0,'Black',NULL,58,0,1235,1,0,0,NULL,0,350,0,0,0,225,0,54,0);
INSERT INTO TB_RPT_CONTROL VALUES(558,NULL,'{X1}',0,0,0,0,'Arial','Arial',10,0,0,'Black',NULL,58,0,1000,1,0,0,NULL,0,640,0,0,0,225,0,54,0);
INSERT INTO TB_RPT_CONTROL VALUES(559,NULL,'{Y1}',0,0,0,0,'Arial','Arial',10,0,0,'Black',NULL,58,0,1235,1,0,0,NULL,0,640,0,0,0,225,0,54,0);
INSERT INTO TB_RPT_CONTROL VALUES(560,NULL,'{X2}',0,0,0,0,'Arial','Arial',10,0,0,'Black',NULL,58,0,1000,1,0,0,NULL,0,700,0,0,0,225,0,54,0);
INSERT INTO TB_RPT_CONTROL VALUES(561,NULL,'{Y2}',0,0,0,0,'Arial','Arial',10,0,0,'Black',NULL,58,0,1235,1,0,0,NULL,0,700,0,0,0,225,0,54,0);
INSERT INTO TB_RPT_CONTROL VALUES(562,NULL,'{X3}',0,0,0,0,'Arial','Arial',10,0,0,'Black',NULL,58,0,1000,1,0,0,NULL,0,840,0,0,0,225,0,54,0);
INSERT INTO TB_RPT_CONTROL VALUES(563,NULL,NULL,1,0,0,0,NULL,NULL,1,0,0,NULL,NULL,25,0,70,1,0,0,NULL,NULL,0,0,0,0,1930,0,36,NULL);
INSERT INTO TB_RPT_CONTROL VALUES(564,NULL,NULL,1,0,0,0,NULL,NULL,1,0,0,NULL,NULL,25,0,70,1,0,0,NULL,NULL,0,0,0,0,1930,0,57,NULL);
INSERT INTO TB_RPT_CONTROL VALUES(565,NULL,'Adsk_Logo_M_R_Blk.png',2,0,0,0,NULL,NULL,0,0,0,NULL,NULL,58,0,1747,1,0,0,NULL,NULL,91,0,0,0,254,0,58,NULL);
INSERT INTO TB_RPT_CONTROL VALUES(566,NULL,'Intersection Report',0,0,1,0,'Arial','Arial',14,0,0,'Black',NULL,58,0,70,1,0,0,NULL,0,91,0,0,0,800,0,58,0);
INSERT INTO TB_RPT_CONTROL VALUES(567,NULL,NULL,1,0,0,0,NULL,NULL,2,0,0,NULL,NULL,28,0,70,1,0,0,NULL,NULL,142,0,0,0,1930,0,58,NULL);
INSERT INTO TB_RPT_CONTROL VALUES(568,NULL,'{Fun.Getusername}',0,0,1,0,'Arial','Arial',12,0,0,'Black',NULL,58,0,875,1,0,0,NULL,0,91,0,1,0,860,0,58,0);
INSERT INTO TB_RPT_CONTROL VALUES(569,NULL,NULL,1,0,0,0,NULL,NULL,2,0,0,NULL,NULL,28,0,70,1,2,0,NULL,NULL,180,0,0,0,1930,0,59,NULL);
INSERT INTO TB_RPT_CONTROL VALUES(570,NULL,'Document.gif',2,0,0,0,NULL,NULL,0,0,0,NULL,NULL,58,0,90,1,2,0,NULL,NULL,100,0,0,0,58,0,59,NULL);
INSERT INTO TB_RPT_CONTROL VALUES(571,NULL,'User.gif',2,0,0,0,NULL,NULL,0,0,0,NULL,NULL,58,0,90,1,2,0,NULL,NULL,15,0,0,0,58,0,59,NULL);
INSERT INTO TB_RPT_CONTROL VALUES(572,NULL,'{Fun.Workspacename}',0,0,0,0,'Arial','Arial',10,0,0,'Black',NULL,58,0,165,1,2,0,NULL,0,20,0,0,0,500,0,59,0);
INSERT INTO TB_RPT_CONTROL VALUES(573,NULL,'{Fun.Getusername}',0,0,0,0,'Arial','Arial',10,0,0,'Black',NULL,58,0,165,1,2,0,NULL,0,105,0,0,0,500,0,59,0);
INSERT INTO TB_RPT_CONTROL VALUES(574,NULL,'ReportBackgroundMagenta.gif',2,0,0,0,NULL,NULL,0,0,0,NULL,NULL,180,0,70,1,0,0,NULL,NULL,0,0,0,0,1930,0,59,NULL);
INSERT INTO TB_RPT_CONTROL VALUES(575,NULL,'© 2012  Autodesk, Inc.',0,0,0,0,'Arial','Arial',10,0,0,'Black',NULL,58,2,875,1,0,0,NULL,0,40,0,0,0,432,0,60,0);
INSERT INTO TB_RPT_CONTROL VALUES(576,NULL,'Page {Report.PageIndex} of {Report.PageCount}',0,0,0,0,'Arial','Arial',10,0,0,'Black',NULL,58,1,1500,1,0,0,NULL,0,40,0,0,0,500,0,60,0);
INSERT INTO TB_RPT_CONTROL VALUES(577,NULL,'{Report.PrintDate}',0,0,0,0,'Arial','Arial',10,0,0,'Black',NULL,58,0,345,1,0,0,NULL,0,40,0,0,0,203,0,60,0);
INSERT INTO TB_RPT_CONTROL VALUES(578,NULL,NULL,1,0,0,0,NULL,NULL,1,0,0,NULL,NULL,30,0,70,1,0,0,NULL,NULL,0,0,0,0,1930,0,60,NULL);
INSERT INTO TB_RPT_CONTROL VALUES(579,NULL,'Last printed on:',0,0,0,0,'Arial','Arial',10,0,0,'Black',NULL,58,0,70,1,0,0,NULL,0,40,0,0,0,279,0,60,0);
INSERT INTO TB_RPT_CONTROL VALUES(580,NULL,'{F_CLASS_NAME_P3}',0,0,0,0,'Arial','Arial',10,0,0,'Black',NULL,58,0,380,1,0,0,NULL,0,830,0,0,0,400,0,63,0);
INSERT INTO TB_RPT_CONTROL VALUES(581,NULL,'{F_CLASS_NAME_P4}',0,0,0,0,'Arial','Arial',10,0,0,'Black',NULL,58,0,380,1,0,0,NULL,0,890,0,0,0,400,0,63,0);
INSERT INTO TB_RPT_CONTROL VALUES(582,NULL,'{A1}',0,0,0,0,'Arial','Arial',10,0,0,'Black',NULL,58,0,1470,1,0,0,NULL,0,630,0,0,0,180,0,63,0);
INSERT INTO TB_RPT_CONTROL VALUES(583,NULL,'{A2}',0,0,0,0,'Arial','Arial',10,0,0,'Black',NULL,58,0,1470,1,0,0,NULL,0,690,0,0,0,180,0,63,0);
INSERT INTO TB_RPT_CONTROL VALUES(584,NULL,'{A3}',0,0,0,0,'Arial','Arial',10,0,0,'Black',NULL,58,0,1470,1,0,0,NULL,0,830,0,0,0,180,0,63,0);
INSERT INTO TB_RPT_CONTROL VALUES(585,NULL,'{A4}',0,0,0,0,'Arial','Arial',10,0,0,'Black',NULL,58,0,1470,1,0,0,NULL,0,890,0,0,0,180,0,63,0);
INSERT INTO TB_RPT_CONTROL VALUES(586,NULL,'{VALUE_9}',0,0,0,0,'Arial','Arial',10,0,0,'Black',NULL,58,0,785,1,0,0,NULL,0,420,0,0,0,200,0,63,0);
INSERT INTO TB_RPT_CONTROL VALUES(587,NULL,'{VALUE_10}',0,0,0,0,'Arial','Arial',10,0,0,'Black',NULL,58,0,1235,1,0,0,NULL,0,420,0,0,0,225,0,63,0);
INSERT INTO TB_RPT_CONTROL VALUES(588,NULL,'{A5}',0,0,0,0,'Arial','Arial',10,0,0,'Black',NULL,58,0,1819,1,0,0,NULL,0,570,0,0,0,178,0,63,0);
INSERT INTO TB_RPT_CONTROL VALUES(589,NULL,'{A6}',0,0,0,0,'Arial','Arial',10,0,0,'Black',NULL,58,0,1819,1,0,0,NULL,0,770,0,0,0,178,0,63,0);
INSERT INTO TB_RPT_CONTROL VALUES(590,NULL,'{DATE_CREATED}',0,0,0,0,'Arial','Arial',10,0,0,'Black',NULL,58,0,1510,1,0,0,NULL,0,85,0,0,0,330,0,63,0);
INSERT INTO TB_RPT_CONTROL VALUES(591,NULL,'{CALC_TYPE}',0,0,0,0,'Arial','Arial',10,0,0,'Black',NULL,58,0,1510,1,0,0,NULL,0,155,0,0,0,330,0,63,0);
INSERT INTO TB_RPT_CONTROL VALUES(592,NULL,'{JOB_ID}',0,0,0,0,'Arial','Arial',10,0,0,'Black',NULL,58,0,425,1,0,0,NULL,0,155,0,0,0,400,0,63,0);
INSERT INTO TB_RPT_CONTROL VALUES(593,NULL,'Name of feature class',0,0,1,0,'Arial','Arial',10,0,0,'Black',NULL,58,0,380,1,0,0,NULL,0,280,0,0,0,400,0,63,0);
INSERT INTO TB_RPT_CONTROL VALUES(594,NULL,'Feature ID',0,0,1,0,'Arial','Arial',10,0,0,'Black',NULL,58,0,785,1,0,0,NULL,0,280,0,0,0,200,0,63,0);
INSERT INTO TB_RPT_CONTROL VALUES(595,NULL,'X ',0,0,1,0,'Arial','Arial',10,0,0,'Black',NULL,58,0,1000,1,0,0,NULL,0,280,0,0,0,225,0,63,0);
INSERT INTO TB_RPT_CONTROL VALUES(596,NULL,'Y',0,0,1,0,'Arial','Arial',10,0,0,'Black',NULL,58,0,1235,1,0,0,NULL,0,280,0,0,0,225,0,63,0);
INSERT INTO TB_RPT_CONTROL VALUES(597,NULL,NULL,1,0,0,0,NULL,NULL,1,0,0,NULL,NULL,30,0,70,1,0,0,NULL,NULL,970,0,0,0,1930,0,63,NULL);
INSERT INTO TB_RPT_CONTROL VALUES(598,NULL,'{NAME}',0,0,0,0,'Arial','Arial',10,0,0,'Black',NULL,58,0,425,1,0,0,NULL,0,85,0,0,0,400,0,63,0);
INSERT INTO TB_RPT_CONTROL VALUES(599,NULL,'Job Name:',0,0,1,0,'Arial','Arial',10,0,0,'Black',NULL,58,0,165,1,0,0,NULL,0,85,0,0,0,250,0,63,0);
INSERT INTO TB_RPT_CONTROL VALUES(600,NULL,'Date Created:',0,0,0,0,'Arial','Arial',10,0,0,'Black',NULL,58,0,1200,1,0,0,NULL,0,85,0,0,0,300,0,63,0);
INSERT INTO TB_RPT_CONTROL VALUES(601,NULL,'Calculation Type:',0,0,0,0,'Arial','Arial',10,0,0,'Black',NULL,58,0,1200,1,0,0,NULL,0,155,0,0,0,300,0,63,0);
INSERT INTO TB_RPT_CONTROL VALUES(602,NULL,'Job ID:',0,0,1,0,'Arial','Arial',10,0,0,'Black',NULL,58,0,165,1,0,0,NULL,0,155,0,0,0,250,0,63,0);
INSERT INTO TB_RPT_CONTROL VALUES(603,NULL,'ELEMENT 1',0,0,1,0,'Arial','Arial',10,0,0,'Black',NULL,58,0,70,1,0,0,NULL,0,570,0,0,0,285,0,63,0);
INSERT INTO TB_RPT_CONTROL VALUES(604,NULL,NULL,1,0,0,0,NULL,NULL,1,0,0,NULL,NULL,30,0,70,1,0,0,NULL,NULL,223,0,0,0,1930,0,63,NULL);
INSERT INTO TB_RPT_CONTROL VALUES(605,NULL,'Name of feature class',0,0,1,0,'Arial','Arial',10,0,0,'Black',NULL,58,0,380,1,0,0,NULL,0,500,0,0,0,400,0,63,0);
INSERT INTO TB_RPT_CONTROL VALUES(606,NULL,'Feature ID',0,0,1,0,'Arial','Arial',10,0,0,'Black',NULL,58,0,785,1,0,0,NULL,0,500,0,0,0,200,0,63,0);
INSERT INTO TB_RPT_CONTROL VALUES(607,NULL,'X ',0,0,1,0,'Arial','Arial',10,0,0,'Black',NULL,58,0,1000,1,0,0,NULL,0,500,0,0,0,225,0,63,0);
INSERT INTO TB_RPT_CONTROL VALUES(608,NULL,'Y',0,0,1,0,'Arial','Arial',10,0,0,'Black',NULL,58,0,1235,1,0,0,NULL,0,500,0,0,0,225,0,63,0);
INSERT INTO TB_RPT_CONTROL VALUES(609,NULL,'Offset',0,0,1,0,'Arial','Arial',10,0,0,'Black',NULL,58,0,1470,1,0,0,NULL,0,500,0,0,0,180,0,63,0);
INSERT INTO TB_RPT_CONTROL VALUES(610,NULL,'Radius',0,0,1,0,'Arial','Arial',10,0,0,'Black',NULL,58,0,1660,1,0,0,NULL,0,500,0,0,0,180,0,63,0);
INSERT INTO TB_RPT_CONTROL VALUES(611,NULL,'Azimuth',0,0,1,0,'Arial','Arial',10,0,0,'Black',NULL,58,0,1819,1,0,0,NULL,0,500,0,0,0,178,0,63,0);
INSERT INTO TB_RPT_CONTROL VALUES(612,NULL,'Point 1',0,0,0,0,'Arial','Arial',10,0,0,'Black',NULL,58,0,70,1,0,0,NULL,0,630,0,0,0,285,0,63,0);
INSERT INTO TB_RPT_CONTROL VALUES(613,NULL,'Point 2',0,0,0,0,'Arial','Arial',10,0,0,'Black',NULL,58,0,70,1,0,0,NULL,0,690,0,0,0,285,0,63,0);
INSERT INTO TB_RPT_CONTROL VALUES(614,NULL,'Point 3',0,0,0,0,'Arial','Arial',10,0,0,'Black',NULL,58,0,70,1,0,0,NULL,0,830,0,0,0,285,0,63,0);
INSERT INTO TB_RPT_CONTROL VALUES(615,NULL,'Point 4',0,0,0,0,'Arial','Arial',10,0,0,'Black',NULL,58,0,70,1,0,0,NULL,0,890,0,0,0,285,0,63,0);
INSERT INTO TB_RPT_CONTROL VALUES(616,NULL,'ELEMENT 2',0,0,1,0,'Arial','Arial',10,0,0,'Black',NULL,58,0,70,1,0,0,NULL,0,770,0,0,0,285,0,63,0);
INSERT INTO TB_RPT_CONTROL VALUES(617,NULL,'INTERSECTION',0,0,0,0,'Arial','Arial',10,0,0,'Black',NULL,58,0,61,1,0,0,NULL,0,350,0,0,0,285,0,63,0);
INSERT INTO TB_RPT_CONTROL VALUES(618,NULL,'Sense of rotation:',0,0,0,1,'Arial','Arial',10,0,0,'Black',NULL,58,0,380,1,0,0,NULL,0,420,0,0,0,400,0,63,0);
INSERT INTO TB_RPT_CONTROL VALUES(619,NULL,'Unit:',0,0,0,1,'Arial','Arial',10,0,0,'Black',NULL,58,0,1000,1,0,0,NULL,0,420,0,0,0,225,0,63,0);
INSERT INTO TB_RPT_CONTROL VALUES(620,NULL,'{P2}',0,0,0,0,'Arial','Arial',10,0,0,'Black',NULL,58,0,785,1,0,0,NULL,0,690,0,0,0,200,0,63,0);
INSERT INTO TB_RPT_CONTROL VALUES(621,NULL,'{X1}',0,0,0,0,'Arial','Arial',10,0,0,'Black',NULL,58,0,1000,1,0,0,NULL,0,630,0,0,0,225,0,63,0);
INSERT INTO TB_RPT_CONTROL VALUES(622,NULL,'{Y1}',0,0,0,0,'Arial','Arial',10,0,0,'Black',NULL,58,0,1235,1,0,0,NULL,0,630,0,0,0,225,0,63,0);
INSERT INTO TB_RPT_CONTROL VALUES(623,NULL,'{X2}',0,0,0,0,'Arial','Arial',10,0,0,'Black',NULL,58,0,1000,1,0,0,NULL,0,690,0,0,0,225,0,63,0);
INSERT INTO TB_RPT_CONTROL VALUES(624,NULL,'{Y2}',0,0,0,0,'Arial','Arial',10,0,0,'Black',NULL,58,0,1235,1,0,0,NULL,0,690,0,0,0,225,0,63,0);
INSERT INTO TB_RPT_CONTROL VALUES(625,NULL,'{R1}',0,0,0,0,'Arial','Arial',10,0,0,'Black',NULL,58,0,1660,1,0,0,NULL,0,570,0,0,0,180,0,63,0);
INSERT INTO TB_RPT_CONTROL VALUES(626,NULL,'{P0}',0,0,0,0,'Arial','Arial',10,0,0,'Black',NULL,58,0,785,1,0,0,NULL,0,350,0,0,0,200,0,63,0);
INSERT INTO TB_RPT_CONTROL VALUES(627,NULL,'{X0}',0,0,0,0,'Arial','Arial',10,0,0,'Black',NULL,58,0,1000,1,0,0,NULL,0,350,0,0,0,225,0,63,0);
INSERT INTO TB_RPT_CONTROL VALUES(628,NULL,'{Y0}',0,0,0,0,'Arial','Arial',10,0,0,'Black',NULL,58,0,1235,1,0,0,NULL,0,350,0,0,0,225,0,63,0);
INSERT INTO TB_RPT_CONTROL VALUES(629,NULL,'{P1}',0,0,0,0,'Arial','Arial',10,0,0,'Black',NULL,58,0,785,1,0,0,NULL,0,630,0,0,0,200,0,63,0);
INSERT INTO TB_RPT_CONTROL VALUES(630,NULL,'{F_CLASS_NAME}',0,0,0,0,'Arial','Arial',10,0,0,'Black',NULL,58,0,380,1,0,0,NULL,0,350,0,0,0,400,0,63,0);
INSERT INTO TB_RPT_CONTROL VALUES(631,NULL,'{F_CLASS_NAME_P1}',0,0,0,0,'Arial','Arial',10,0,0,'Black',NULL,58,0,380,1,0,0,NULL,0,630,0,0,0,400,0,63,0);
INSERT INTO TB_RPT_CONTROL VALUES(632,NULL,'{F_CLASS_NAME_P2}',0,0,0,0,'Arial','Arial',10,0,0,'Black',NULL,58,0,380,1,0,0,NULL,0,690,0,0,0,400,0,63,0);
INSERT INTO TB_RPT_CONTROL VALUES(633,NULL,'{R2}',0,0,0,0,'Arial','Arial',10,0,0,'Black',NULL,58,0,1660,1,0,0,NULL,0,770,0,0,0,180,0,63,0);
INSERT INTO TB_RPT_CONTROL VALUES(634,NULL,'{CALC_DESCRIPTION}',0,0,1,0,'Arial','Arial',12,0,0,'Black',NULL,58,0,165,1,0,0,NULL,0,5,0,0,0,760,0,63,0);
INSERT INTO TB_RPT_CONTROL VALUES(635,NULL,'{X3}',0,0,0,0,'Arial','Arial',10,0,0,'Black',NULL,58,0,1000,1,0,0,NULL,0,830,0,0,0,225,0,63,0);
INSERT INTO TB_RPT_CONTROL VALUES(636,NULL,'{Y3}',0,0,0,0,'Arial','Arial',10,0,0,'Black',NULL,58,0,1235,1,0,0,NULL,0,830,0,0,0,225,0,63,0);
INSERT INTO TB_RPT_CONTROL VALUES(637,NULL,'{P3}',0,0,0,0,'Arial','Arial',10,0,0,'Black',NULL,58,0,785,1,0,0,NULL,0,830,0,0,0,200,0,63,0);
INSERT INTO TB_RPT_CONTROL VALUES(638,NULL,'{P4}',0,0,0,0,'Arial','Arial',10,0,0,'Black',NULL,58,0,785,1,0,0,NULL,0,890,0,0,0,200,0,63,0);
INSERT INTO TB_RPT_CONTROL VALUES(639,NULL,'{Y4}',0,0,0,0,'Arial','Arial',10,0,0,'Black',NULL,58,0,1235,1,0,0,NULL,0,890,0,0,0,225,0,63,0);
INSERT INTO TB_RPT_CONTROL VALUES(640,NULL,'{X4}',0,0,0,0,'Arial','Arial',10,0,0,'Black',NULL,58,0,1000,1,0,0,NULL,0,890,0,0,0,225,0,63,0);
INSERT INTO TB_RPT_CONTROL VALUES(641,NULL,'ConstructIntersection.gif',2,0,0,0,NULL,NULL,0,0,0,NULL,NULL,58,0,90,0,0,0,NULL,NULL,0,0,0,0,58,0,63,NULL);
INSERT INTO TB_RPT_CONTROL VALUES(642,NULL,'Adsk_Logo_M_R_Blk.png',2,0,0,0,NULL,NULL,10,0,0,NULL,NULL,58,0,1747,1,0,0,NULL,NULL,91,0,0,0,254,0,67,NULL);
INSERT INTO TB_RPT_CONTROL VALUES(643,NULL,'Orthogonal Calculation Report',0,0,1,0,'Arial','Arial',12,0,0,'Black',NULL,58,0,70,1,0,0,NULL,0,91,0,0,0,820,0,67,0);
INSERT INTO TB_RPT_CONTROL VALUES(644,NULL,NULL,1,0,0,0,NULL,NULL,2,0,0,NULL,NULL,24,0,70,1,0,0,NULL,NULL,142,0,0,0,1930,0,67,NULL);
INSERT INTO TB_RPT_CONTROL VALUES(645,NULL,'{Fun.Getusername}',0,0,1,0,'Arial','Arial',12,0,0,'Black',NULL,58,0,895,1,0,0,NULL,0,91,0,0,0,855,0,67,0);
INSERT INTO TB_RPT_CONTROL VALUES(646,NULL,NULL,1,0,0,0,NULL,NULL,2,0,0,NULL,NULL,24,0,70,1,2,0,NULL,NULL,180,0,0,0,1930,0,68,NULL);
INSERT INTO TB_RPT_CONTROL VALUES(647,NULL,'{Fun.Getusername}',0,0,0,0,'Arial','Arial',10,0,0,'Black',NULL,58,0,165,1,2,0,NULL,0,105,0,0,0,500,0,68,0);
INSERT INTO TB_RPT_CONTROL VALUES(648,NULL,'Document.gif',2,0,0,0,NULL,NULL,0,0,0,NULL,NULL,58,0,90,1,2,0,NULL,NULL,100,0,0,0,58,0,68,NULL);
INSERT INTO TB_RPT_CONTROL VALUES(649,NULL,'User.gif',2,0,0,0,NULL,NULL,0,0,0,NULL,NULL,58,0,90,1,2,0,NULL,NULL,15,0,0,0,58,0,68,NULL);
INSERT INTO TB_RPT_CONTROL VALUES(650,NULL,'{Fun.Workspacename}',0,0,0,0,'Arial','Arial',10,0,0,'Black',NULL,58,0,165,1,2,0,NULL,0,20,0,0,0,500,0,68,0);
INSERT INTO TB_RPT_CONTROL VALUES(651,NULL,'ReportBackgroundMagenta.gif',2,0,0,0,NULL,NULL,0,0,0,NULL,NULL,180,0,70,1,0,0,NULL,NULL,0,0,0,0,1930,0,68,NULL);
INSERT INTO TB_RPT_CONTROL VALUES(652,NULL,'© 2012  Autodesk, Inc.',0,0,0,0,'Arial','Arial',10,0,0,'Black',NULL,58,2,875,1,0,0,NULL,0,40,0,0,0,432,0,69,0);
INSERT INTO TB_RPT_CONTROL VALUES(653,NULL,'{Report.PrintDate}',0,0,0,0,'Arial','Arial',10,0,0,'Black',NULL,58,0,345,1,0,0,NULL,0,40,0,0,0,203,0,69,0);
INSERT INTO TB_RPT_CONTROL VALUES(654,NULL,'Page {Report.PageIndex} of {Report.PageCount}',0,0,0,0,'Arial','Arial',10,0,0,'Black',NULL,58,1,1494,1,0,0,NULL,0,40,0,0,0,500,0,69,0);
INSERT INTO TB_RPT_CONTROL VALUES(655,NULL,NULL,1,0,0,0,NULL,NULL,1,0,0,NULL,NULL,24,0,70,1,0,0,NULL,NULL,0,0,0,0,1930,0,69,NULL);
INSERT INTO TB_RPT_CONTROL VALUES(656,NULL,'Last printed on:',0,0,0,0,'Arial','Arial',10,0,0,'Black',NULL,58,0,70,1,0,0,NULL,0,40,0,0,0,279,0,69,0);
INSERT INTO TB_RPT_CONTROL VALUES(657,NULL,'Job Name:',0,0,1,0,'Arial','Arial',10,0,0,'Black',NULL,58,0,165,1,0,0,NULL,0,85,0,0,0,250,0,66,0);
INSERT INTO TB_RPT_CONTROL VALUES(658,NULL,'Date Created:',0,0,0,0,'Arial','Arial',10,0,0,'Black',NULL,58,0,1200,1,0,0,NULL,0,85,0,0,0,300,0,66,0);
INSERT INTO TB_RPT_CONTROL VALUES(659,NULL,'Calculation Type:',0,0,0,0,'Arial','Arial',10,0,0,'Black',NULL,58,0,1200,1,0,0,NULL,0,155,0,0,0,300,0,66,0);
INSERT INTO TB_RPT_CONTROL VALUES(660,NULL,'Job ID:',0,0,1,0,'Arial','Arial',10,0,0,'Black',NULL,58,0,165,1,0,0,NULL,0,155,0,0,0,250,0,66,0);
INSERT INTO TB_RPT_CONTROL VALUES(661,NULL,NULL,1,0,0,0,NULL,NULL,1,0,0,NULL,NULL,24,0,70,1,0,0,NULL,NULL,223,0,0,0,1930,0,66,NULL);
INSERT INTO TB_RPT_CONTROL VALUES(662,NULL,'Name of feature class',0,0,1,0,'Arial','Arial',10,0,0,'Black',NULL,58,0,420,1,0,0,NULL,0,500,0,0,0,400,0,66,0);
INSERT INTO TB_RPT_CONTROL VALUES(663,NULL,'Feature ID',0,0,1,0,'Arial','Arial',10,0,0,'Black',NULL,58,0,850,1,0,0,NULL,0,500,0,0,0,200,0,66,0);
INSERT INTO TB_RPT_CONTROL VALUES(664,NULL,'X ',0,0,1,0,'Arial','Arial',10,0,0,'Black',NULL,58,0,1080,1,0,0,NULL,0,500,0,0,0,225,0,66,0);
INSERT INTO TB_RPT_CONTROL VALUES(665,NULL,'Y',0,0,1,0,'Arial','Arial',10,0,0,'Black',NULL,58,0,1331,1,0,0,NULL,0,500,0,0,0,225,0,66,0);
INSERT INTO TB_RPT_CONTROL VALUES(666,NULL,'Offset',0,0,1,0,'Arial','Arial',10,0,0,'Black',NULL,58,0,1585,1,0,0,NULL,0,500,0,0,0,180,0,66,0);
INSERT INTO TB_RPT_CONTROL VALUES(667,NULL,'Delta',0,0,0,0,'Arial','Arial',10,0,0,'Black',NULL,58,0,1080,1,0,0,NULL,0,890,0,0,0,180,0,66,0);
INSERT INTO TB_RPT_CONTROL VALUES(668,NULL,'Delta',0,0,0,0,'Arial','Arial',10,0,0,'Black',NULL,58,0,1080,1,0,0,NULL,0,830,0,0,0,180,0,66,0);
INSERT INTO TB_RPT_CONTROL VALUES(669,NULL,'Point 1',0,0,0,0,'Arial','Arial',10,0,0,'Black',NULL,58,0,70,1,0,0,NULL,0,630,0,0,0,330,0,66,0);
INSERT INTO TB_RPT_CONTROL VALUES(670,NULL,'Point 2',0,0,0,0,'Arial','Arial',10,0,0,'Black',NULL,58,0,70,1,0,0,NULL,0,690,0,0,0,330,0,66,0);
INSERT INTO TB_RPT_CONTROL VALUES(671,NULL,'Abscissa',0,0,0,0,'Arial','Arial',10,0,0,'Black',NULL,58,0,70,1,0,0,NULL,0,770,0,0,0,330,0,66,0);
INSERT INTO TB_RPT_CONTROL VALUES(672,NULL,'Ordinate',0,0,0,0,'Arial','Arial',10,0,0,'Black',NULL,58,0,70,1,0,0,NULL,0,830,0,0,0,330,0,66,0);
INSERT INTO TB_RPT_CONTROL VALUES(673,NULL,'NEW POINT',0,0,0,0,'Arial','Arial',10,0,0,'Black',NULL,58,0,61,1,0,0,NULL,0,350,0,0,0,330,0,66,0);
INSERT INTO TB_RPT_CONTROL VALUES(674,NULL,'Unit:',0,0,0,1,'Arial','Arial',10,0,0,'Black',NULL,58,0,1080,1,0,0,NULL,0,420,0,0,0,225,0,66,0);
INSERT INTO TB_RPT_CONTROL VALUES(675,NULL,NULL,1,0,0,0,NULL,NULL,1,0,0,NULL,NULL,24,0,70,1,0,0,NULL,NULL,1030,0,0,0,1930,0,66,NULL);
INSERT INTO TB_RPT_CONTROL VALUES(676,NULL,'{P2}',0,0,0,0,'Arial','Arial',10,0,0,'Black',NULL,58,0,850,1,0,0,NULL,0,690,0,0,0,200,0,66,0);
INSERT INTO TB_RPT_CONTROL VALUES(677,NULL,'{X1}',0,0,0,0,'Arial','Arial',10,0,0,'Black',NULL,58,0,1080,1,0,0,NULL,0,630,0,0,0,225,0,66,0);
INSERT INTO TB_RPT_CONTROL VALUES(678,NULL,'{Y1}',0,0,0,0,'Arial','Arial',10,0,0,'Black',NULL,58,0,1331,1,0,0,NULL,0,630,0,0,0,225,0,66,0);
INSERT INTO TB_RPT_CONTROL VALUES(679,NULL,'{X2}',0,0,0,0,'Arial','Arial',10,0,0,'Black',NULL,58,0,1080,1,0,0,NULL,0,690,0,0,0,225,0,66,0);
INSERT INTO TB_RPT_CONTROL VALUES(680,NULL,'{Y2}',0,0,0,0,'Arial','Arial',10,0,0,'Black',NULL,58,0,1331,1,0,0,NULL,0,690,0,0,0,225,0,66,0);
INSERT INTO TB_RPT_CONTROL VALUES(681,NULL,'{R1}',0,0,0,0,'Arial','Arial',10,0,0,'Black',NULL,58,0,1798,1,0,0,NULL,0,570,0,0,0,180,0,66,0);
INSERT INTO TB_RPT_CONTROL VALUES(682,NULL,'{P0}',0,0,0,0,'Arial','Arial',10,0,0,'Black',NULL,58,0,850,1,0,0,NULL,0,350,0,0,0,200,0,66,0);
INSERT INTO TB_RPT_CONTROL VALUES(683,NULL,'{X0}',0,0,0,0,'Arial','Arial',10,0,0,'Black',NULL,58,0,1080,1,0,0,NULL,0,350,0,0,0,225,0,66,0);
INSERT INTO TB_RPT_CONTROL VALUES(684,NULL,'{Y0}',0,0,0,0,'Arial','Arial',10,0,0,'Black',NULL,58,0,1331,1,0,0,NULL,0,350,0,0,0,225,0,66,0);
INSERT INTO TB_RPT_CONTROL VALUES(685,NULL,'{P1}',0,0,0,0,'Arial','Arial',10,0,0,'Black',NULL,58,0,850,1,0,0,NULL,0,630,0,0,0,200,0,66,0);
INSERT INTO TB_RPT_CONTROL VALUES(686,NULL,'{F_CLASS_NAME}',0,0,0,0,'Arial','Arial',10,0,0,'Black',NULL,58,0,420,1,0,0,NULL,0,350,0,0,0,400,0,66,0);
INSERT INTO TB_RPT_CONTROL VALUES(687,NULL,'{F_CLASS_NAME_P1}',0,0,0,0,'Arial','Arial',10,0,0,'Black',NULL,58,0,420,1,0,0,NULL,0,630,0,0,0,400,0,66,0);
INSERT INTO TB_RPT_CONTROL VALUES(688,NULL,'{F_CLASS_NAME_P2}',0,0,0,0,'Arial','Arial',10,0,0,'Black',NULL,58,0,420,1,0,0,NULL,0,690,0,0,0,400,0,66,0);
INSERT INTO TB_RPT_CONTROL VALUES(689,NULL,'{R2}',0,0,0,0,'Arial','Arial',10,0,0,'Black',NULL,58,0,1585,1,0,0,NULL,0,570,0,0,0,180,0,66,0);
INSERT INTO TB_RPT_CONTROL VALUES(690,NULL,'{CALC_DESCRIPTION}',0,0,1,0,'Arial','Arial',12,0,0,'Black',NULL,58,0,165,1,0,0,NULL,0,5,0,0,0,760,0,66,0);
INSERT INTO TB_RPT_CONTROL VALUES(691,NULL,'{A1}',0,0,0,0,'Arial','Arial',10,0,0,'Black',NULL,58,0,1585,1,0,0,NULL,0,630,0,0,0,180,0,66,0);
INSERT INTO TB_RPT_CONTROL VALUES(692,NULL,'{A2}',0,0,0,0,'Arial','Arial',10,0,0,'Black',NULL,58,0,1585,1,0,0,NULL,0,690,0,0,0,180,0,66,0);
INSERT INTO TB_RPT_CONTROL VALUES(693,NULL,'{A4}',0,0,0,0,'Arial','Arial',10,0,0,'Black',NULL,58,0,420,1,0,0,NULL,0,950,0,0,0,400,0,66,0);
INSERT INTO TB_RPT_CONTROL VALUES(694,NULL,'{VALUE_9}',0,0,0,0,'Arial','Arial',10,0,0,'Black',NULL,58,0,850,1,0,0,NULL,0,420,0,0,0,200,0,66,0);
INSERT INTO TB_RPT_CONTROL VALUES(695,NULL,'{VALUE_10}',0,0,0,0,'Arial','Arial',10,0,0,'Black',NULL,58,0,1331,1,0,0,NULL,0,420,0,0,0,225,0,66,0);
INSERT INTO TB_RPT_CONTROL VALUES(696,NULL,'{A5}',0,0,0,0,'Arial','Arial',10,0,0,'Black',NULL,58,0,1585,1,0,0,NULL,0,830,0,0,0,180,0,66,0);
INSERT INTO TB_RPT_CONTROL VALUES(697,NULL,'{A6}',0,0,0,0,'Arial','Arial',10,0,0,'Black',NULL,58,0,1585,1,0,0,NULL,0,890,0,0,0,180,0,66,0);
INSERT INTO TB_RPT_CONTROL VALUES(698,NULL,'{DATE_CREATED}',0,0,0,0,'Arial','Arial',10,0,0,'Black',NULL,58,0,1510,1,0,0,NULL,0,85,0,0,0,330,0,66,0);
INSERT INTO TB_RPT_CONTROL VALUES(699,NULL,'{CALC_TYPE}',0,0,0,0,'Arial','Arial',10,0,0,'Black',NULL,58,0,1510,1,0,0,NULL,0,155,0,0,0,330,0,66,0);
INSERT INTO TB_RPT_CONTROL VALUES(700,NULL,'{JOB_ID}',0,0,0,0,'Arial','Arial',10,0,0,'Black',NULL,58,0,425,1,0,0,NULL,0,155,0,0,0,400,0,66,0);
INSERT INTO TB_RPT_CONTROL VALUES(701,NULL,'Radius',0,0,1,0,'Arial','Arial',10,0,0,'Black',NULL,58,0,1798,1,0,0,NULL,0,500,0,0,0,178,0,66,0);
INSERT INTO TB_RPT_CONTROL VALUES(702,NULL,'{ABSZISSE}',0,0,0,0,'Arial','Arial',10,0,0,'Black',NULL,58,0,420,1,0,0,NULL,0,770,0,0,0,400,0,66,0);
INSERT INTO TB_RPT_CONTROL VALUES(703,NULL,'{ORDINATE}',0,0,0,0,'Arial','Arial',10,0,0,'Black',NULL,58,0,420,1,0,0,'0',0,830,0,0,0,400,0,66,0);
INSERT INTO TB_RPT_CONTROL VALUES(704,NULL,'{DISTANCE}',0,0,0,0,'Arial','Arial',10,0,0,'Black',NULL,58,0,1585,1,0,0,NULL,0,950,0,0,0,254,0,66,0);
INSERT INTO TB_RPT_CONTROL VALUES(705,NULL,'{DISTANCE_MEASURED}',0,0,0,0,'Arial','Arial',10,0,0,'Black',NULL,58,0,420,1,0,0,NULL,0,890,0,0,0,400,0,66,0);
INSERT INTO TB_RPT_CONTROL VALUES(706,NULL,'Measured distance',0,0,0,0,'Arial','Arial',10,0,0,'Black',NULL,58,0,70,1,0,0,NULL,0,890,0,0,0,330,0,66,0);
INSERT INTO TB_RPT_CONTROL VALUES(707,NULL,'Abscissa at point 1',0,0,0,0,'Arial','Arial',10,0,0,'Black',NULL,58,0,70,1,0,0,NULL,0,950,0,0,0,330,0,66,0);
INSERT INTO TB_RPT_CONTROL VALUES(708,NULL,'Name of feature class',0,0,1,0,'Arial','Arial',10,0,0,'Black',NULL,58,0,420,1,0,0,NULL,0,280,0,0,0,400,0,66,0);
INSERT INTO TB_RPT_CONTROL VALUES(709,NULL,'Feature ID',0,0,1,0,'Arial','Arial',10,0,0,'Black',NULL,58,0,850,1,0,0,NULL,0,280,0,0,0,200,0,66,0);
INSERT INTO TB_RPT_CONTROL VALUES(710,NULL,'X ',0,0,1,0,'Arial','Arial',10,0,0,'Black',NULL,58,0,1080,1,0,0,NULL,0,280,0,0,0,225,0,66,0);
INSERT INTO TB_RPT_CONTROL VALUES(711,NULL,'Y',0,0,1,0,'Arial','Arial',10,0,0,'Black',NULL,58,0,1331,1,0,0,NULL,0,280,0,0,0,225,0,66,0);
INSERT INTO TB_RPT_CONTROL VALUES(712,NULL,'ConstructOrthogonalCalculation.gif',2,0,0,0,NULL,NULL,0,0,0,NULL,NULL,58,0,90,1,0,0,NULL,NULL,0,0,0,0,58,0,66,NULL);
INSERT INTO TB_RPT_CONTROL VALUES(713,NULL,'Calculated distance',0,0,0,0,'Arial','Arial',10,0,0,'Black',NULL,58,0,1080,1,0,0,NULL,0,950,0,0,0,285,0,66,0);
INSERT INTO TB_RPT_CONTROL VALUES(714,NULL,'Sense of rotation:',0,0,0,1,'Arial','Arial',10,0,0,'Black',NULL,58,0,420,1,0,0,NULL,0,420,0,0,0,400,0,66,0);
INSERT INTO TB_RPT_CONTROL VALUES(715,NULL,'ELEMENT',0,0,1,0,'Arial','Arial',10,0,0,'Black',NULL,58,0,70,1,0,0,NULL,0,570,0,0,0,330,0,66,0);
INSERT INTO TB_RPT_CONTROL VALUES(716,NULL,'{NAME}',0,0,1,0,'Arial','Arial',10,0,0,'Black',NULL,58,0,425,1,0,0,NULL,0,85,0,0,0,400,0,66,0);
INSERT INTO TB_RPT_CONTROL VALUES(717,NULL,'{Fun.Getusername}',0,0,1,0,'Arial','Arial',12,0,0,'Black',NULL,58,0,875,1,0,0,NULL,0,91,0,0,0,860,0,73,0);
INSERT INTO TB_RPT_CONTROL VALUES(718,NULL,'Adsk_Logo_M_R_Blk.png',2,0,0,0,NULL,NULL,10,0,0,NULL,NULL,58,0,1747,1,0,0,NULL,NULL,91,0,0,0,254,0,73,NULL);
INSERT INTO TB_RPT_CONTROL VALUES(719,NULL,'Polar Calculation Report',0,0,1,0,'Arial','Arial',14,0,0,'Black',NULL,58,0,70,1,0,0,NULL,0,91,0,0,0,800,0,73,0);
INSERT INTO TB_RPT_CONTROL VALUES(720,NULL,NULL,1,0,0,0,NULL,NULL,2,0,0,NULL,NULL,25,0,70,1,0,0,NULL,NULL,142,0,0,0,1930,0,73,NULL);
INSERT INTO TB_RPT_CONTROL VALUES(721,NULL,NULL,1,0,0,0,NULL,NULL,2,0,0,NULL,NULL,25,0,70,1,2,0,NULL,NULL,180,0,0,0,1930,0,74,NULL);
INSERT INTO TB_RPT_CONTROL VALUES(722,NULL,'Document.gif',2,0,0,0,NULL,NULL,0,0,0,NULL,NULL,58,0,90,1,2,0,NULL,NULL,100,0,0,0,58,0,74,NULL);
INSERT INTO TB_RPT_CONTROL VALUES(723,NULL,'{Fun.Getusername}',0,0,0,0,'Arial','Arial',10,0,0,'Black',NULL,58,0,165,1,2,0,NULL,0,105,0,0,0,500,0,74,0);
INSERT INTO TB_RPT_CONTROL VALUES(724,NULL,'{Fun.Workspacename}',0,0,0,0,'Arial','Arial',10,0,0,'Black',NULL,58,0,165,1,2,0,NULL,0,20,0,0,0,500,0,74,0);
INSERT INTO TB_RPT_CONTROL VALUES(725,NULL,'User.gif',2,0,0,0,NULL,NULL,0,0,0,NULL,NULL,58,0,90,1,2,0,NULL,NULL,15,0,0,0,58,0,74,NULL);
INSERT INTO TB_RPT_CONTROL VALUES(726,NULL,'ReportBackgroundMagenta.gif',2,0,0,0,NULL,NULL,0,0,0,NULL,NULL,180,0,70,1,0,0,NULL,NULL,0,0,0,0,1930,0,74,NULL);
INSERT INTO TB_RPT_CONTROL VALUES(727,NULL,NULL,1,0,0,0,NULL,NULL,1,0,0,NULL,NULL,25,0,70,1,0,0,NULL,NULL,0,0,0,0,1930,0,75,NULL);
INSERT INTO TB_RPT_CONTROL VALUES(728,NULL,'{Report.PrintDate}',0,0,0,0,'Arial','Arial',10,0,0,'Black',NULL,58,1,345,1,0,0,NULL,0,40,0,0,0,203,0,75,0);
INSERT INTO TB_RPT_CONTROL VALUES(729,NULL,'Page {Report.PageIndex} of {Report.PageCount}',0,0,0,0,'Arial','Arial',10,0,0,'Black',NULL,58,1,1500,1,0,0,NULL,0,40,0,0,0,500,0,75,0);
INSERT INTO TB_RPT_CONTROL VALUES(730,NULL,'Last printed on:',0,0,0,0,'Arial','Arial',10,0,0,'Black',NULL,58,0,70,0,0,0,NULL,0,40,0,0,0,279,0,75,0);
INSERT INTO TB_RPT_CONTROL VALUES(731,NULL,'© 2012  Autodesk, Inc.',0,0,0,0,'Arial','Arial',10,0,0,'Black',NULL,58,2,875,1,0,0,NULL,0,40,0,0,0,432,0,75,0);
INSERT INTO TB_RPT_CONTROL VALUES(732,NULL,'X ',0,0,1,0,'Arial','Arial',10,0,0,'Black',NULL,58,0,1355,1,0,0,NULL,0,290,0,0,0,225,0,72,0);
INSERT INTO TB_RPT_CONTROL VALUES(733,NULL,'Y',0,0,1,0,'Arial','Arial',10,0,0,'Black',NULL,58,0,1615,1,0,0,NULL,0,290,0,0,0,225,0,72,0);
INSERT INTO TB_RPT_CONTROL VALUES(734,NULL,'{NAME}',0,0,0,0,'Arial','Arial',10,0,0,'Black',NULL,58,0,460,1,0,0,NULL,0,85,0,0,0,400,0,72,0);
INSERT INTO TB_RPT_CONTROL VALUES(735,NULL,'Job Name:',0,0,1,0,'Arial','Arial',10,0,0,'Black',NULL,58,0,165,1,0,0,NULL,0,85,0,0,0,280,0,72,0);
INSERT INTO TB_RPT_CONTROL VALUES(736,NULL,'Date Created:',0,0,0,0,'Arial','Arial',10,0,0,'Black',NULL,58,0,1200,1,0,0,NULL,0,85,0,0,0,300,0,72,0);
INSERT INTO TB_RPT_CONTROL VALUES(737,NULL,'Calculation Type:',0,0,0,0,'Arial','Arial',10,0,0,'Black',NULL,58,0,1200,1,0,0,NULL,0,155,0,0,0,300,0,72,0);
INSERT INTO TB_RPT_CONTROL VALUES(738,NULL,'Job ID:',0,0,1,0,'Arial','Arial',10,0,0,'Black',NULL,58,0,165,1,0,0,NULL,0,155,0,0,0,280,0,72,0);
INSERT INTO TB_RPT_CONTROL VALUES(739,NULL,NULL,1,0,0,0,NULL,NULL,1,0,0,NULL,NULL,25,0,70,1,0,0,NULL,NULL,220,0,0,0,1930,0,72,NULL);
INSERT INTO TB_RPT_CONTROL VALUES(740,NULL,'Name of feature class',0,0,1,0,'Arial','Arial',10,0,0,'Black',NULL,58,0,545,1,0,0,NULL,0,540,0,0,0,470,0,72,0);
INSERT INTO TB_RPT_CONTROL VALUES(741,NULL,'Feature ID',0,0,1,0,'Arial','Arial',10,0,0,'Black',NULL,58,0,1035,1,0,0,NULL,0,540,0,0,0,260,0,72,0);
INSERT INTO TB_RPT_CONTROL VALUES(742,NULL,'X ',0,0,1,0,'Arial','Arial',10,0,0,'Black',NULL,58,0,1355,1,0,0,NULL,0,540,0,0,0,225,0,72,0);
INSERT INTO TB_RPT_CONTROL VALUES(743,NULL,'Y',0,0,1,0,'Arial','Arial',10,0,0,'Black',NULL,58,0,1615,1,0,0,NULL,0,540,0,0,0,225,0,72,0);
INSERT INTO TB_RPT_CONTROL VALUES(744,NULL,'Point 1',0,0,0,0,'Arial','Arial',10,0,0,'Black',NULL,58,0,200,1,0,0,NULL,0,610,0,0,0,300,0,72,0);
INSERT INTO TB_RPT_CONTROL VALUES(745,NULL,'Point 2',0,0,0,0,'Arial','Arial',10,0,0,'Black',NULL,58,0,200,1,0,0,NULL,0,680,0,0,0,300,0,72,0);
INSERT INTO TB_RPT_CONTROL VALUES(746,NULL,'Angle',0,0,0,0,'Arial','Arial',10,0,0,'Black',NULL,58,0,200,1,0,0,NULL,0,820,0,0,0,300,0,72,0);
INSERT INTO TB_RPT_CONTROL VALUES(747,NULL,'POLAR POINT',0,0,0,0,'Arial','Arial',10,0,0,'Black',NULL,58,0,185,1,0,0,NULL,0,360,0,0,0,330,0,72,0);
INSERT INTO TB_RPT_CONTROL VALUES(748,NULL,'Distance',0,0,0,0,'Arial','Arial',10,0,0,'Black',NULL,58,0,200,1,0,0,NULL,0,890,0,0,0,300,0,72,0);
INSERT INTO TB_RPT_CONTROL VALUES(749,NULL,'Base angle',0,0,0,0,'Arial','Arial',10,0,0,'Black',NULL,58,0,200,1,0,0,NULL,0,750,0,0,0,300,0,72,0);
INSERT INTO TB_RPT_CONTROL VALUES(750,NULL,'ConstructPolarCalculation.gif',2,0,0,0,NULL,NULL,0,0,0,NULL,NULL,58,0,90,1,0,0,NULL,NULL,0,0,0,0,58,0,72,NULL);
INSERT INTO TB_RPT_CONTROL VALUES(751,NULL,'Sense of rotation:',0,0,0,1,'Arial','Arial',10,0,0,'Black',NULL,58,0,545,1,0,0,NULL,0,450,0,0,0,470,0,72,0);
INSERT INTO TB_RPT_CONTROL VALUES(752,NULL,'Unit:',0,0,0,1,'Arial','Arial',10,0,0,'Black',NULL,58,0,1355,1,0,0,NULL,0,450,0,0,0,225,0,72,0);
INSERT INTO TB_RPT_CONTROL VALUES(753,NULL,NULL,1,0,0,0,NULL,NULL,1,0,0,NULL,NULL,25,0,70,1,0,0,NULL,NULL,1080,0,0,0,1930,0,72,NULL);
INSERT INTO TB_RPT_CONTROL VALUES(754,NULL,'{P2}',0,0,0,0,'Arial','Arial',10,0,0,'Black',NULL,58,0,1035,1,0,0,NULL,0,680,0,0,0,260,0,72,0);
INSERT INTO TB_RPT_CONTROL VALUES(755,NULL,'{X1}',0,0,0,0,'Arial','Arial',10,0,0,'Black',NULL,58,0,1355,1,0,0,NULL,0,610,0,0,0,225,0,72,0);
INSERT INTO TB_RPT_CONTROL VALUES(756,NULL,'{Y1}',0,0,0,0,'Arial','Arial',10,0,0,'Black',NULL,58,0,1615,1,0,0,NULL,0,610,0,0,0,225,0,72,0);
INSERT INTO TB_RPT_CONTROL VALUES(757,NULL,'{X2}',0,0,0,0,'Arial','Arial',10,0,0,'Black',NULL,58,0,1355,1,0,0,NULL,0,680,0,0,0,225,0,72,0);
INSERT INTO TB_RPT_CONTROL VALUES(758,NULL,'{Y2}',0,0,0,0,'Arial','Arial',10,0,0,'Black',NULL,58,0,1615,1,0,0,NULL,0,680,0,0,0,225,0,72,0);
INSERT INTO TB_RPT_CONTROL VALUES(759,NULL,'{P0}',0,0,0,0,'Arial','Arial',10,0,0,'Black',NULL,58,0,1035,1,0,0,NULL,0,360,0,0,0,260,0,72,0);
INSERT INTO TB_RPT_CONTROL VALUES(760,NULL,'{X0}',0,0,0,0,'Arial','Arial',10,0,0,'Black',NULL,58,0,1355,1,0,0,NULL,0,360,0,0,0,225,0,72,0);
INSERT INTO TB_RPT_CONTROL VALUES(761,NULL,'{Y0}',0,0,0,0,'Arial','Arial',10,0,0,'Black',NULL,58,0,1615,1,0,0,NULL,0,360,0,0,0,225,0,72,0);
INSERT INTO TB_RPT_CONTROL VALUES(762,NULL,'{P1}',0,0,0,0,'Arial','Arial',10,0,0,'Black',NULL,58,0,1035,1,0,0,NULL,0,610,0,0,0,260,0,72,0);
INSERT INTO TB_RPT_CONTROL VALUES(763,NULL,'{F_CLASS_NAME}',0,0,0,0,'Arial','Arial',10,0,0,'Black',NULL,58,0,545,1,0,0,NULL,0,360,0,0,0,470,0,72,0);
INSERT INTO TB_RPT_CONTROL VALUES(764,NULL,'{F_CLASS_NAME_P1}',0,0,0,0,'Arial','Arial',10,0,0,'Black',NULL,58,0,545,1,0,0,NULL,0,610,0,0,0,470,0,72,0);
INSERT INTO TB_RPT_CONTROL VALUES(765,NULL,'{F_CLASS_NAME_P2}',0,0,0,0,'Arial','Arial',10,0,0,'Black',NULL,58,0,545,1,0,0,NULL,0,680,0,0,0,470,0,72,0);
INSERT INTO TB_RPT_CONTROL VALUES(766,NULL,'{CALC_DESCRIPTION}',0,0,1,0,'Arial','Arial',12,0,0,'Black',NULL,58,0,165,1,0,0,NULL,0,5,0,0,0,760,0,72,0);
INSERT INTO TB_RPT_CONTROL VALUES(767,NULL,'{DIRECTION}',0,0,0,0,'Arial','Arial',10,0,0,'Black',NULL,58,0,545,1,0,0,NULL,0,820,0,0,0,470,0,72,0);
INSERT INTO TB_RPT_CONTROL VALUES(768,NULL,'{DISTANCE}',0,0,0,0,'Arial','Arial',10,0,0,'Black',NULL,58,0,545,1,0,0,NULL,0,890,0,0,0,470,0,72,0);
INSERT INTO TB_RPT_CONTROL VALUES(769,NULL,'{VALUE_9}',0,0,0,0,'Arial','Arial',10,0,0,'Black',NULL,58,0,1035,1,0,0,NULL,0,450,0,0,0,260,0,72,0);
INSERT INTO TB_RPT_CONTROL VALUES(770,NULL,'{VALUE_10}',0,0,0,0,'Arial','Arial',10,0,0,'Black',NULL,58,0,1615,1,0,0,NULL,0,450,0,0,0,225,0,72,0);
INSERT INTO TB_RPT_CONTROL VALUES(771,NULL,'{A5}',0,0,0,0,'Arial','Arial',10,0,0,'Black',NULL,58,0,545,1,0,0,NULL,0,960,0,0,0,470,0,72,0);
INSERT INTO TB_RPT_CONTROL VALUES(772,NULL,'{A6}',0,0,0,0,'Arial','Arial',10,0,0,'Black',NULL,58,0,545,1,0,0,NULL,0,750,0,0,0,470,0,72,0);
INSERT INTO TB_RPT_CONTROL VALUES(773,NULL,'{JOB_ID}',0,0,0,0,'Arial','Arial',10,0,0,'Black',NULL,58,0,460,1,0,0,NULL,0,155,0,0,0,400,0,72,0);
INSERT INTO TB_RPT_CONTROL VALUES(774,NULL,'Azimuth',0,0,0,0,'Arial','Arial',10,0,0,'Black',NULL,58,0,200,1,0,0,NULL,0,960,0,0,0,300,0,72,0);
INSERT INTO TB_RPT_CONTROL VALUES(775,NULL,'Name of feature class',0,0,1,0,'Arial','Arial',10,0,0,'Black',NULL,58,0,545,1,0,0,NULL,0,290,0,0,0,470,0,72,0);
INSERT INTO TB_RPT_CONTROL VALUES(776,NULL,'Feature ID',0,0,1,0,'Arial','Arial',10,0,0,'Black',NULL,58,0,1035,1,0,0,NULL,0,290,0,0,0,260,0,72,0);
INSERT INTO TB_RPT_CONTROL VALUES(777,NULL,'{DATE_CREATED}',0,0,0,0,'Arial','Arial',10,0,0,'Black',NULL,58,0,1510,1,0,0,NULL,0,85,0,0,0,330,0,72,0);
INSERT INTO TB_RPT_CONTROL VALUES(778,NULL,'{CALC_TYPE}',0,0,0,0,'Arial','Arial',10,0,0,'Black',NULL,58,0,1510,1,0,0,NULL,0,155,0,0,0,330,0,72,0);
INSERT INTO TB_RPT_CONTROL VALUES(779,NULL,'Date Created:',0,0,0,0,'Arial','Arial',10,0,0,'Black',NULL,58,0,1175,1,0,0,NULL,0,80,0,0,0,350,0,81,0);
INSERT INTO TB_RPT_CONTROL VALUES(780,NULL,'Calculation Type:',0,0,0,0,'Arial','Arial',10,0,0,'Black',NULL,58,0,1175,1,0,0,NULL,0,150,0,0,0,350,0,81,0);
INSERT INTO TB_RPT_CONTROL VALUES(781,NULL,'Job ID:',0,0,1,0,'Arial','Arial',10,0,0,'Black',NULL,58,0,165,1,0,0,NULL,0,155,0,0,0,280,0,81,0);
INSERT INTO TB_RPT_CONTROL VALUES(782,NULL,NULL,1,0,0,0,NULL,NULL,1,0,0,NULL,NULL,25,0,70,1,0,0,NULL,NULL,220,0,0,0,1930,0,81,NULL);
INSERT INTO TB_RPT_CONTROL VALUES(783,NULL,'Name of feature class',0,0,1,0,'Arial','Arial',10,0,0,'Black',NULL,58,0,545,1,0,0,NULL,0,610,0,0,0,470,0,81,0);
INSERT INTO TB_RPT_CONTROL VALUES(784,NULL,'Feature ID',0,0,1,0,'Arial','Arial',10,0,0,'Black',NULL,58,0,1035,1,0,0,NULL,0,610,0,0,0,260,0,81,0);
INSERT INTO TB_RPT_CONTROL VALUES(785,NULL,'X ',0,0,1,0,'Arial','Arial',10,0,0,'Black',NULL,58,0,1355,1,0,0,NULL,0,610,0,0,0,225,0,81,0);
INSERT INTO TB_RPT_CONTROL VALUES(786,NULL,'Y',0,0,1,0,'Arial','Arial',10,0,0,'Black',NULL,58,0,1615,1,0,0,NULL,0,610,0,0,0,225,0,81,0);
INSERT INTO TB_RPT_CONTROL VALUES(787,NULL,'Point 1',0,0,0,0,'Arial','Arial',10,0,0,'Black',NULL,58,0,185,1,0,0,NULL,0,680,0,0,0,356,0,81,0);
INSERT INTO TB_RPT_CONTROL VALUES(788,NULL,'Point 2',0,0,0,0,'Arial','Arial',10,0,0,'Black',NULL,58,0,185,1,0,0,NULL,0,750,0,0,0,356,0,81,0);
INSERT INTO TB_RPT_CONTROL VALUES(789,NULL,'Point to be projected',0,0,0,0,'Arial','Arial',10,0,0,'Black',NULL,58,0,185,1,0,0,NULL,0,890,0,0,0,356,0,81,0);
INSERT INTO TB_RPT_CONTROL VALUES(790,NULL,'PROJECTION',0,0,0,0,'Arial','Arial',10,0,0,'Black',NULL,58,0,185,1,0,0,NULL,0,360,0,0,0,356,0,81,0);
INSERT INTO TB_RPT_CONTROL VALUES(791,NULL,'Sense of rotation:',0,0,0,1,'Arial','Arial',10,0,0,'Black',NULL,58,0,545,1,0,0,NULL,0,450,0,0,0,470,0,81,0);
INSERT INTO TB_RPT_CONTROL VALUES(792,NULL,'Unit:',0,0,0,1,'Arial','Arial',10,0,0,'Black',NULL,58,0,1355,1,0,0,NULL,0,450,0,0,0,225,0,81,0);
INSERT INTO TB_RPT_CONTROL VALUES(793,NULL,NULL,1,0,0,0,NULL,NULL,1,0,0,NULL,NULL,25,0,70,1,0,0,NULL,NULL,1000,0,0,0,1930,0,81,NULL);
INSERT INTO TB_RPT_CONTROL VALUES(794,NULL,'{P2}',0,0,0,0,'Arial','Arial',10,0,0,'Black',NULL,58,0,1035,1,0,0,NULL,0,750,0,0,0,260,0,81,0);
INSERT INTO TB_RPT_CONTROL VALUES(795,NULL,'{X1}',0,0,0,0,'Arial','Arial',10,0,0,'Black',NULL,58,0,1355,1,0,0,NULL,0,680,0,0,0,225,0,81,0);
INSERT INTO TB_RPT_CONTROL VALUES(796,NULL,'{Y1}',0,0,0,0,'Arial','Arial',10,0,0,'Black',NULL,58,0,1615,1,0,0,NULL,0,680,0,0,0,225,0,81,0);
INSERT INTO TB_RPT_CONTROL VALUES(797,NULL,'{X2}',0,0,0,0,'Arial','Arial',10,0,0,'Black',NULL,58,0,1355,1,0,0,NULL,0,750,0,0,0,225,0,81,0);
INSERT INTO TB_RPT_CONTROL VALUES(798,NULL,'{Y2}',0,0,0,0,'Arial','Arial',10,0,0,'Black',NULL,58,0,1615,1,0,0,NULL,0,750,0,0,0,225,0,81,0);
INSERT INTO TB_RPT_CONTROL VALUES(799,NULL,'{P0}',0,0,0,0,'Arial','Arial',10,0,0,'Black',NULL,58,0,1035,1,0,0,NULL,0,360,0,0,0,260,0,81,0);
INSERT INTO TB_RPT_CONTROL VALUES(800,NULL,'{X0}',0,0,0,0,'Arial','Arial',10,0,0,'Black',NULL,58,0,1355,1,0,0,NULL,0,360,0,0,0,225,0,81,0);
INSERT INTO TB_RPT_CONTROL VALUES(801,NULL,'{Y0}',0,0,0,0,'Arial','Arial',10,0,0,'Black',NULL,58,0,1615,1,0,0,NULL,0,360,0,0,0,225,0,81,0);
INSERT INTO TB_RPT_CONTROL VALUES(802,NULL,'{P1}',0,0,0,0,'Arial','Arial',10,0,0,'Black',NULL,58,0,1035,1,0,0,NULL,0,680,0,0,0,260,0,81,0);
INSERT INTO TB_RPT_CONTROL VALUES(803,NULL,'{F_CLASS_NAME}',0,0,0,0,'Arial','Arial',10,0,0,'Black',NULL,58,0,545,1,0,0,NULL,0,360,0,0,0,470,0,81,0);
INSERT INTO TB_RPT_CONTROL VALUES(804,NULL,'{F_CLASS_NAME_P1}',0,0,0,0,'Arial','Arial',10,0,0,'Black',NULL,58,0,545,1,0,0,NULL,0,680,0,0,0,470,0,81,0);
INSERT INTO TB_RPT_CONTROL VALUES(805,NULL,'{F_CLASS_NAME_P2}',0,0,0,0,'Arial','Arial',10,0,0,'Black',NULL,58,0,545,1,0,0,NULL,0,750,0,0,0,470,0,81,0);
INSERT INTO TB_RPT_CONTROL VALUES(806,NULL,'{CALC_DESCRIPTION}',0,0,1,0,'Arial','Arial',12,0,0,'Black',NULL,58,0,165,1,0,0,NULL,0,5,0,0,0,760,0,81,0);
INSERT INTO TB_RPT_CONTROL VALUES(807,NULL,'{X3}',0,0,0,0,'Arial','Arial',10,0,0,'Black',NULL,58,0,1355,1,0,0,NULL,0,890,0,0,0,225,0,81,0);
INSERT INTO TB_RPT_CONTROL VALUES(808,NULL,'{Y3}',0,0,0,0,'Arial','Arial',10,0,0,'Black',NULL,58,0,1615,1,0,0,NULL,0,890,0,0,0,225,0,81,0);
INSERT INTO TB_RPT_CONTROL VALUES(809,NULL,'{P3}',0,0,0,0,'Arial','Arial',10,0,0,'Black',NULL,58,0,1035,1,0,0,NULL,0,890,0,0,0,260,0,81,0);
INSERT INTO TB_RPT_CONTROL VALUES(810,NULL,'{F_CLASS_NAME_P3}',0,0,0,0,'Arial','Arial',10,0,0,'Black',NULL,58,0,545,1,0,0,NULL,0,890,0,0,0,470,0,81,0);
INSERT INTO TB_RPT_CONTROL VALUES(811,NULL,'{DISTANCE}',0,0,0,0,'Arial','Arial',10,0,0,'Black',NULL,58,0,1035,1,0,0,NULL,0,520,0,0,0,260,0,81,0);
INSERT INTO TB_RPT_CONTROL VALUES(812,NULL,'{VALUE_9}',0,0,0,0,'Arial','Arial',10,0,0,'Black',NULL,58,0,1035,1,0,0,NULL,0,450,0,0,0,260,0,81,0);
INSERT INTO TB_RPT_CONTROL VALUES(813,NULL,'{VALUE_10}',0,0,0,0,'Arial','Arial',10,0,0,'Black',NULL,58,0,1615,1,0,0,NULL,0,450,0,0,0,225,0,81,0);
INSERT INTO TB_RPT_CONTROL VALUES(814,NULL,'{DATE_CREATED}',0,0,0,0,'Arial','Arial',10,0,0,'Black',NULL,58,0,1550,1,0,0,NULL,0,80,0,0,0,350,0,81,0);
INSERT INTO TB_RPT_CONTROL VALUES(815,NULL,'{CALC_TYPE}',0,0,0,0,'Arial','Arial',10,0,0,'Black',NULL,58,0,1550,1,0,0,NULL,0,150,0,0,0,350,0,81,0);
INSERT INTO TB_RPT_CONTROL VALUES(816,NULL,'{JOB_ID}',0,0,0,0,'Arial','Arial',10,0,0,'Black',NULL,58,0,460,1,0,0,NULL,0,150,0,0,0,400,0,81,0);
INSERT INTO TB_RPT_CONTROL VALUES(817,NULL,'Name of feature class',0,0,1,0,'Arial','Arial',10,0,0,'Black',NULL,58,0,545,1,0,0,NULL,0,290,0,0,0,470,0,81,0);
INSERT INTO TB_RPT_CONTROL VALUES(818,NULL,'Feature ID',0,0,1,0,'Arial','Arial',10,0,0,'Black',NULL,58,0,1035,1,0,0,NULL,0,290,0,0,0,260,0,81,0);
INSERT INTO TB_RPT_CONTROL VALUES(819,NULL,'X ',0,0,1,0,'Arial','Arial',10,0,0,'Black',NULL,58,0,1355,1,0,0,NULL,0,290,0,0,0,225,0,81,0);
INSERT INTO TB_RPT_CONTROL VALUES(820,NULL,'Y',0,0,1,0,'Arial','Arial',10,0,0,'Black',NULL,58,0,1615,1,0,0,NULL,0,290,0,0,0,225,0,81,0);
INSERT INTO TB_RPT_CONTROL VALUES(821,NULL,'Radius',0,0,0,0,'Arial','Arial',10,0,0,'Black',NULL,58,0,185,1,0,0,NULL,0,820,0,0,0,356,0,81,0);
INSERT INTO TB_RPT_CONTROL VALUES(822,NULL,'{R1}',0,0,0,0,'Arial','Arial',10,0,0,'Black',NULL,58,0,545,1,0,0,NULL,0,820,0,0,0,470,0,81,0);
INSERT INTO TB_RPT_CONTROL VALUES(823,NULL,'Distance:',0,0,0,1,'Arial','Arial',10,0,0,'Black',NULL,58,0,545,1,0,0,NULL,0,520,0,0,0,470,0,81,0);
INSERT INTO TB_RPT_CONTROL VALUES(824,NULL,'{NAME}',0,0,0,0,'Arial','Arial',10,0,0,'Black',NULL,58,0,460,1,0,0,NULL,0,80,0,0,0,400,0,81,0);
INSERT INTO TB_RPT_CONTROL VALUES(825,NULL,'Job Name:',0,0,1,0,'Arial','Arial',10,0,0,'Black',NULL,58,0,165,1,0,0,NULL,0,80,0,0,0,280,0,81,0);
INSERT INTO TB_RPT_CONTROL VALUES(826,NULL,'ConstructProjection.gif',2,0,0,0,NULL,NULL,0,0,0,NULL,NULL,58,0,90,0,0,0,NULL,NULL,0,0,0,0,58,0,81,NULL);
INSERT INTO TB_RPT_CONTROL VALUES(827,NULL,'{Fun.Getusername}',0,0,1,0,'Arial','Arial',12,0,0,'Black',NULL,58,0,895,1,0,0,NULL,0,91,0,0,0,840,0,76,0);
INSERT INTO TB_RPT_CONTROL VALUES(828,NULL,NULL,1,0,0,0,NULL,NULL,2,0,0,NULL,NULL,25,0,70,1,0,0,NULL,NULL,142,0,0,0,1930,0,76,NULL);
INSERT INTO TB_RPT_CONTROL VALUES(829,NULL,'Adsk_Logo_M_R_Blk.png',2,0,0,0,NULL,NULL,0,0,0,NULL,NULL,58,0,1747,1,0,0,NULL,NULL,91,0,0,0,254,0,76,NULL);
INSERT INTO TB_RPT_CONTROL VALUES(830,NULL,'Orthogonal Projection Report',0,0,1,0,'Arial','Arial',12,0,0,'Black',NULL,58,0,70,1,0,0,NULL,0,91,0,0,0,820,0,76,0);
INSERT INTO TB_RPT_CONTROL VALUES(831,NULL,NULL,1,0,0,0,NULL,NULL,2,0,0,NULL,NULL,25,0,70,1,2,0,NULL,NULL,180,0,0,0,1930,0,77,NULL);
INSERT INTO TB_RPT_CONTROL VALUES(832,NULL,'{Fun.Getusername}',0,0,0,0,'Arial','Arial',10,0,0,'Black',NULL,58,0,165,1,2,0,NULL,0,105,0,0,0,500,0,77,0);
INSERT INTO TB_RPT_CONTROL VALUES(833,NULL,'Document.gif',2,0,0,0,NULL,NULL,0,0,0,NULL,NULL,58,0,91,1,2,0,NULL,NULL,100,0,0,0,58,0,77,NULL);
INSERT INTO TB_RPT_CONTROL VALUES(834,NULL,'User.gif',2,0,0,0,NULL,NULL,0,0,0,NULL,NULL,58,0,91,1,2,0,NULL,NULL,15,0,0,0,58,0,77,NULL);
INSERT INTO TB_RPT_CONTROL VALUES(835,NULL,'{Fun.Workspacename}',0,0,0,0,'Arial','Arial',10,0,0,'Black',NULL,58,0,165,1,2,0,NULL,0,20,0,0,0,500,0,77,0);
INSERT INTO TB_RPT_CONTROL VALUES(836,NULL,'ReportBackgroundMagenta.gif',2,0,0,0,NULL,NULL,0,0,0,NULL,NULL,180,0,70,1,0,0,NULL,NULL,0,0,0,0,1930,0,77,NULL);
INSERT INTO TB_RPT_CONTROL VALUES(837,NULL,'Page {Report.PageIndex} of {Report.PageCount}',0,0,0,0,'Arial','Arial',10,0,0,'Black',NULL,58,1,1500,1,0,0,NULL,0,40,0,0,0,500,0,78,0);
INSERT INTO TB_RPT_CONTROL VALUES(838,NULL,'{Report.PrintDate}',0,0,0,0,'Arial','Arial',10,0,0,'Black',NULL,58,1,345,1,0,0,NULL,0,40,0,0,0,203,0,78,0);
INSERT INTO TB_RPT_CONTROL VALUES(839,NULL,'© 2012  Autodesk, Inc.',0,0,0,0,'Arial','Arial',10,0,0,'Black',NULL,58,2,875,1,0,0,NULL,0,40,0,0,0,432,0,78,0);
INSERT INTO TB_RPT_CONTROL VALUES(840,NULL,'Last printed on:',0,0,0,0,'Arial','Arial',10,0,0,'Black',NULL,58,0,70,0,0,0,NULL,0,40,0,0,0,279,0,78,0);
INSERT INTO TB_RPT_CONTROL VALUES(841,NULL,NULL,1,0,0,0,NULL,NULL,1,0,0,NULL,NULL,25,0,70,1,0,0,NULL,NULL,0,0,0,0,1930,0,78,NULL);
INSERT INTO TB_RPT_CONTROL VALUES(842,NULL,NULL,1,0,0,0,NULL,NULL,2,0,0,NULL,NULL,25,0,70,1,0,0,NULL,NULL,142,0,0,0,1930,0,85,NULL);
INSERT INTO TB_RPT_CONTROL VALUES(843,NULL,'{Fun.Getusername}',0,0,1,0,'Arial','Arial',12,0,0,'Black',NULL,58,0,875,1,0,0,NULL,0,91,0,0,0,860,0,85,0);
INSERT INTO TB_RPT_CONTROL VALUES(844,NULL,'Adsk_Logo_M_R_Blk.png',2,0,0,0,NULL,NULL,0,0,0,NULL,NULL,58,0,1747,1,0,0,NULL,NULL,91,0,0,0,254,0,85,NULL);
INSERT INTO TB_RPT_CONTROL VALUES(845,NULL,'Snap / Trim Report',0,0,1,0,'Arial','Arial',14,0,0,'Black',NULL,58,0,70,1,0,0,NULL,0,91,0,0,0,800,0,85,0);
INSERT INTO TB_RPT_CONTROL VALUES(846,NULL,'ReportBackgroundMagenta.gif',2,0,0,0,NULL,NULL,0,0,0,NULL,NULL,180,0,70,1,1,0,NULL,NULL,0,0,0,0,1930,0,86,NULL);
INSERT INTO TB_RPT_CONTROL VALUES(847,NULL,NULL,1,0,0,0,NULL,NULL,2,0,0,NULL,NULL,25,0,70,1,2,0,NULL,NULL,180,0,0,0,1930,0,86,NULL);
INSERT INTO TB_RPT_CONTROL VALUES(848,NULL,'Document.gif',2,0,0,0,NULL,NULL,0,0,0,NULL,NULL,58,0,90,1,2,0,NULL,NULL,100,0,0,0,58,0,86,NULL);
INSERT INTO TB_RPT_CONTROL VALUES(849,NULL,'User.gif',2,0,0,0,NULL,NULL,0,0,0,NULL,NULL,58,0,90,1,2,0,NULL,NULL,15,0,0,0,58,0,86,NULL);
INSERT INTO TB_RPT_CONTROL VALUES(850,NULL,'{Fun.Getusername}',0,0,0,0,'Arial','Arial',10,0,0,'Black',NULL,58,0,165,1,2,0,NULL,0,105,0,0,0,500,0,86,0);
INSERT INTO TB_RPT_CONTROL VALUES(851,NULL,'{Fun.Workspacename}',0,0,0,0,'Arial','Arial',10,0,0,'Black',NULL,58,0,165,1,2,0,NULL,0,20,0,0,0,500,0,86,0);
INSERT INTO TB_RPT_CONTROL VALUES(852,NULL,NULL,1,0,0,0,NULL,NULL,1,0,0,NULL,NULL,25,0,70,1,0,0,NULL,NULL,0,0,0,0,1930,0,87,NULL);
INSERT INTO TB_RPT_CONTROL VALUES(853,NULL,'Last printed on:',0,0,0,0,'Arial','Arial',10,0,0,'Black',NULL,58,0,70,0,0,0,NULL,0,40,0,0,0,279,0,87,0);
INSERT INTO TB_RPT_CONTROL VALUES(854,NULL,'© 2012  Autodesk, Inc.',0,0,0,0,'Arial','Arial',10,0,0,'Black',NULL,58,2,875,1,0,0,NULL,0,40,0,0,0,432,0,87,0);
INSERT INTO TB_RPT_CONTROL VALUES(855,NULL,'{Report.PrintDate}',0,0,0,0,'Arial','Arial',10,0,0,'Black',NULL,58,0,345,1,0,0,NULL,0,40,0,0,0,203,0,87,0);
INSERT INTO TB_RPT_CONTROL VALUES(856,NULL,'Page {Report.PageIndex} of {Report.PageCount}',0,0,0,0,'Arial','Arial',10,0,0,'Black',NULL,58,1,1500,1,0,0,NULL,0,40,0,0,0,500,0,87,0);
INSERT INTO TB_RPT_CONTROL VALUES(857,NULL,'{P3}',0,0,0,0,'Arial','Arial',10,0,0,'Black',NULL,58,0,1005,1,0,0,NULL,0,890,0,0,0,260,0,84,0);
INSERT INTO TB_RPT_CONTROL VALUES(858,NULL,'ConstructSnapTrim.gif',2,0,0,0,NULL,NULL,0,0,0,NULL,NULL,58,0,90,0,0,0,NULL,NULL,0,0,0,0,58,0,84,NULL);
INSERT INTO TB_RPT_CONTROL VALUES(859,NULL,'{X2}',0,0,0,0,'Arial','Arial',10,0,0,'Black',NULL,58,0,1325,1,0,0,NULL,0,820,0,0,0,225,0,84,0);
INSERT INTO TB_RPT_CONTROL VALUES(860,NULL,'{DISTANCE}',0,0,0,0,'Arial','Arial',10,0,0,'Black',NULL,58,0,1005,1,0,0,NULL,0,520,0,0,0,260,0,84,0);
INSERT INTO TB_RPT_CONTROL VALUES(861,NULL,'Difference of',0,0,0,1,'Arial','Arial',10,0,0,'Black',NULL,58,0,515,1,0,0,NULL,0,520,0,0,0,470,0,84,0);
INSERT INTO TB_RPT_CONTROL VALUES(862,NULL,'Y',0,0,1,0,'Arial','Arial',10,0,0,'Black',NULL,58,0,1585,1,0,0,NULL,0,290,0,0,0,225,0,84,0);
INSERT INTO TB_RPT_CONTROL VALUES(863,NULL,'X ',0,0,1,0,'Arial','Arial',10,0,0,'Black',NULL,58,0,1325,1,0,0,NULL,0,290,0,0,0,225,0,84,0);
INSERT INTO TB_RPT_CONTROL VALUES(864,NULL,'Feature ID',0,0,1,0,'Arial','Arial',10,0,0,'Black',NULL,58,0,1005,1,0,0,NULL,0,290,0,0,0,260,0,84,0);
INSERT INTO TB_RPT_CONTROL VALUES(865,NULL,'Name of feature class',0,0,1,0,'Arial','Arial',10,0,0,'Black',NULL,58,0,515,1,0,0,NULL,0,290,0,0,0,470,0,84,0);
INSERT INTO TB_RPT_CONTROL VALUES(866,NULL,'{JOB_ID}',0,0,0,0,'Arial','Arial',10,0,0,'Black',NULL,58,0,460,1,0,0,NULL,0,150,0,0,0,400,0,84,0);
INSERT INTO TB_RPT_CONTROL VALUES(867,NULL,'{CALC_TYPE}',0,0,0,0,'Arial','Arial',10,0,0,'Black',NULL,58,0,1550,1,0,0,NULL,0,150,0,0,0,350,0,84,0);
INSERT INTO TB_RPT_CONTROL VALUES(868,NULL,'{DATE_CREATED}',0,0,0,0,'Arial','Arial',10,0,0,'Black',NULL,58,0,1550,1,0,0,NULL,0,80,0,0,0,350,0,84,0);
INSERT INTO TB_RPT_CONTROL VALUES(869,NULL,'{VALUE_10}',0,0,0,0,'Arial','Arial',10,0,0,'Black',NULL,58,0,1585,1,0,0,NULL,0,450,0,0,0,225,0,84,0);
INSERT INTO TB_RPT_CONTROL VALUES(870,NULL,'{VALUE_9}',0,0,0,0,'Arial','Arial',10,0,0,'Black',NULL,58,0,1005,1,0,0,NULL,0,450,0,0,0,260,0,84,0);
INSERT INTO TB_RPT_CONTROL VALUES(871,NULL,'{F_CLASS_NAME_P3}',0,0,0,0,'Arial','Arial',10,0,0,'Black',NULL,58,0,515,1,0,0,NULL,0,890,0,0,0,470,0,84,0);
INSERT INTO TB_RPT_CONTROL VALUES(872,NULL,'{Y3}',0,0,0,0,'Arial','Arial',10,0,0,'Black',NULL,58,0,1585,1,0,0,NULL,0,890,0,0,0,225,0,84,0);
INSERT INTO TB_RPT_CONTROL VALUES(873,NULL,'{X3}',0,0,0,0,'Arial','Arial',10,0,0,'Black',NULL,58,0,1325,1,0,0,NULL,0,890,0,0,0,225,0,84,0);
INSERT INTO TB_RPT_CONTROL VALUES(874,NULL,'{CALC_DESCRIPTION}',0,0,1,0,'Arial','Arial',12,0,0,'Black',NULL,58,0,165,1,0,0,NULL,0,5,0,0,0,760,0,84,0);
INSERT INTO TB_RPT_CONTROL VALUES(875,NULL,'{F_CLASS_NAME_P2}',0,0,0,0,'Arial','Arial',10,0,0,'Black',NULL,58,0,515,1,0,0,NULL,0,820,0,0,0,470,0,84,0);
INSERT INTO TB_RPT_CONTROL VALUES(876,NULL,'Calculation Type:',0,0,0,0,'Arial','Arial',10,0,0,'Black',NULL,58,0,1175,1,0,0,NULL,0,150,0,0,0,350,0,84,0);
INSERT INTO TB_RPT_CONTROL VALUES(877,NULL,'Date Created:',0,0,0,0,'Arial','Arial',10,0,0,'Black',NULL,58,0,1175,1,0,0,NULL,0,80,0,0,0,350,0,84,0);
INSERT INTO TB_RPT_CONTROL VALUES(878,NULL,'{F_CLASS_NAME_P1}',0,0,0,0,'Arial','Arial',10,0,0,'Black',NULL,58,0,515,1,0,0,NULL,0,750,0,0,0,470,0,84,0);
INSERT INTO TB_RPT_CONTROL VALUES(879,NULL,'{F_CLASS_NAME}',0,0,0,0,'Arial','Arial',10,0,0,'Black',NULL,58,0,515,1,0,0,NULL,0,360,0,0,0,470,0,84,0);
INSERT INTO TB_RPT_CONTROL VALUES(880,NULL,'{P1}',0,0,0,0,'Arial','Arial',10,0,0,'Black',NULL,58,0,1005,1,0,0,NULL,0,750,0,0,0,260,0,84,0);
INSERT INTO TB_RPT_CONTROL VALUES(881,NULL,'{Y0}',0,0,0,0,'Arial','Arial',10,0,0,'Black',NULL,58,0,1585,1,0,0,NULL,0,360,0,0,0,225,0,84,0);
INSERT INTO TB_RPT_CONTROL VALUES(882,NULL,'{X0}',0,0,0,0,'Arial','Arial',10,0,0,'Black',NULL,58,0,1325,1,0,0,NULL,0,360,0,0,0,225,0,84,0);
INSERT INTO TB_RPT_CONTROL VALUES(883,NULL,'{P0}',0,0,0,0,'Arial','Arial',10,0,0,'Black',NULL,58,0,1005,1,0,0,NULL,0,360,0,0,0,260,0,84,0);
INSERT INTO TB_RPT_CONTROL VALUES(884,NULL,'{Y2}',0,0,0,0,'Arial','Arial',10,0,0,'Black',NULL,58,0,1585,1,0,0,NULL,0,820,0,0,0,225,0,84,0);
INSERT INTO TB_RPT_CONTROL VALUES(885,NULL,'{Y1}',0,0,0,0,'Arial','Arial',10,0,0,'Black',NULL,58,0,1585,1,0,0,NULL,0,750,0,0,0,225,0,84,0);
INSERT INTO TB_RPT_CONTROL VALUES(886,NULL,'{X1}',0,0,0,0,'Arial','Arial',10,0,0,'Black',NULL,58,0,1325,1,0,0,NULL,0,750,0,0,0,225,0,84,0);
INSERT INTO TB_RPT_CONTROL VALUES(887,NULL,'{P2}',0,0,0,0,'Arial','Arial',10,0,0,'Black',NULL,58,0,1005,1,0,0,NULL,0,820,0,0,0,260,0,84,0);
INSERT INTO TB_RPT_CONTROL VALUES(888,NULL,NULL,1,0,0,0,NULL,NULL,1,0,0,NULL,NULL,25,0,70,1,0,0,NULL,NULL,970,0,0,0,1930,0,84,NULL);
INSERT INTO TB_RPT_CONTROL VALUES(889,NULL,'Unit:',0,0,0,1,'Arial','Arial',10,0,0,'Black',NULL,58,0,1325,1,0,0,NULL,0,450,0,0,0,225,0,84,0);
INSERT INTO TB_RPT_CONTROL VALUES(890,NULL,'Sense of rotation:',0,0,0,1,'Arial','Arial',10,0,0,'Black',NULL,58,0,515,1,0,0,NULL,0,450,0,0,0,470,0,84,0);
INSERT INTO TB_RPT_CONTROL VALUES(891,NULL,'MOVED P',0,0,0,0,'Arial','Arial',10,0,0,'Black',NULL,58,0,205,1,0,0,NULL,0,360,0,0,0,280,0,84,0);
INSERT INTO TB_RPT_CONTROL VALUES(892,NULL,'Point P',0,0,0,0,'Arial','Arial',10,0,0,'Black',NULL,58,0,220,1,0,0,NULL,0,890,0,0,0,280,0,84,0);
INSERT INTO TB_RPT_CONTROL VALUES(893,NULL,'Point 2',0,0,0,0,'Arial','Arial',10,0,0,'Black',NULL,58,0,220,1,0,0,NULL,0,820,0,0,0,280,0,84,0);
INSERT INTO TB_RPT_CONTROL VALUES(894,NULL,'Point 1',0,0,0,0,'Arial','Arial',10,0,0,'Black',NULL,58,0,220,1,0,0,NULL,0,750,0,0,0,280,0,84,0);
INSERT INTO TB_RPT_CONTROL VALUES(895,NULL,'Feature ID',0,0,1,0,'Arial','Arial',10,0,0,'Black',NULL,58,0,1005,1,0,0,NULL,0,680,0,0,0,260,0,84,0);
INSERT INTO TB_RPT_CONTROL VALUES(896,NULL,'Name of feature class',0,0,1,0,'Arial','Arial',10,0,0,'Black',NULL,58,0,515,1,0,0,NULL,0,680,0,0,0,470,0,84,0);
INSERT INTO TB_RPT_CONTROL VALUES(897,NULL,NULL,1,0,0,0,NULL,NULL,1,0,0,NULL,NULL,25,0,70,1,0,0,NULL,NULL,220,0,0,0,1930,0,84,NULL);
INSERT INTO TB_RPT_CONTROL VALUES(898,NULL,'Job ID:',0,0,1,0,'Arial','Arial',10,0,0,'Black',NULL,58,0,165,1,0,0,NULL,0,155,0,0,0,280,0,84,0);
INSERT INTO TB_RPT_CONTROL VALUES(899,NULL,'Job Name:',0,0,1,0,'Arial','Arial',10,0,0,'Black',NULL,58,0,165,1,0,0,NULL,0,80,0,0,0,280,0,84,0);
INSERT INTO TB_RPT_CONTROL VALUES(900,NULL,'{NAME}',0,0,0,0,'Arial','Arial',10,0,0,'Black',NULL,58,0,460,1,0,0,NULL,0,80,0,0,0,400,0,84,0);
INSERT INTO TB_RPT_CONTROL VALUES(901,NULL,'Y',0,0,1,0,'Arial','Arial',10,0,0,'Black',NULL,58,0,1585,1,0,0,NULL,0,680,0,0,0,225,0,84,0);
INSERT INTO TB_RPT_CONTROL VALUES(902,NULL,'X ',0,0,1,0,'Arial','Arial',10,0,0,'Black',NULL,58,0,1325,1,0,0,NULL,0,680,0,0,0,225,0,84,0);
CREATE TABLE TB_GN_DIALOG_PROJECTION (ID INTEGER PRIMARY KEY not null, DIALOG_ID INTEGER(18), PROJECTION_DIALOG_NAME VARCHAR2(255), PROJECTION_FILTER VARCHAR2(255), PROJECTION_NAME VARCHAR2(255));
CREATE TABLE TB_GN_DOCUMENT_KEY (ID INTEGER PRIMARY KEY not null, DESCRIPTION VARCHAR2(255), KEY VARCHAR2(255));
CREATE TABLE TB_GN_DIALOG_BAR (ID INTEGER PRIMARY KEY not null, NAME VARCHAR2(255));
CREATE TABLE TB_RPT_ZONE (ID INTEGER PRIMARY KEY not null, AUTOSIZE INTEGER(1), COMMENTARY VARCHAR2(4000), HEIGHT INTEGER(10), NAME VARCHAR2(255), ORDER_INDEX INTEGER(10), PAGEBREAKAFTER INTEGER(1), PAGEBREAKBEFORE INTEGER(1), SECTION_ID INTEGER(18), SUPPRESS VARCHAR2(255));
INSERT INTO TB_RPT_ZONE VALUES(1,0,NULL,13,NULL,1,0,0,1,NULL);
INSERT INTO TB_RPT_ZONE VALUES(2,0,NULL,213,NULL,1,0,0,2,NULL);
INSERT INTO TB_RPT_ZONE VALUES(3,0,NULL,871,NULL,1,0,0,3,NULL);
INSERT INTO TB_RPT_ZONE VALUES(4,0,NULL,163,NULL,1,0,0,4,NULL);
INSERT INTO TB_RPT_ZONE VALUES(5,0,NULL,168,NULL,1,0,0,5,NULL);
INSERT INTO TB_RPT_ZONE VALUES(6,0,NULL,13,NULL,1,0,0,6,NULL);
INSERT INTO TB_RPT_ZONE VALUES(7,0,NULL,61,NULL,1,0,0,7,NULL);
INSERT INTO TB_RPT_ZONE VALUES(8,0,NULL,38,NULL,1,0,0,8,NULL);
INSERT INTO TB_RPT_ZONE VALUES(9,0,NULL,69,NULL,1,0,0,9,NULL);
INSERT INTO TB_RPT_ZONE VALUES(10,0,NULL,168,NULL,1,0,0,10,NULL);
INSERT INTO TB_RPT_ZONE VALUES(11,0,NULL,13,NULL,1,0,0,11,NULL);
INSERT INTO TB_RPT_ZONE VALUES(12,0,NULL,163,NULL,1,0,0,12,NULL);
INSERT INTO TB_RPT_ZONE VALUES(13,0,NULL,13,NULL,1,0,0,13,NULL);
INSERT INTO TB_RPT_ZONE VALUES(14,0,NULL,211,NULL,1,0,0,14,NULL);
INSERT INTO TB_RPT_ZONE VALUES(15,0,NULL,528,NULL,1,0,0,15,NULL);
INSERT INTO TB_RPT_ZONE VALUES(16,0,NULL,69,NULL,1,0,0,16,NULL);
INSERT INTO TB_RPT_ZONE VALUES(17,0,NULL,58,NULL,1,0,0,17,NULL);
INSERT INTO TB_RPT_ZONE VALUES(18,0,NULL,25,NULL,1,0,0,18,NULL);
INSERT INTO TB_RPT_ZONE VALUES(19,0,NULL,13,NULL,1,0,0,19,NULL);
INSERT INTO TB_RPT_ZONE VALUES(20,0,NULL,13,NULL,1,0,0,20,NULL);
INSERT INTO TB_RPT_ZONE VALUES(21,0,NULL,536,NULL,1,0,0,21,NULL);
INSERT INTO TB_RPT_ZONE VALUES(22,0,NULL,168,NULL,1,0,0,22,NULL);
INSERT INTO TB_RPT_ZONE VALUES(23,0,NULL,211,NULL,1,0,0,23,NULL);
INSERT INTO TB_RPT_ZONE VALUES(24,0,NULL,163,NULL,1,0,0,24,NULL);
INSERT INTO TB_RPT_ZONE VALUES(25,0,NULL,13,NULL,1,0,0,31,NULL);
INSERT INTO TB_RPT_ZONE VALUES(26,0,NULL,1059,NULL,1,0,0,32,NULL);
INSERT INTO TB_RPT_ZONE VALUES(27,0,NULL,30,NULL,1,0,0,33,NULL);
INSERT INTO TB_RPT_ZONE VALUES(28,0,NULL,33,NULL,1,0,0,37,NULL);
INSERT INTO TB_RPT_ZONE VALUES(29,0,NULL,13,NULL,1,0,0,38,NULL);
INSERT INTO TB_RPT_ZONE VALUES(30,0,NULL,508,NULL,1,0,0,39,NULL);
INSERT INTO TB_RPT_ZONE VALUES(31,0,NULL,13,NULL,1,0,0,46,NULL);
INSERT INTO TB_RPT_ZONE VALUES(32,0,NULL,876,NULL,1,0,0,47,NULL);
INSERT INTO TB_RPT_ZONE VALUES(33,0,NULL,33,NULL,1,0,0,48,NULL);
INSERT INTO TB_RPT_ZONE VALUES(34,0,NULL,13,NULL,1,0,0,52,NULL);
INSERT INTO TB_RPT_ZONE VALUES(35,0,NULL,998,NULL,1,0,0,53,NULL);
INSERT INTO TB_RPT_ZONE VALUES(36,0,NULL,33,NULL,1,0,0,54,NULL);
INSERT INTO TB_RPT_ZONE VALUES(37,0,NULL,13,NULL,1,0,0,34,NULL);
INSERT INTO TB_RPT_ZONE VALUES(38,0,NULL,815,NULL,1,0,0,35,NULL);
INSERT INTO TB_RPT_ZONE VALUES(39,0,NULL,33,NULL,1,0,0,36,NULL);
INSERT INTO TB_RPT_ZONE VALUES(40,0,NULL,13,NULL,1,0,0,40,NULL);
INSERT INTO TB_RPT_ZONE VALUES(41,0,NULL,508,NULL,1,0,0,41,NULL);
INSERT INTO TB_RPT_ZONE VALUES(42,0,NULL,13,NULL,1,0,0,42,NULL);
INSERT INTO TB_RPT_ZONE VALUES(43,0,NULL,66,NULL,1,0,0,25,NULL);
INSERT INTO TB_RPT_ZONE VALUES(44,0,NULL,61,NULL,1,0,0,26,NULL);
INSERT INTO TB_RPT_ZONE VALUES(45,0,NULL,13,NULL,1,0,0,27,NULL);
INSERT INTO TB_RPT_ZONE VALUES(46,0,NULL,66,NULL,1,0,0,28,NULL);
INSERT INTO TB_RPT_ZONE VALUES(47,0,NULL,61,NULL,1,0,0,29,NULL);
INSERT INTO TB_RPT_ZONE VALUES(48,0,NULL,33,NULL,1,0,0,30,NULL);
INSERT INTO TB_RPT_ZONE VALUES(49,0,NULL,168,NULL,1,0,0,43,NULL);
INSERT INTO TB_RPT_ZONE VALUES(50,0,NULL,13,NULL,1,0,0,44,NULL);
INSERT INTO TB_RPT_ZONE VALUES(51,0,NULL,163,NULL,1,0,0,45,NULL);
INSERT INTO TB_RPT_ZONE VALUES(52,0,NULL,28,NULL,1,0,0,49,NULL);
INSERT INTO TB_RPT_ZONE VALUES(53,0,NULL,208,NULL,1,0,0,50,NULL);
INSERT INTO TB_RPT_ZONE VALUES(54,0,NULL,1029,NULL,1,0,0,51,NULL);
INSERT INTO TB_RPT_ZONE VALUES(55,0,NULL,13,NULL,1,0,0,55,NULL);
INSERT INTO TB_RPT_ZONE VALUES(56,0,NULL,937,NULL,1,0,0,56,NULL);
INSERT INTO TB_RPT_ZONE VALUES(57,0,NULL,30,NULL,1,0,0,57,NULL);
INSERT INTO TB_RPT_ZONE VALUES(58,0,NULL,170,NULL,1,0,0,58,NULL);
INSERT INTO TB_RPT_ZONE VALUES(59,0,NULL,218,NULL,1,0,0,59,NULL);
INSERT INTO TB_RPT_ZONE VALUES(60,0,NULL,163,NULL,1,0,0,60,NULL);
INSERT INTO TB_RPT_ZONE VALUES(61,0,NULL,13,NULL,1,0,0,61,NULL);
INSERT INTO TB_RPT_ZONE VALUES(62,0,NULL,13,NULL,1,0,0,62,NULL);
INSERT INTO TB_RPT_ZONE VALUES(63,0,NULL,1008,NULL,1,0,0,63,NULL);
INSERT INTO TB_RPT_ZONE VALUES(64,0,NULL,13,NULL,1,0,0,64,NULL);
INSERT INTO TB_RPT_ZONE VALUES(65,0,NULL,13,NULL,1,0,0,65,NULL);
INSERT INTO TB_RPT_ZONE VALUES(66,0,NULL,1067,NULL,1,0,0,66,NULL);
INSERT INTO TB_RPT_ZONE VALUES(67,0,NULL,165,NULL,1,0,0,67,NULL);
INSERT INTO TB_RPT_ZONE VALUES(68,0,NULL,213,NULL,1,0,0,68,NULL);
INSERT INTO TB_RPT_ZONE VALUES(69,0,NULL,163,NULL,1,0,0,69,NULL);
INSERT INTO TB_RPT_ZONE VALUES(70,0,NULL,13,NULL,1,0,0,70,NULL);
INSERT INTO TB_RPT_ZONE VALUES(71,0,NULL,13,NULL,1,0,0,71,NULL);
INSERT INTO TB_RPT_ZONE VALUES(72,0,NULL,1118,NULL,1,0,0,72,NULL);
INSERT INTO TB_RPT_ZONE VALUES(73,0,NULL,170,NULL,1,0,0,73,NULL);
INSERT INTO TB_RPT_ZONE VALUES(74,0,NULL,208,NULL,1,0,0,74,NULL);
INSERT INTO TB_RPT_ZONE VALUES(75,0,NULL,163,NULL,1,0,0,75,NULL);
INSERT INTO TB_RPT_ZONE VALUES(76,0,NULL,170,NULL,1,0,0,76,NULL);
INSERT INTO TB_RPT_ZONE VALUES(77,0,NULL,211,NULL,1,0,0,77,NULL);
INSERT INTO TB_RPT_ZONE VALUES(78,0,NULL,163,NULL,1,0,0,78,NULL);
INSERT INTO TB_RPT_ZONE VALUES(79,0,NULL,13,NULL,1,0,0,79,NULL);
INSERT INTO TB_RPT_ZONE VALUES(80,0,NULL,13,NULL,1,0,0,80,NULL);
INSERT INTO TB_RPT_ZONE VALUES(81,0,NULL,1031,NULL,1,0,0,81,NULL);
INSERT INTO TB_RPT_ZONE VALUES(82,0,NULL,13,NULL,1,0,0,82,NULL);
INSERT INTO TB_RPT_ZONE VALUES(83,0,NULL,13,NULL,1,0,0,83,NULL);
INSERT INTO TB_RPT_ZONE VALUES(84,0,NULL,1003,NULL,1,0,0,84,NULL);
INSERT INTO TB_RPT_ZONE VALUES(85,0,NULL,170,NULL,1,0,0,85,NULL);
INSERT INTO TB_RPT_ZONE VALUES(86,0,NULL,213,NULL,1,0,0,86,NULL);
INSERT INTO TB_RPT_ZONE VALUES(87,0,NULL,163,NULL,1,0,0,87,NULL);
CREATE TABLE TB_GN_DOCUMENT_BAR (ID INTEGER PRIMARY KEY not null, CAPTION VARCHAR2(255), NAME VARCHAR2(255));
INSERT INTO TB_GN_DOCUMENT_BAR VALUES(1,'Construction Toolbar','CONSTRUCT');
INSERT INTO TB_GN_DOCUMENT_BAR VALUES(2,'Admin Toolbar','AUTODESK.MAP.IM.FORMS.DOCUMENTTOOLBARTYPE.MAINADMIN');
INSERT INTO TB_GN_DOCUMENT_BAR VALUES(3,'Main Toolbar','AUTODESK.MAP.IM.FORMS.DOCUMENTTOOLBARTYPE.MAIN');
CREATE TABLE TB_GN_INFO_REDIRECT (ID INTEGER PRIMARY KEY not null, DIALOG_COLUMN_NAME VARCHAR2(255), DIALOG_DOCUMENT_NAME VARCHAR2(255), DIALOG_TABLE_NAME VARCHAR2(255), F_COLUMN_NAME VARCHAR2(255), F_TABLE_NAME VARCHAR2(255), INFO_FILTER VARCHAR2(2000));
CREATE TABLE TB_RPT_PLUGIN (ID INTEGER PRIMARY KEY not null, ASSEMBLYNAME VARCHAR2(255), CLASSNAME VARCHAR2(255), COMMENTARY VARCHAR2(4000), FUNCTIONNAME VARCHAR2(255), NAME VARCHAR2(255), NAMESPACE VARCHAR2(255), REPORT_ID INTEGER(18));
CREATE TABLE TB_GN_MENU_NODE_FILTER (ID VARCHAR2(40) not null, MENU_ITEM_NAME VARCHAR2(2000), NODE_NAME VARCHAR2(2000), USERGROUP_ID VARCHAR2(40), constraint TB_GN_MENU_NODE_FILTER_P primary key (ID));
CREATE TABLE TB_GN_DIALOG_DETAIL (ID INTEGER PRIMARY KEY not null, DETAIL_DIALOG_NAME VARCHAR2(255), MASTER_DIALOG_ID INTEGER(18), TABORDER INTEGER(10), VISIBLE INTEGER(1));
CREATE TABLE TB_GN_FLYIN_USER (ID INTEGER PRIMARY KEY not null, ALWAYSONTOP INTEGER(1), DOCKSTATE INTEGER(2), FLY_HEIGHT INTEGER(10), NAME VARCHAR2(255), ORDER_INDEX INTEGER(5), PARENT_FLYIN VARCHAR2(255), USER_ID VARCHAR2(40), WIN_HEIGHT INTEGER(10), WIN_LEFT INTEGER(10), WIN_TOP INTEGER(10), WIN_WIDTH INTEGER(10));
INSERT INTO TB_GN_FLYIN_USER VALUES(1,0,2,27,'AUTODESK.MAP.IM.FORMS.DOCUMENTTOOLBARTYPE.MAIN Toolbar',NULL,NULL,'4c251b33-6181-4162-ad00-dd3a29f349b4',56,100,100,192);
INSERT INTO TB_GN_FLYIN_USER VALUES(2,0,2,54,'CONSTRUCT Toolbar',NULL,NULL,'4c251b33-6181-4162-ad00-dd3a29f349b4',56,100,100,192);
CREATE TABLE TB_GN_DIALOG (ID INTEGER PRIMARY KEY not null, AUTOGRIDORDER INTEGER(1) default 1, AUTOTABORDER INTEGER(1), CAPTION VARCHAR2(255), CAPTION_LID VARCHAR2(36), DEFAULTHEIGHT INTEGER(10), DEFAULTISDOCKED INTEGER(1), DEFAULTLEFT INTEGER(10), DEFAULTMODE INTEGER(2), DEFAULTORDERBY VARCHAR2(4000), DEFAULTTAB INTEGER(10) default 1, DEFAULTTABSVISIBLE INTEGER(1) default 1, DEFAULTTOP INTEGER(10), DEFAULTWIDTH INTEGER(10), DETAIL_FIELDNAME VARCHAR2(50), DETAILHEIGHT INTEGER(10), DIALOGLAYOUTNAME VARCHAR2(255), DIALOGNAME VARCHAR2(255), HELPCONTEXT VARCHAR2(255), HELPFILENAME VARCHAR2(255), HELPURL VARCHAR2(255), KEYCOLUMNNAME VARCHAR2(255), LANGUAGE_GROUP VARCHAR2(36), MASTER_FIELDNAME VARCHAR2(50), REGISTERNAMES VARCHAR2(2000), STARTMODE INTEGER(2), TABGROUPSUSPEND VARCHAR2(2000), TABLENAME VARCHAR2(255), TOOLBAR_ID INTEGER(18), constraint IDX_GN_DIALOG_DITY unique (DIALOGLAYOUTNAME, DIALOGNAME));
CREATE TABLE TB_GN_DIALOG_USER (ID INTEGER PRIMARY KEY not null, ACTIVEREFRECORD VARCHAR2(255), ACTIVETAB INTEGER(2), COLWIDTHS VARCHAR2(2000), DEFAULTMODE INTEGER(2), DETAILHEIGHT INTEGER(20), DIALOG_ID INTEGER(18), ISDOCKED INTEGER(1), STARTMODE INTEGER(2), TABSVISIBLE INTEGER(1), USER_ID VARCHAR2(40));
CREATE TABLE TB_GN_SELECTION (ID VARCHAR2(40) not null, CASE_ID VARCHAR2(40), CHARVALUE VARCHAR2(255), KEYVALUE INTEGER(20), USER_ID VARCHAR2(255), constraint TB_GN_SELECTION_P primary key (ID));
CREATE TABLE TB_GN_REPORT_FILTER (ID INTEGER PRIMARY KEY not null, DIALOG_ID INTEGER(18), NAME VARCHAR2(255), USERGROUP_ID VARCHAR2(40));
CREATE TABLE TB_RPT_GROUP (ID INTEGER PRIMARY KEY not null, AFTERQUERY VARCHAR2(100), BEFOREQUERY VARCHAR2(100), COMMENTARY VARCHAR2(4000), DATASOURCE INTEGER(2), GLUE INTEGER(1), NAME VARCHAR2(255), ORDER_INDEX INTEGER(10), PAGE_ID INTEGER(18), PARALLEL INTEGER(1), PARENT_ID INTEGER(18), REPEATHEADONNEWPAGE INTEGER(1), RESETPAGECOUNTER INTEGER(1), SHOWFOOT INTEGER(1) default 1, SHOWHEAD INTEGER(1) default 1, SQL VARCHAR2(4000), SQL_ID VARCHAR2(40), SUPPRESSIFNORECORDS INTEGER(1) default 1);
INSERT INTO TB_RPT_GROUP VALUES(1,NULL,NULL,NULL,0,0,'Detail',1,1,0,2,0,0,1,1,unistr('SELECT "TB_JOB"."NAME",\u000d\u000a {FUN.common_to_char("TB_REPORT_CONSTRUC"."X0",''999999D000'')} X0, {FUN.common_to_char("TB_REPORT_CONSTRUC"."Y0",''999999D000'')} Y0, \u000d\u000a {FUN.common_to_char("TB_REPORT_CONSTRUC"."X1",''999999D000'')} X1, {FUN.common_to_char("TB_REPORT_CONSTRUC"."Y1",''999999D000'')} Y1,\u000d\u000a {FUN.common_to_char("TB_REPORT_CONSTRUC"."X2",''999999D000'')} X2, {FUN.common_to_char("TB_REPORT_CONSTRUC"."Y2",''999999D000'')} Y2,\u000d\u000a "TB_REPORT_CONSTRUC"."P0",\u000d\u000a "TB_REPORT_CONSTRUC"."P1",\u000d\u000a "TB_REPORT_CONSTRUC"."P2",\u000d\u000a round("TB_REPORT_CONSTRUC"."R1",3) R1,\u000d\u000a round("TB_REPORT_CONSTRUC"."R2",3) R2,\u000d\u000a "TB_REPORT_CONSTRUC"."F_CLASS_NAME",\u000d\u000a "TB_REPORT_CONSTRUC"."F_CLASS_NAME_P1",\u000d\u000a "TB_REPORT_CONSTRUC"."F_CLASS_NAME_P2",\u000d\u000a "TB_REPORT_CONSTRUC"."CALC_DESCRIPTION",\u000d\u000a round("TB_REPORT_CONSTRUC"."A5",3) A5,\u000d\u000a "TB_REPORT_CONSTRUC"."VALUE_9",\u000d\u000a "TB_REPORT_CONSTRUC"."VALUE_10",\u000d\u000a "TB_REPORT_CONSTRUC"."ID",\u000d\u000a "TB_REPORT_CONSTRUC"."CALC_TYPE",\u000d\u000a "TB_REPORT_CONSTRUC"."DATE_CREATED",\u000d\u000a "TB_REPORT_CONSTRUC"."JOB_ID"\u000d\u000a FROM   "TB_REPOR'),'638fc8a7-add5-4870-b2e9-7b0e4b4a8b69',1);
INSERT INTO TB_RPT_GROUP VALUES(2,NULL,NULL,NULL,0,0,'Page',1,1,0,0,0,0,1,1,NULL,NULL,1);
INSERT INTO TB_RPT_GROUP VALUES(3,NULL,NULL,NULL,0,0,'Detail',1,2,0,5,0,0,1,1,unistr('select ''Point ''||{FUN.rownum} POINT_NAME, X, Y, P, F_CLASS_NAME_P from (\u000d\u000aSELECT "TB_JOB"."NAME",  \u000d\u000a{FUN.common_to_char("TB_REPORT_CONSTRUC"."X1",''999999D000'')} X, {FUN.common_to_char("TB_REPORT_CONSTRUC"."Y1",''999999D000'')} Y,  "TB_REPORT_CONSTRUC"."P1" P,   "TB_REPORT_CONSTRUC"."F_CLASS_NAME_P1" F_CLASS_NAME_P   FROM   "TB_REPORT_CONSTRUC" "TB_REPORT_CONSTRUC", "TB_JOB" "TB_JOB"  WHERE  "TB_REPORT_CONSTRUC"."CALC_TYPE"=7  \u000d\u000aAND "TB_REPORT_CONSTRUC"."JOB_ID" = "TB_JOB"."ID"  \u000d\u000aAND "TB_REPORT_CONSTRUC"."P0" = {P0}\u000d\u000aAND "TB_REPORT_CONSTRUC"."X1" is not null\u000d\u000aunion\u000d\u000aSELECT "TB_JOB"."NAME",  \u000d\u000a{FUN.common_to_char("TB_REPORT_CONSTRUC"."X2",''999999D000'')} X, {FUN.common_to_char("TB_REPORT_CONSTRUC"."Y2",''999999D000'')} Y,  "TB_REPORT_CONSTRUC"."P2" P,   "TB_REPORT_CONSTRUC"."F_CLASS_NAME_P2" F_CLASS_NAME_P   FROM   "TB_REPORT_CONSTRUC" "TB_REPORT_CONSTRUC", "TB_JOB" "TB_JOB"  WHERE  "TB_REPORT_CONSTRUC"."CALC_TYPE"=7  \u000d\u000aAND "TB_REPORT_CONSTRUC"."JOB_ID" = "TB_JOB"."ID"  \u000d\u000aAND "TB_REPORT_CONSTRUC"."P0" = {P0}\u000d\u000aAND "TB_REPORT_CONSTRUC"."X2" is not null\u000d\u000aunion\u000d\u000aSELECT "TB_JOB"."NAME",  \u000d\u000a{FUN.common_to_char("TB_REPORT_CONSTRUC"."X3",''999999D000'')} X, {FUN.common_to_char("TB_REPORT_CONSTRUC"."Y3",''999999D000'')} Y,  "TB_REPORT_CONSTRUC"."P3" P,   "TB_REPORT_CONSTRUC"."F_CLASS_NAME_P3" F_CLASS_NAME_P   FROM   "TB_REPORT_CONSTRUC" "TB_REPORT_CONSTRUC", "TB_JOB" "TB_JOB"  WHERE  "TB_REPORT_CONSTRUC"."CALC_TYPE"=7  \u000d\u000aAND "TB_REPORT_CONSTRUC"."JOB_ID" = "TB_JOB"."ID"  \u000d\u000aAND "TB_REPORT_CONSTRUC"."P0" = {P0}\u000d\u000aAND "TB_REPORT_CONSTRUC"."X3" is not null\u000d\u000aunion\u000d\u000aSELECT "TB_JOB"."NAME",  \u000d\u000a{FUN.common_to_char("TB_REPORT_CONSTRUC"."X4",''999999D000'')} X, {FUN.common_to_char("TB_REPORT_CONSTRUC"."Y4",''999999D000'')} Y,  "TB_REPORT_CONSTRUC"."P4" P,   "TB_REPORT_CONSTRUC"."F_CLASS_NAME_P4" F_CLASS_NAME_P   FROM   "TB_REPORT_CONSTRUC" "TB_REPORT_CONSTRUC", "TB_JOB" "TB_JOB"  WHERE  "TB_REPORT_CONSTRUC"."CALC_TYPE"=7  \u000d\u000aAND "TB_REPORT_CONSTRUC"."JOB_ID" = "TB_JOB"."ID"  \u000d\u000aAND "TB_REPORT_CONSTRUC"."P0" = {P0}\u000d\u000aAND "TB_REPORT_CONSTRUC"."X4" is not null\u000d\u000a)\u000d\u000a'),NULL,1);
INSERT INTO TB_RPT_GROUP VALUES(4,NULL,NULL,NULL,0,0,'Page',1,2,0,0,0,0,1,1,NULL,NULL,1);
INSERT INTO TB_RPT_GROUP VALUES(5,NULL,NULL,NULL,0,0,'Detail',1,2,0,4,0,0,1,1,unistr(' SELECT \u000d\u000adistinct\u000d\u000a(select min(ID) from "TB_REPORT_CONSTRUC" "C" where "P0" = "TB_REPORT_CONSTRUC"."P0") as "ID",\u000d\u000a "TB_JOB"."NAME",\u000d\u000a "TB_REPORT_CONSTRUC"."P0",\u000d\u000a {FUN.common_to_char("TB_REPORT_CONSTRUC"."X0",''999999D000'')} X0, {FUN.common_to_char("TB_REPORT_CONSTRUC"."Y0",''999999D000'')} Y0, \u000d\u000a "TB_REPORT_CONSTRUC"."F_CLASS_NAME", \u000d\u000a "TB_REPORT_CONSTRUC"."CALC_DESCRIPTION", \u000d\u000a round("TB_REPORT_CONSTRUC"."ORIENTATION",4) ORIENTATION,\u000d\u000a "TB_REPORT_CONSTRUC"."VALUE_9", \u000d\u000a "TB_REPORT_CONSTRUC"."VALUE_10", \u000d\u000a "TB_REPORT_CONSTRUC"."CALC_TYPE", \u000d\u000a "TB_REPORT_CONSTRUC"."DATE_CREATED", \u000d\u000a "TB_REPORT_CONSTRUC"."JOB_ID"\u000d\u000a FROM   "TB_REPORT_CONSTRUC" "TB_REPORT_CONSTRUC", "TB_JOB" "TB_JOB"\u000d\u000a WHERE ("TB_REPORT_CONSTRUC"."DATE_CREATED">={FUN.FROMDATE}\u000d\u000a AND "TB_REPORT_CONSTRUC"."DATE_CREATED"<{FUN.ENDDATE})\u000d\u000a AND "TB_REPORT_CONSTRUC"."JOB_ID"={Parameter.JobID}\u000d\u000a AND "TB_REPORT_CONSTRUC"."JOB_ID" = "TB_JOB"."ID"\u000d\u000a AND "TB_REPORT_CONSTRUC"."CALC_TYPE"=7\u000d\u000a ORDER BY "ID"'),NULL,1);
INSERT INTO TB_RPT_GROUP VALUES(6,NULL,NULL,NULL,0,0,'Detail',1,3,0,7,0,0,1,1,unistr('select ''Point ''||{FUN.ROWNUM} POINT_NAME, X, Y, P, A, R, F_CLASS_NAME_P from (\u000d\u000aselect * from (\u000d\u000aSELECT "TB_JOB"."NAME", \u000d\u000a{FUN.common_to_char("TB_REPORT_CONSTRUC"."X1",''999999D000'')} X, {FUN.common_to_char("TB_REPORT_CONSTRUC"."Y1",''999999D000'')} Y,  round("TB_REPORT_CONSTRUC"."R1",3) R,  "TB_REPORT_CONSTRUC"."P1" P,   "TB_REPORT_CONSTRUC"."F_CLASS_NAME_P1" F_CLASS_NAME_P,   {FUN.common_to_char("TB_REPORT_CONSTRUC"."A1",''999D0000'')} A,\u000d\u000a("TB_REPORT_CONSTRUC"."ID" * 4) SORT_COLUMN\u000d\u000aFROM   "TB_REPORT_CONSTRUC" "TB_REPORT_CONSTRUC", "TB_JOB" "TB_JOB"\u000d\u000aWHERE  "TB_REPORT_CONSTRUC"."CALC_TYPE"=8  \u000d\u000aAND "TB_REPORT_CONSTRUC"."JOB_ID" = "TB_JOB"."ID"  \u000d\u000aAND "TB_REPORT_CONSTRUC"."P0" = {P0}\u000d\u000aAND "TB_REPORT_CONSTRUC"."X1" is not null\u000d\u000aunion\u000d\u000aSELECT "TB_JOB"."NAME", \u000d\u000a{FUN.common_to_char("TB_REPORT_CONSTRUC"."X2",''999999D000'')} X, {FUN.common_to_char("TB_REPORT_CONSTRUC"."Y2",''999999D000'')} Y,  round("TB_REPORT_CONSTRUC"."R2",3) R,  "TB_REPORT_CONSTRUC"."P2" P,   "TB_REPORT_CONSTRUC"."F_CLASS_NAME_P2" F_CLASS_NAME_P,   {FUN.common_to_char("TB_REPORT_CONSTRUC"."A2",''999D0000'')} A,\u000d\u000a("TB_REPORT_CONSTRUC"."ID" * 4 + 1) SORT_COLUMN\u000d\u000aFROM   "TB_REPORT_CONSTRUC" "TB_REPORT_CONSTRUC", "TB_JOB" "TB_JOB"\u000d\u000aWHERE  "TB_REPORT_CONSTRUC"."CALC_TYPE"=8  \u000d\u000aAND "TB_REPORT_CONSTRUC"."JOB_ID" = "TB_JOB"."ID" \u000d\u000aAND "TB_REPORT_CONSTRUC"."P0" = {P0} \u000d\u000aAND "TB_REPORT_CONSTRUC"."X2" is not null\u000d\u000aunion\u000d\u000aSELECT "TB_JOB"."NAME",\u000d\u000a{FUN.common_to_char("TB_REPORT_CONSTRUC"."X3",''999999D000'')} X, {FUN.common_to_char("TB_REPORT_CONSTRUC"."Y3",''999999D000'')} Y,  round("TB_REPORT_CONSTRUC"."A5",3) R,  "TB_REPORT_CONSTRUC"."P3" P,   "TB_REPORT_CONSTRUC"."F_CLASS_NAME_P3" F_CLASS_NAME_P,   {FUN.common_to_char("TB_REPORT_CONSTRUC"."A3",''999D0000'')} A,\u000d\u000a("TB_REPORT_CONSTRUC"."ID" * 4 + 2) SORT_COLUMN\u000d\u000aFROM   "TB_REPORT_CONSTRUC" "TB_REPORT_CONSTRUC", "TB_JOB" "TB_JOB"\u000d\u000aWHERE  "TB_REPORT_CONSTRUC"."CALC_TYPE"=8  \u000d\u000aAND "TB_REPORT_CONSTRUC"."JOB_ID" = "TB_JOB"."ID"  \u000d\u000aAND "TB_REPORT_CONSTRUC"."P0" = {P0}\u000d\u000aAND "TB_REPORT_CONSTRUC"."X3" is not null\u000d\u000aunion\u000d\u000aSELECT "TB_JOB"."NAME",\u000d\u000a{FUN.common_to_char("TB_REPORT_CONSTRUC"."X4",''999999D000'')} X, {FUN.common_to_char("TB_REPORT_CONSTRUC"."Y4",''999999D000'')} Y,  round("TB_REPORT_CONSTRUC"."A6",3) R,  "TB_REPORT_CONSTRUC"."P4" P,   "TB_REPORT_CONSTRUC"."F_CLASS_NAME_P4" F_CLASS_NAME_P,   {FUN.common_to_char("TB_REPORT_CONSTRUC"."A4",''999D0000'')} A,\u000d\u000a("TB_REPORT_CONSTRUC"."ID" * 4 + 3) SORT_COLUMN\u000d\u000aFROM   "TB_REPORT_CONSTRUC" "TB_REPORT_CONSTRUC", "TB_JOB" "TB_JOB"\u000d\u000aWHERE  "TB_REPORT_CONSTRUC"."CALC_TYPE"=8  \u000d\u000aAND "TB_REPORT_CONSTRUC"."JOB_ID" = "TB_JOB"."ID"  \u000d\u000aAND "TB_REPORT_CONSTRUC"."P0" = {P0}\u000d\u000aAND "TB_REPORT_CONSTRUC"."X4" is not null\u000d\u000a)\u000d\u000aorder by SORT_COLUMN\u000d\u000a)'),NULL,1);
INSERT INTO TB_RPT_GROUP VALUES(7,NULL,NULL,NULL,0,0,'Detail',1,3,0,8,0,0,1,1,unistr(' SELECT \u000d\u000adistinct\u000d\u000a(select min(ID) from "TB_REPORT_CONSTRUC" "C" where "P0" = "TB_REPORT_CONSTRUC"."P0") as "ID",\u000d\u000a "TB_JOB"."NAME",\u000d\u000a "TB_REPORT_CONSTRUC"."P0",\u000d\u000a {FUN.common_to_char("TB_REPORT_CONSTRUC"."X0",''999999D000'')} X0, {FUN.common_to_char("TB_REPORT_CONSTRUC"."Y0",''999999D000'')} Y0, \u000d\u000a "TB_REPORT_CONSTRUC"."F_CLASS_NAME", \u000d\u000a "TB_REPORT_CONSTRUC"."CALC_DESCRIPTION", \u000d\u000a "TB_REPORT_CONSTRUC"."VALUE_9", \u000d\u000a "TB_REPORT_CONSTRUC"."VALUE_10", \u000d\u000a "TB_REPORT_CONSTRUC"."CALC_TYPE", \u000d\u000a "TB_REPORT_CONSTRUC"."DATE_CREATED", \u000d\u000a "TB_REPORT_CONSTRUC"."JOB_ID"\u000d\u000a FROM   "TB_REPORT_CONSTRUC" "TB_REPORT_CONSTRUC", "TB_JOB" "TB_JOB"\u000d\u000a WHERE ("TB_REPORT_CONSTRUC"."DATE_CREATED">={FUN.FROMDATE}\u000d\u000a AND "TB_REPORT_CONSTRUC"."DATE_CREATED"<{FUN.ENDDATE})\u000d\u000a AND "TB_REPORT_CONSTRUC"."JOB_ID"={Parameter.JobID}\u000d\u000a AND "TB_REPORT_CONSTRUC"."JOB_ID" = "TB_JOB"."ID"\u000d\u000a AND "TB_REPORT_CONSTRUC"."CALC_TYPE"=8\u000d\u000a ORDER BY "ID"'),NULL,1);
INSERT INTO TB_RPT_GROUP VALUES(8,NULL,NULL,NULL,0,0,'Page',1,3,0,0,0,0,1,1,NULL,NULL,1);
INSERT INTO TB_RPT_GROUP VALUES(9,NULL,NULL,NULL,0,0,'Detail',1,4,0,14,0,0,1,1,unistr('select ''Point ''||{FUN.rownum} POINT_NAME, X, Y, P, A, R, F_CLASS_NAME_P from (\u000d\u000aselect * from (\u000d\u000aSELECT "TB_JOB"."NAME", \u000d\u000a{FUN.common_to_char("TB_REPORT_CONSTRUC"."X1",''999999D000'')} X, {FUN.common_to_char("TB_REPORT_CONSTRUC"."Y1",''999999D000'')} Y,  round("TB_REPORT_CONSTRUC"."R1",3) R,  "TB_REPORT_CONSTRUC"."P1" P,   "TB_REPORT_CONSTRUC"."F_CLASS_NAME_P1" F_CLASS_NAME_P,   {FUN.common_to_char("TB_REPORT_CONSTRUC"."A1",''999D0000'')} A,\u000d\u000a("TB_REPORT_CONSTRUC"."ID" * 4) SORT_COLUMN\u000d\u000aFROM   "TB_REPORT_CONSTRUC" "TB_REPORT_CONSTRUC", "TB_JOB" "TB_JOB"\u000d\u000aWHERE  "TB_REPORT_CONSTRUC"."CALC_TYPE"=8  \u000d\u000aAND "TB_REPORT_CONSTRUC"."JOB_ID" = "TB_JOB"."ID"  \u000d\u000aAND "TB_REPORT_CONSTRUC"."P0" = {P0}\u000d\u000aAND "TB_REPORT_CONSTRUC"."X1" is not null\u000d\u000aunion\u000d\u000aSELECT "TB_JOB"."NAME", \u000d\u000a{FUN.common_to_char("TB_REPORT_CONSTRUC"."X2",''999999D000'')} X, {FUN.common_to_char("TB_REPORT_CONSTRUC"."Y2",''999999D000'')} Y,  round("TB_REPORT_CONSTRUC"."R2",3) R,  "TB_REPORT_CONSTRUC"."P2" P,   "TB_REPORT_CONSTRUC"."F_CLASS_NAME_P2" F_CLAS'),'458afd49-bc7e-4268-b108-79884f09eafe',1);
INSERT INTO TB_RPT_GROUP VALUES(10,NULL,NULL,NULL,0,0,'Detail',1,4,0,13,0,0,1,1,unistr('select ''Point ''||{FUN.rownum} POINT_NAME, X, Y, P, F_CLASS_NAME_P from (\u000d\u000aselect * from (\u000d\u000aSELECT "TB_JOB"."NAME",  \u000d\u000a{FUN.common_to_char("TB_REPORT_CONSTRUC"."X1",''999999D000'')} X, {FUN.common_to_char("TB_REPORT_CONSTRUC"."Y1",''999999D000'')} Y,  "TB_REPORT_CONSTRUC"."P1" P,   "TB_REPORT_CONSTRUC"."F_CLASS_NAME_P1" F_CLASS_NAME_P,\u000d\u000a("TB_REPORT_CONSTRUC"."ID" * 4) SORT_COLUMN\u000d\u000aFROM   "TB_REPORT_CONSTRUC" "TB_REPORT_CONSTRUC", "TB_JOB" "TB_JOB"\u000d\u000aWHERE  "TB_REPORT_CONSTRUC"."CALC_TYPE"=7  \u000d\u000aAND "TB_REPORT_CONSTRUC"."JOB_ID" = "TB_JOB"."ID"  \u000d\u000aAND "TB_REPORT_CONSTRUC"."P0" = {P0}\u000d\u000aAND "TB_REPORT_CONSTRUC"."X1" is not null\u000d\u000aunion\u000d\u000aSELECT "TB_JOB"."NAME",  \u000d\u000a{FUN.common_to_char("TB_REPORT_CONSTRUC"."X2",''999999D000'')} X, {FUN.common_to_char("TB_REPORT_CONSTRUC"."Y2",''999999D000'')} Y,  "TB_REPORT_CONSTRUC"."P2" P,   "TB_REPORT_CONSTRUC"."F_CLASS_NAME_P2" F_CLASS_NAME_P,\u000d\u000a("TB_REPORT_CONSTRUC"."ID" * 4 + 1) SORT_COLUMN\u000d\u000aFROM   "TB_REPORT_CONSTRUC" "TB_REPORT_CONSTRUC", "TB_JOB" "TB_JOB"\u000d\u000aWHERE  "TB_REPORT_CO'),'9871d89c-4a64-4c0e-be17-bf851ae763ed',1);
INSERT INTO TB_RPT_GROUP VALUES(11,NULL,NULL,NULL,0,0,'Detail',4,4,0,15,0,0,1,1,unistr(' SELECT "TB_JOB"."NAME",\u000d\u000a {FUN.common_to_char("TB_REPORT_CONSTRUC"."X0",''999999D000'')} X0, {FUN.common_to_char("TB_REPORT_CONSTRUC"."Y0",''999999D000'')} Y0, \u000d\u000a {FUN.common_to_char("TB_REPORT_CONSTRUC"."X1",''999999D000'')} X1, {FUN.common_to_char("TB_REPORT_CONSTRUC"."Y1",''999999D000'')} Y1,\u000d\u000a {FUN.common_to_char("TB_REPORT_CONSTRUC"."X2",''999999D000'')} X2, {FUN.common_to_char("TB_REPORT_CONSTRUC"."Y2",''999999D000'')} Y2,\u000d\u000a round("TB_REPORT_CONSTRUC"."ABSZISSE",4) ABSZISSE,\u000d\u000a round("TB_REPORT_CONSTRUC"."ORDINATE",4) ORDINATE,\u000d\u000a round("TB_REPORT_CONSTRUC"."DISTANCE",3) DISTANCE,\u000d\u000a round("TB_REPORT_CONSTRUC"."DISTANCE_MEASURED",4) DISTANCE_MEASURED,\u000d\u000a round("TB_REPORT_CONSTRUC"."R1",4) R1,\u000d\u000a round("TB_REPORT_CONSTRUC"."R2",4) R2,\u000d\u000a "TB_REPORT_CONSTRUC"."P0",\u000d\u000a "TB_REPORT_CONSTRUC"."P1",\u000d\u000a "TB_REPORT_CONSTRUC"."P2",\u000d\u000a "TB_REPORT_CONSTRUC"."F_CLASS_NAME",\u000d\u000a "TB_REPORT_CONSTRUC"."F_CLASS_NAME_P1",\u000d\u000a "TB_REPORT_CONSTRUC"."F_CLASS_NAME_P2",\u000d\u000a "TB_REPORT_CONSTRUC"."CALC_DESCRIPTION",\u000d\u000a round("TB_REPORT_CONSTRUC"."'),'eda0fd0f-8e6c-48e5-8b4a-32df14c6a841',1);
INSERT INTO TB_RPT_GROUP VALUES(12,NULL,NULL,NULL,0,0,'Detail',5,4,0,15,0,0,1,1,unistr(' SELECT "TB_JOB"."NAME",\u000d\u000a {FUN.common_to_char("TB_REPORT_CONSTRUC"."X0",''999999D000'')} X0, {FUN.common_to_char("TB_REPORT_CONSTRUC"."Y0",''999999D000'')} Y0, \u000d\u000a {FUN.common_to_char("TB_REPORT_CONSTRUC"."X1",''999999D000'')} X1, {FUN.common_to_char("TB_REPORT_CONSTRUC"."Y1",''999999D000'')} Y1,\u000d\u000a {FUN.common_to_char("TB_REPORT_CONSTRUC"."X2",''999999D000'')} X2, {FUN.common_to_char("TB_REPORT_CONSTRUC"."Y2",''999999D000'')} Y2,\u000d\u000a "TB_REPORT_CONSTRUC"."P0",\u000d\u000a "TB_REPORT_CONSTRUC"."P1",\u000d\u000a "TB_REPORT_CONSTRUC"."P2",\u000d\u000a round("TB_REPORT_CONSTRUC"."R1",3) R1,\u000d\u000a round("TB_REPORT_CONSTRUC"."R2",3) R2,\u000d\u000a "TB_REPORT_CONSTRUC"."F_CLASS_NAME",\u000d\u000a "TB_REPORT_CONSTRUC"."F_CLASS_NAME_P1",\u000d\u000a "TB_REPORT_CONSTRUC"."F_CLASS_NAME_P2",\u000d\u000a "TB_REPORT_CONSTRUC"."CALC_DESCRIPTION",\u000d\u000a round("TB_REPORT_CONSTRUC"."A5",3) A5,\u000d\u000a "TB_REPORT_CONSTRUC"."VALUE_9",\u000d\u000a "TB_REPORT_CONSTRUC"."VALUE_10",\u000d\u000a "TB_REPORT_CONSTRUC"."ID",\u000d\u000a "TB_REPORT_CONSTRUC"."CALC_TYPE",\u000d\u000a "TB_REPORT_CONSTRUC"."DATE_CREATED",\u000d\u000a "TB_REPORT_CONSTRUC"."JOB_ID"\u000d\u000a FROM   "TB_REPO'),'34ca9919-d8ad-4ee4-9f15-5d84383b0e07',1);
INSERT INTO TB_RPT_GROUP VALUES(13,NULL,NULL,NULL,0,0,'Detail',7,4,0,15,0,0,1,1,unistr(' SELECT \u000d\u000adistinct\u000d\u000a(select min(ID) from "TB_REPORT_CONSTRUC" "C" where "P0" = "TB_REPORT_CONSTRUC"."P0") as "ID",\u000d\u000a "TB_JOB"."NAME",\u000d\u000a "TB_REPORT_CONSTRUC"."P0",\u000d\u000a {FUN.common_to_char("TB_REPORT_CONSTRUC"."X0",''999999D000'')} X0, {FUN.common_to_char("TB_REPORT_CONSTRUC"."Y0",''999999D000'')} Y0, \u000d\u000a "TB_REPORT_CONSTRUC"."F_CLASS_NAME", \u000d\u000a "TB_REPORT_CONSTRUC"."CALC_DESCRIPTION", \u000d\u000a round("TB_REPORT_CONSTRUC"."ORIENTATION",4) ORIENTATION,\u000d\u000a "TB_REPORT_CONSTRUC"."VALUE_9", \u000d\u000a "TB_REPORT_CONSTRUC"."VALUE_10", \u000d\u000a "TB_REPORT_CONSTRUC"."CALC_TYPE", \u000d\u000a "TB_REPORT_CONSTRUC"."DATE_CREATED", \u000d\u000a "TB_REPORT_CONSTRUC"."JOB_ID"\u000d\u000a FROM   "TB_REPORT_CONSTRUC" "TB_REPORT_CONSTRUC", "TB_JOB" "TB_JOB"\u000d\u000a WHERE ("TB_REPORT_CONSTRUC"."DATE_CREATED">={FUN.FROMDATE}\u000d\u000a AND "TB_REPORT_CONSTRUC"."DATE_CREATED"<{FUN.ENDDATE})\u000d\u000a AND "TB_REPORT_CONSTRUC"."JOB_ID"={Parameter.JobID}\u000d\u000a AND "TB_REPORT_CONSTRUC"."JOB_ID" = "TB_JOB"."ID"\u000d\u000a AND "TB_REPORT_CONSTRUC"."CALC_TYPE"=7\u000d\u000a ORDER BY "ID"'),NULL,1);
INSERT INTO TB_RPT_GROUP VALUES(14,NULL,NULL,NULL,0,0,'Detail',8,4,0,15,0,0,1,1,unistr(' SELECT \u000d\u000adistinct\u000d\u000a(select min(ID) from "TB_REPORT_CONSTRUC" "C" where "P0" = "TB_REPORT_CONSTRUC"."P0") as "ID",\u000d\u000a "TB_JOB"."NAME",\u000d\u000a "TB_REPORT_CONSTRUC"."P0",\u000d\u000a {FUN.common_to_char("TB_REPORT_CONSTRUC"."X0",''999999D000'')} X0, {FUN.common_to_char("TB_REPORT_CONSTRUC"."Y0",''999999D000'')} Y0, \u000d\u000a "TB_REPORT_CONSTRUC"."F_CLASS_NAME", \u000d\u000a "TB_REPORT_CONSTRUC"."CALC_DESCRIPTION", \u000d\u000a "TB_REPORT_CONSTRUC"."VALUE_9", \u000d\u000a "TB_REPORT_CONSTRUC"."VALUE_10", \u000d\u000a "TB_REPORT_CONSTRUC"."CALC_TYPE", \u000d\u000a "TB_REPORT_CONSTRUC"."DATE_CREATED", \u000d\u000a "TB_REPORT_CONSTRUC"."JOB_ID"\u000d\u000a FROM   "TB_REPORT_CONSTRUC" "TB_REPORT_CONSTRUC", "TB_JOB" "TB_JOB"\u000d\u000a WHERE ("TB_REPORT_CONSTRUC"."DATE_CREATED">={FUN.FROMDATE}\u000d\u000a AND "TB_REPORT_CONSTRUC"."DATE_CREATED"<{FUN.ENDDATE})\u000d\u000a AND "TB_REPORT_CONSTRUC"."JOB_ID"={Parameter.JobID}\u000d\u000a AND "TB_REPORT_CONSTRUC"."JOB_ID" = "TB_JOB"."ID"\u000d\u000a AND "TB_REPORT_CONSTRUC"."CALC_TYPE"=8\u000d\u000a ORDER BY "ID"'),NULL,1);
INSERT INTO TB_RPT_GROUP VALUES(15,NULL,NULL,NULL,0,0,'Page',1,4,0,0,0,0,1,1,NULL,NULL,1);
INSERT INTO TB_RPT_GROUP VALUES(16,NULL,NULL,NULL,0,0,'Detail',6,4,0,15,0,0,1,1,unistr(' SELECT "TB_JOB"."NAME",\u000d\u000a {FUN.common_to_char("TB_REPORT_CONSTRUC"."X0",''999999D000'')} X0, {FUN.common_to_char("TB_REPORT_CONSTRUC"."Y0",''999999D000'')} Y0, \u000d\u000a {FUN.common_to_char("TB_REPORT_CONSTRUC"."X1",''999999D000'')} X1, {FUN.common_to_char("TB_REPORT_CONSTRUC"."Y1",''999999D000'')} Y1,\u000d\u000a {FUN.common_to_char("TB_REPORT_CONSTRUC"."X2",''999999D000'')} X2, {FUN.common_to_char("TB_REPORT_CONSTRUC"."Y2",''999999D000'')} Y2,\u000d\u000a {FUN.common_to_char("TB_REPORT_CONSTRUC"."X3",''999999D000'')} X3, {FUN.common_to_char("TB_REPORT_CONSTRUC"."Y3",''999999D000'')} Y3,\u000d\u000a {FUN.common_to_char("TB_REPORT_CONSTRUC"."X4",''999999D000'')} X4, {FUN.common_to_char("TB_REPORT_CONSTRUC"."Y4",''999999D000'')} Y4,\u000d\u000a round("TB_REPORT_CONSTRUC"."DISTANCE",3) DISTANCE,\u000d\u000a "TB_REPORT_CONSTRUC"."P0",\u000d\u000a "TB_REPORT_CONSTRUC"."P1",\u000d\u000a "TB_REPORT_CONSTRUC"."P2",\u000d\u000a "TB_REPORT_CONSTRUC"."P3",\u000d\u000a "TB_REPORT_CONSTRUC"."P4",\u000d\u000a "TB_REPORT_CONSTRUC"."F_CLASS_NAME",\u000d\u000a "TB_REPORT_CONSTRUC"."F_CLASS_NAME_P1",\u000d\u000a "TB_REPORT_CONSTRUC"."F_CLASS_NAME_P2",\u000d\u000a "TB_RE'),'fa6e749e-8ae4-40d5-9aa6-ec3d7da67695',1);
INSERT INTO TB_RPT_GROUP VALUES(17,NULL,NULL,NULL,0,0,'Detail',1,4,0,15,0,0,1,1,unistr(' SELECT "TB_JOB"."NAME",\u000d\u000a {FUN.common_to_char("TB_REPORT_CONSTRUC"."X0",''999999D000'')} X0, {FUN.common_to_char("TB_REPORT_CONSTRUC"."Y0",''999999D000'')} Y0, \u000d\u000a {FUN.common_to_char("TB_REPORT_CONSTRUC"."X1",''999999D000'')} X1, {FUN.common_to_char("TB_REPORT_CONSTRUC"."Y1",''999999D000'')} Y1,\u000d\u000a {FUN.common_to_char("TB_REPORT_CONSTRUC"."X2",''999999D000'')} X2, {FUN.common_to_char("TB_REPORT_CONSTRUC"."Y2",''999999D000'')} Y2,\u000d\u000a {FUN.common_to_char("TB_REPORT_CONSTRUC"."X3",''999999D000'')} X3, {FUN.common_to_char("TB_REPORT_CONSTRUC"."Y3",''999999D000'')} Y3,\u000d\u000a {FUN.common_to_char("TB_REPORT_CONSTRUC"."X4",''999999D000'')} X4, {FUN.common_to_char("TB_REPORT_CONSTRUC"."Y4",''999999D000'')} Y4,\u000d\u000a round("TB_REPORT_CONSTRUC"."R1",3) R1,\u000d\u000a round("TB_REPORT_CONSTRUC"."R2",3) R2,\u000d\u000a "TB_REPORT_CONSTRUC"."P0",\u000d\u000a "TB_REPORT_CONSTRUC"."P1",\u000d\u000a "TB_REPORT_CONSTRUC"."P2",\u000d\u000a "TB_REPORT_CONSTRUC"."P3",\u000d\u000a "TB_REPORT_CONSTRUC"."P4",\u000d\u000a "TB_REPORT_CONSTRUC"."F_CLASS_NAME",\u000d\u000a "TB_REPORT_CONSTRUC"."F_CLASS_NAME_P1",\u000d\u000a "TB_REPORT_CONSTRUC'),'a38581ba-3724-4359-b77d-5cea3464b969',1);
INSERT INTO TB_RPT_GROUP VALUES(18,NULL,NULL,NULL,0,0,'Detail',3,4,0,15,0,0,1,1,unistr(' SELECT "TB_JOB"."NAME",\u000d\u000a {FUN.common_to_char("TB_REPORT_CONSTRUC"."X0",''999999D000'')} X0, {FUN.common_to_char("TB_REPORT_CONSTRUC"."Y0",''999999D000'')} Y0, \u000d\u000a {FUN.common_to_char("TB_REPORT_CONSTRUC"."X1",''999999D000'')} X1, {FUN.common_to_char("TB_REPORT_CONSTRUC"."Y1",''999999D000'')} Y1,\u000d\u000a {FUN.common_to_char("TB_REPORT_CONSTRUC"."X2",''999999D000'')} X2, {FUN.common_to_char("TB_REPORT_CONSTRUC"."Y2",''999999D000'')} Y2,\u000d\u000a round("TB_REPORT_CONSTRUC"."DISTANCE",4) DISTANCE,\u000d\u000a round("TB_REPORT_CONSTRUC"."DIRECTION",4) DIRECTION,\u000d\u000a "TB_REPORT_CONSTRUC"."P0",\u000d\u000a "TB_REPORT_CONSTRUC"."P1",\u000d\u000a "TB_REPORT_CONSTRUC"."P2",\u000d\u000a "TB_REPORT_CONSTRUC"."F_CLASS_NAME",\u000d\u000a "TB_REPORT_CONSTRUC"."F_CLASS_NAME_P1",\u000d\u000a "TB_REPORT_CONSTRUC"."F_CLASS_NAME_P2",\u000d\u000a "TB_REPORT_CONSTRUC"."CALC_DESCRIPTION",\u000d\u000a round("TB_REPORT_CONSTRUC"."A5",4) A5,\u000d\u000a round("TB_REPORT_CONSTRUC"."A6",4) A6,\u000d\u000a "TB_REPORT_CONSTRUC"."VALUE_9",\u000d\u000a "TB_REPORT_CONSTRUC"."VALUE_10",\u000d\u000a "TB_REPORT_CONSTRUC"."DATE_CREATED",\u000d\u000a "TB_REPORT_CONSTRUC"."CALC_TYPE",\u000d\u000a "TB_REPO'),'2a6876dd-062a-49fc-ad50-c7e2f1c1cc33',1);
INSERT INTO TB_RPT_GROUP VALUES(19,NULL,NULL,NULL,0,0,'Detail',2,4,0,15,0,0,1,1,unistr(' SELECT "TB_JOB"."NAME",\u000d\u000a {FUN.common_to_char("TB_REPORT_CONSTRUC"."X0",''999999D000'')} X0, {FUN.common_to_char("TB_REPORT_CONSTRUC"."Y0",''999999D000'')} Y0, \u000d\u000a {FUN.common_to_char("TB_REPORT_CONSTRUC"."X1",''999999D000'')} X1, {FUN.common_to_char("TB_REPORT_CONSTRUC"."Y1",''999999D000'')} Y1,\u000d\u000a {FUN.common_to_char("TB_REPORT_CONSTRUC"."X2",''999999D000'')} X2, {FUN.common_to_char("TB_REPORT_CONSTRUC"."Y2",''999999D000'')} Y2,\u000d\u000a {FUN.common_to_char("TB_REPORT_CONSTRUC"."X3",''999999D000'')} X3, {FUN.common_to_char("TB_REPORT_CONSTRUC"."Y3",''999999D000'')} Y3,\u000d\u000a round("TB_REPORT_CONSTRUC"."DISTANCE",3) DISTANCE,\u000d\u000a "TB_REPORT_CONSTRUC"."R1",\u000d\u000a "TB_REPORT_CONSTRUC"."P0",\u000d\u000a "TB_REPORT_CONSTRUC"."P1",\u000d\u000a "TB_REPORT_CONSTRUC"."P2",\u000d\u000a "TB_REPORT_CONSTRUC"."P3",\u000d\u000a "TB_REPORT_CONSTRUC"."F_CLASS_NAME",\u000d\u000a "TB_REPORT_CONSTRUC"."F_CLASS_NAME_P1",\u000d\u000a "TB_REPORT_CONSTRUC"."F_CLASS_NAME_P2",\u000d\u000a "TB_REPORT_CONSTRUC"."F_CLASS_NAME_P3",\u000d\u000a "TB_REPORT_CONSTRUC"."CALC_DESCRIPTION",\u000d\u000a "TB_REPORT_CONSTRUC"."VALUE_9",\u000d\u000a "TB_REPORT_CONSTRUC".'),'5f05aaca-99d9-47ad-8444-6fb14f5c9c60',1);
INSERT INTO TB_RPT_GROUP VALUES(20,NULL,NULL,NULL,0,0,'Page',1,5,0,0,0,0,1,1,NULL,NULL,1);
INSERT INTO TB_RPT_GROUP VALUES(21,NULL,NULL,NULL,0,0,'Detail',1,5,0,20,0,0,1,1,unistr(' SELECT "TB_JOB"."NAME",\u000d\u000a {FUN.common_to_char("TB_REPORT_CONSTRUC"."X0",''999999D000'')} X0, {FUN.common_to_char("TB_REPORT_CONSTRUC"."Y0",''999999D000'')} Y0, \u000d\u000a {FUN.common_to_char("TB_REPORT_CONSTRUC"."X1",''999999D000'')} X1, {FUN.common_to_char("TB_REPORT_CONSTRUC"."Y1",''999999D000'')} Y1,\u000d\u000a {FUN.common_to_char("TB_REPORT_CONSTRUC"."X2",''999999D000'')} X2, {FUN.common_to_char("TB_REPORT_CONSTRUC"."Y2",''999999D000'')} Y2,\u000d\u000a {FUN.common_to_char("TB_REPORT_CONSTRUC"."X3",''999999D000'')} X3, {FUN.common_to_char("TB_REPORT_CONSTRUC"."Y3",''999999D000'')} Y3,\u000d\u000a {FUN.common_to_char("TB_REPORT_CONSTRUC"."X4",''999999D000'')} X4, {FUN.common_to_char("TB_REPORT_CONSTRUC"."Y4",''999999D000'')} Y4,\u000d\u000a round("TB_REPORT_CONSTRUC"."R1",3) R1, \u000d\u000a round("TB_REPORT_CONSTRUC"."R2",3) R2,\u000d\u000a "TB_REPORT_CONSTRUC"."P0",\u000d\u000a "TB_REPORT_CONSTRUC"."P1",\u000d\u000a "TB_REPORT_CONSTRUC"."P2",\u000d\u000a "TB_REPORT_CONSTRUC"."P3",\u000d\u000a "TB_REPORT_CONSTRUC"."P4",\u000d\u000a "TB_REPORT_CONSTRUC"."F_CLASS_NAME",\u000d\u000a "TB_REPORT_CONSTRUC"."F_CLASS_NAME_P1",\u000d\u000a "TB_REPORT_CONSTRU'),'9828fc38-3fd2-4137-90e0-333291abb10f',1);
INSERT INTO TB_RPT_GROUP VALUES(22,NULL,NULL,NULL,0,0,'Detail',1,6,0,23,0,0,1,1,unistr(' SELECT "TB_JOB"."NAME",\u000d\u000a {FUN.common_to_char("TB_REPORT_CONSTRUC"."X0",''999999D000'')} X0, {FUN.common_to_char("TB_REPORT_CONSTRUC"."Y0",''999999D000'')} Y0, \u000d\u000a {FUN.common_to_char("TB_REPORT_CONSTRUC"."X1",''999999D000'')} X1, {FUN.common_to_char("TB_REPORT_CONSTRUC"."Y1",''999999D000'')} Y1,\u000d\u000a {FUN.common_to_char("TB_REPORT_CONSTRUC"."X2",''999999D000'')} X2, {FUN.common_to_char("TB_REPORT_CONSTRUC"."Y2",''999999D000'')} Y2,\u000d\u000a round("TB_REPORT_CONSTRUC"."ABSZISSE",4) ABSZISSE,\u000d\u000a round("TB_REPORT_CONSTRUC"."ORDINATE",4) ORDINATE,\u000d\u000a round("TB_REPORT_CONSTRUC"."DISTANCE",3) DISTANCE,\u000d\u000a round("TB_REPORT_CONSTRUC"."DISTANCE_MEASURED",4) DISTANCE_MEASURED,\u000d\u000a round("TB_REPORT_CONSTRUC"."R1",4) R1,\u000d\u000a round("TB_REPORT_CONSTRUC"."R2",4) R2,\u000d\u000a "TB_REPORT_CONSTRUC"."P0",\u000d\u000a "TB_REPORT_CONSTRUC"."P1",\u000d\u000a "TB_REPORT_CONSTRUC"."P2",\u000d\u000a "TB_REPORT_CONSTRUC"."F_CLASS_NAME",\u000d\u000a "TB_REPORT_CONSTRUC"."F_CLASS_NAME_P1",\u000d\u000a "TB_REPORT_CONSTRUC"."F_CLASS_NAME_P2",\u000d\u000a "TB_REPORT_CONSTRUC"."CALC_DESCRIPTION",\u000d\u000a round("TB_REPORT_CONSTRUC"."'),'b0c5897d-369b-42a8-9324-5b6378ec7df1',1);
INSERT INTO TB_RPT_GROUP VALUES(23,NULL,NULL,NULL,0,0,'Page',1,6,0,0,0,0,1,1,NULL,NULL,1);
INSERT INTO TB_RPT_GROUP VALUES(24,NULL,NULL,NULL,0,0,'Detail',1,7,0,25,0,0,1,1,unistr(' SELECT "TB_JOB"."NAME",\u000d\u000a {FUN.common_to_char("TB_REPORT_CONSTRUC"."X0",''999999D000'')} X0, {FUN.common_to_char("TB_REPORT_CONSTRUC"."Y0",''999999D000'')} Y0, \u000d\u000a {FUN.common_to_char("TB_REPORT_CONSTRUC"."X1",''999999D000'')} X1, {FUN.common_to_char("TB_REPORT_CONSTRUC"."Y1",''999999D000'')} Y1,\u000d\u000a {FUN.common_to_char("TB_REPORT_CONSTRUC"."X2",''999999D000'')} X2, {FUN.common_to_char("TB_REPORT_CONSTRUC"."Y2",''999999D000'')} Y2,\u000d\u000a round("TB_REPORT_CONSTRUC"."DISTANCE",4) DISTANCE,\u000d\u000a round("TB_REPORT_CONSTRUC"."DIRECTION",4) DIRECTION,\u000d\u000a "TB_REPORT_CONSTRUC"."P0",\u000d\u000a "TB_REPORT_CONSTRUC"."P1",\u000d\u000a "TB_REPORT_CONSTRUC"."P2",\u000d\u000a "TB_REPORT_CONSTRUC"."F_CLASS_NAME",\u000d\u000a "TB_REPORT_CONSTRUC"."F_CLASS_NAME_P1",\u000d\u000a "TB_REPORT_CONSTRUC"."F_CLASS_NAME_P2",\u000d\u000a "TB_REPORT_CONSTRUC"."CALC_DESCRIPTION",\u000d\u000a round("TB_REPORT_CONSTRUC"."A5",4) A5,\u000d\u000a round("TB_REPORT_CONSTRUC"."A6",4) A6,\u000d\u000a "TB_REPORT_CONSTRUC"."VALUE_9",\u000d\u000a "TB_REPORT_CONSTRUC"."VALUE_10",\u000d\u000a "TB_REPORT_CONSTRUC"."DATE_CREATED",\u000d\u000a "TB_REPORT_CONSTRUC"."CALC_TYPE",\u000d\u000a "TB_REPO'),'899bae58-7ccd-4047-9c29-e6656957e99f',1);
INSERT INTO TB_RPT_GROUP VALUES(25,NULL,NULL,NULL,0,0,'Page',1,7,0,0,0,0,1,1,NULL,NULL,1);
INSERT INTO TB_RPT_GROUP VALUES(26,NULL,NULL,NULL,0,0,'Page',1,8,0,0,0,0,1,1,NULL,NULL,1);
INSERT INTO TB_RPT_GROUP VALUES(27,NULL,NULL,NULL,0,0,'Detail',1,8,0,26,0,0,1,1,unistr(' SELECT "TB_JOB"."NAME",\u000d\u000a {FUN.common_to_char("TB_REPORT_CONSTRUC"."X0",''999999D00'')} X0, {FUN.common_to_char("TB_REPORT_CONSTRUC"."Y0",''999999D00'')} Y0, \u000d\u000a {FUN.common_to_char("TB_REPORT_CONSTRUC"."X1",''999999D00'')} X1, {FUN.common_to_char("TB_REPORT_CONSTRUC"."Y1",''999999D00'')} Y1,\u000d\u000a {FUN.common_to_char("TB_REPORT_CONSTRUC"."X2",''999999D00'')} X2, {FUN.common_to_char("TB_REPORT_CONSTRUC"."Y2",''999999D00'')} Y2,\u000d\u000a {FUN.common_to_char("TB_REPORT_CONSTRUC"."X3",''999999D00'')} X3, {FUN.common_to_char("TB_REPORT_CONSTRUC"."Y3",''999999D00'')} Y3,\u000d\u000a round("TB_REPORT_CONSTRUC"."DISTANCE",3) DISTANCE,\u000d\u000a "TB_REPORT_CONSTRUC"."R1",\u000d\u000a "TB_REPORT_CONSTRUC"."P0",\u000d\u000a "TB_REPORT_CONSTRUC"."P1",\u000d\u000a "TB_REPORT_CONSTRUC"."P2",\u000d\u000a "TB_REPORT_CONSTRUC"."P3",\u000d\u000a "TB_REPORT_CONSTRUC"."F_CLASS_NAME",\u000d\u000a "TB_REPORT_CONSTRUC"."F_CLASS_NAME_P1",\u000d\u000a "TB_REPORT_CONSTRUC"."F_CLASS_NAME_P2",\u000d\u000a "TB_REPORT_CONSTRUC"."F_CLASS_NAME_P3",\u000d\u000a "TB_REPORT_CONSTRUC"."CALC_DESCRIPTION",\u000d\u000a "TB_REPORT_CONSTRUC"."VALUE_9",\u000d\u000a "TB_REPORT_CONSTRUC"."VALUE_1'),'94fcbc2c-91d1-48b3-a71d-1f5e4558b617',1);
INSERT INTO TB_RPT_GROUP VALUES(28,NULL,NULL,NULL,0,0,'Detail',1,9,0,29,0,0,1,1,unistr(' SELECT "TB_JOB"."NAME",\u000d\u000a {FUN.common_to_char("TB_REPORT_CONSTRUC"."X0",''999999D000'')} X0, {FUN.common_to_char("TB_REPORT_CONSTRUC"."Y0",''999999D000'')} Y0, \u000d\u000a {FUN.common_to_char("TB_REPORT_CONSTRUC"."X1",''999999D000'')} X1, {FUN.common_to_char("TB_REPORT_CONSTRUC"."Y1",''999999D000'')} Y1,\u000d\u000a {FUN.common_to_char("TB_REPORT_CONSTRUC"."X2",''999999D000'')} X2, {FUN.common_to_char("TB_REPORT_CONSTRUC"."Y2",''999999D000'')} Y2,\u000d\u000a {FUN.common_to_char("TB_REPORT_CONSTRUC"."X3",''999999D000'')} X3, {FUN.common_to_char("TB_REPORT_CONSTRUC"."Y3",''999999D000'')} Y3,\u000d\u000a {FUN.common_to_char("TB_REPORT_CONSTRUC"."X4",''999999D000'')} X4, {FUN.common_to_char("TB_REPORT_CONSTRUC"."Y4",''999999D000'')} Y4,\u000d\u000a round("TB_REPORT_CONSTRUC"."DISTANCE",3) DISTANCE,\u000d\u000a "TB_REPORT_CONSTRUC"."P0",\u000d\u000a "TB_REPORT_CONSTRUC"."P1",\u000d\u000a "TB_REPORT_CONSTRUC"."P2",\u000d\u000a "TB_REPORT_CONSTRUC"."P3",\u000d\u000a "TB_REPORT_CONSTRUC"."P4",\u000d\u000a "TB_REPORT_CONSTRUC"."F_CLASS_NAME",\u000d\u000a "TB_REPORT_CONSTRUC"."F_CLASS_NAME_P1",\u000d\u000a "TB_REPORT_CONSTRUC"."F_CLASS_NAME_P2",\u000d\u000a "TB_RE'),'098993ce-24b5-4b0b-8b92-126fcc4bf517',1);
INSERT INTO TB_RPT_GROUP VALUES(29,NULL,NULL,NULL,0,0,'Page',1,9,0,0,0,0,1,1,NULL,NULL,1);
CREATE TABLE TB_GN_FLYIN_FILTER (ID VARCHAR2(40) not null, FLYIN_ID INTEGER(18) not null, NAME VARCHAR2(255), USERGROUP_ID VARCHAR2(40), constraint TB_GN_FLYIN_FILTER_P primary key (ID));
CREATE TABLE TB_GN_MENU_FILTER (ID VARCHAR2(40) not null, NAME VARCHAR2(255), USERGROUP_ID VARCHAR2(40), constraint TB_GN_MENU_FILTER_P primary key (ID));
CREATE TABLE TB_GN_DIALOG_SCRIPTCODE (ID VARCHAR2(40) not null, DIALOG_ID INTEGER(18), ORDER_INDEX INTEGER(5), SCRIPT_ID VARCHAR2(40), SCRIPTCODE VARCHAR2(4000), constraint TB_GN_DIALOG_SCRIPTCODE_P primary key (ID));
CREATE TABLE TB_RPT_FUNCTION_CODE (ID INTEGER PRIMARY KEY not null, CODE VARCHAR2(4000), FUNCTION_NAME VARCHAR2(255), ORDER_INDEX INTEGER(5), REPORT_ID INTEGER(18));
CREATE TABLE TB_GN_FLYIN (ID INTEGER PRIMARY KEY not null, CAPTION VARCHAR2(255), NAME VARCHAR2(255));
INSERT INTO TB_GN_FLYIN VALUES(1,'Industry Model Explorer','AUTODESK.MAP.IM.MANAGEMENT.CONTROLS.DESKTOPFLYIN');
INSERT INTO TB_GN_FLYIN VALUES(2,'Workflow Explorer','AUTODESK.MAP.IM.WORKFLOWS.WORKFLOWEXPLORERDESKTOPFLYIN');
INSERT INTO TB_GN_FLYIN VALUES(3,'Connectivity Manager','AUTODESK.MAP.IM.LOGICALTOPOLOGY.FEATURERULES.FLYIN.CONNECTIVITYFLYINDESKTOP');
INSERT INTO TB_GN_FLYIN VALUES(4,'Topology Checker','AUTODESK.MAP.IM.TOPOLOGYEXPLORER.TOPOLOGYCHECKERFLYIN');
CREATE TABLE TB_RPT_PARAMETER (ID INTEGER PRIMARY KEY not null, COMMENTARY VARCHAR2(4000), CONTENT VARCHAR2(4000), NAME VARCHAR2(255), REPORT_ID INTEGER(18));
INSERT INTO TB_RPT_PARAMETER VALUES(1,NULL,'01','FROMDAY',1);
INSERT INTO TB_RPT_PARAMETER VALUES(2,NULL,'00','TOMINUTE',1);
INSERT INTO TB_RPT_PARAMETER VALUES(3,NULL,'00','TOHOUR',1);
INSERT INTO TB_RPT_PARAMETER VALUES(4,NULL,'00','TOSECOND',1);
INSERT INTO TB_RPT_PARAMETER VALUES(5,NULL,'2005','FROMYEAR',1);
INSERT INTO TB_RPT_PARAMETER VALUES(6,NULL,'00','FROMMINUTE',1);
INSERT INTO TB_RPT_PARAMETER VALUES(7,NULL,'01','FROMMONTH',1);
INSERT INTO TB_RPT_PARAMETER VALUES(8,NULL,'2006','TOYEAR',1);
INSERT INTO TB_RPT_PARAMETER VALUES(9,NULL,'00','FROMHOUR',1);
INSERT INTO TB_RPT_PARAMETER VALUES(10,NULL,'31','TODAY',1);
INSERT INTO TB_RPT_PARAMETER VALUES(11,NULL,'(1=1)','FILTER',1);
INSERT INTO TB_RPT_PARAMETER VALUES(12,NULL,'12','TOMONTH',1);
INSERT INTO TB_RPT_PARAMETER VALUES(13,NULL,'31','JOBID',1);
INSERT INTO TB_RPT_PARAMETER VALUES(14,NULL,'00','FROMSECOND',1);
INSERT INTO TB_RPT_PARAMETER VALUES(15,NULL,'01','FROMDAY',2);
INSERT INTO TB_RPT_PARAMETER VALUES(16,NULL,'00','TOMINUTE',2);
INSERT INTO TB_RPT_PARAMETER VALUES(17,NULL,'00','TOHOUR',2);
INSERT INTO TB_RPT_PARAMETER VALUES(18,NULL,'00','FROMHOUR',2);
INSERT INTO TB_RPT_PARAMETER VALUES(19,NULL,'2005','FROMYEAR',2);
INSERT INTO TB_RPT_PARAMETER VALUES(20,NULL,'00','FROMMINUTE',2);
INSERT INTO TB_RPT_PARAMETER VALUES(21,NULL,'01','FROMMONTH',2);
INSERT INTO TB_RPT_PARAMETER VALUES(22,NULL,'2006','TOYEAR',2);
INSERT INTO TB_RPT_PARAMETER VALUES(23,NULL,'00','TOSECOND',2);
INSERT INTO TB_RPT_PARAMETER VALUES(24,NULL,'31','TODAY',2);
INSERT INTO TB_RPT_PARAMETER VALUES(25,NULL,'(1=1)','FILTER',2);
INSERT INTO TB_RPT_PARAMETER VALUES(26,NULL,'12','TOMONTH',2);
INSERT INTO TB_RPT_PARAMETER VALUES(27,NULL,'1','JOBID',2);
INSERT INTO TB_RPT_PARAMETER VALUES(28,NULL,'00','FROMSECOND',2);
INSERT INTO TB_RPT_PARAMETER VALUES(29,NULL,'01','FROMDAY',3);
INSERT INTO TB_RPT_PARAMETER VALUES(30,NULL,'00','TOMINUTE',3);
INSERT INTO TB_RPT_PARAMETER VALUES(31,NULL,'00','TOHOUR',3);
INSERT INTO TB_RPT_PARAMETER VALUES(32,NULL,'00','TOSECOND',3);
INSERT INTO TB_RPT_PARAMETER VALUES(33,NULL,'2005','FROMYEAR',3);
INSERT INTO TB_RPT_PARAMETER VALUES(34,NULL,'00','FROMMINUTE',3);
INSERT INTO TB_RPT_PARAMETER VALUES(35,NULL,'01','FROMMONTH',3);
INSERT INTO TB_RPT_PARAMETER VALUES(36,NULL,'2006','TOYEAR',3);
INSERT INTO TB_RPT_PARAMETER VALUES(37,NULL,'00','FROMHOUR',3);
INSERT INTO TB_RPT_PARAMETER VALUES(38,NULL,'31','TODAY',3);
INSERT INTO TB_RPT_PARAMETER VALUES(39,NULL,'(1=1)','FILTER',3);
INSERT INTO TB_RPT_PARAMETER VALUES(40,NULL,'12','TOMONTH',3);
INSERT INTO TB_RPT_PARAMETER VALUES(41,NULL,'1','JOBID',3);
INSERT INTO TB_RPT_PARAMETER VALUES(42,NULL,'00','FROMSECOND',3);
INSERT INTO TB_RPT_PARAMETER VALUES(43,NULL,'01','FROMDAY',4);
INSERT INTO TB_RPT_PARAMETER VALUES(44,NULL,'00','TOMINUTE',4);
INSERT INTO TB_RPT_PARAMETER VALUES(45,NULL,'00','TOHOUR',4);
INSERT INTO TB_RPT_PARAMETER VALUES(46,NULL,'00','FROMHOUR',4);
INSERT INTO TB_RPT_PARAMETER VALUES(47,NULL,'2005','FROMYEAR',4);
INSERT INTO TB_RPT_PARAMETER VALUES(48,NULL,'00','FROMMINUTE',4);
INSERT INTO TB_RPT_PARAMETER VALUES(49,NULL,'01','FROMMONTH',4);
INSERT INTO TB_RPT_PARAMETER VALUES(50,NULL,'2006','TOYEAR',4);
INSERT INTO TB_RPT_PARAMETER VALUES(51,NULL,'00','TOSECOND',4);
INSERT INTO TB_RPT_PARAMETER VALUES(52,NULL,'31','TODAY',4);
INSERT INTO TB_RPT_PARAMETER VALUES(53,NULL,'(1=1)','FILTER',4);
INSERT INTO TB_RPT_PARAMETER VALUES(54,NULL,'12','TOMONTH',4);
INSERT INTO TB_RPT_PARAMETER VALUES(55,NULL,'31','JOBID',4);
INSERT INTO TB_RPT_PARAMETER VALUES(56,NULL,'00','FROMSECOND',4);
INSERT INTO TB_RPT_PARAMETER VALUES(57,NULL,'01','FROMDAY',5);
INSERT INTO TB_RPT_PARAMETER VALUES(58,NULL,'00','TOMINUTE',5);
INSERT INTO TB_RPT_PARAMETER VALUES(59,NULL,'00','TOHOUR',5);
INSERT INTO TB_RPT_PARAMETER VALUES(60,NULL,'00','TOSECOND',5);
INSERT INTO TB_RPT_PARAMETER VALUES(61,NULL,'2005','FROMYEAR',5);
INSERT INTO TB_RPT_PARAMETER VALUES(62,NULL,'00','FROMMINUTE',5);
INSERT INTO TB_RPT_PARAMETER VALUES(63,NULL,'01','FROMMONTH',5);
INSERT INTO TB_RPT_PARAMETER VALUES(64,NULL,'2006','TOYEAR',5);
INSERT INTO TB_RPT_PARAMETER VALUES(65,NULL,'00','FROMHOUR',5);
INSERT INTO TB_RPT_PARAMETER VALUES(66,NULL,'31','TODAY',5);
INSERT INTO TB_RPT_PARAMETER VALUES(67,NULL,'(1=1)','FILTER',5);
INSERT INTO TB_RPT_PARAMETER VALUES(68,NULL,'12','TOMONTH',5);
INSERT INTO TB_RPT_PARAMETER VALUES(69,NULL,'31','JOBID',5);
INSERT INTO TB_RPT_PARAMETER VALUES(70,NULL,'00','FROMSECOND',5);
INSERT INTO TB_RPT_PARAMETER VALUES(71,NULL,'01','FROMDAY',6);
INSERT INTO TB_RPT_PARAMETER VALUES(72,NULL,'00','TOMINUTE',6);
INSERT INTO TB_RPT_PARAMETER VALUES(73,NULL,'00','TOHOUR',6);
INSERT INTO TB_RPT_PARAMETER VALUES(74,NULL,'00','TOSECOND',6);
INSERT INTO TB_RPT_PARAMETER VALUES(75,NULL,'2005','FROMYEAR',6);
INSERT INTO TB_RPT_PARAMETER VALUES(76,NULL,'00','FROMMINUTE',6);
INSERT INTO TB_RPT_PARAMETER VALUES(77,NULL,'01','FROMMONTH',6);
INSERT INTO TB_RPT_PARAMETER VALUES(78,NULL,'2006','TOYEAR',6);
INSERT INTO TB_RPT_PARAMETER VALUES(79,NULL,'00','FROMHOUR',6);
INSERT INTO TB_RPT_PARAMETER VALUES(80,NULL,'31','TODAY',6);
INSERT INTO TB_RPT_PARAMETER VALUES(81,NULL,'(1=1)','FILTER',6);
INSERT INTO TB_RPT_PARAMETER VALUES(82,NULL,'12','TOMONTH',6);
INSERT INTO TB_RPT_PARAMETER VALUES(83,NULL,'31','JOBID',6);
INSERT INTO TB_RPT_PARAMETER VALUES(84,NULL,'00','FROMSECOND',6);
INSERT INTO TB_RPT_PARAMETER VALUES(85,NULL,'01','FROMDAY',7);
INSERT INTO TB_RPT_PARAMETER VALUES(86,NULL,'00','TOMINUTE',7);
INSERT INTO TB_RPT_PARAMETER VALUES(87,NULL,'00','TOHOUR',7);
INSERT INTO TB_RPT_PARAMETER VALUES(88,NULL,'00','FROMHOUR',7);
INSERT INTO TB_RPT_PARAMETER VALUES(89,NULL,'2005','FROMYEAR',7);
INSERT INTO TB_RPT_PARAMETER VALUES(90,NULL,'00','FROMMINUTE',7);
INSERT INTO TB_RPT_PARAMETER VALUES(91,NULL,'01','FROMMONTH',7);
INSERT INTO TB_RPT_PARAMETER VALUES(92,NULL,'2006','TOYEAR',7);
INSERT INTO TB_RPT_PARAMETER VALUES(93,NULL,'00','TOSECOND',7);
INSERT INTO TB_RPT_PARAMETER VALUES(94,NULL,'31','TODAY',7);
INSERT INTO TB_RPT_PARAMETER VALUES(95,NULL,'(1=1)','FILTER',7);
INSERT INTO TB_RPT_PARAMETER VALUES(96,NULL,'12','TOMONTH',7);
INSERT INTO TB_RPT_PARAMETER VALUES(97,NULL,'31','JOBID',7);
INSERT INTO TB_RPT_PARAMETER VALUES(98,NULL,'00','FROMSECOND',7);
INSERT INTO TB_RPT_PARAMETER VALUES(99,NULL,'01','FROMDAY',8);
INSERT INTO TB_RPT_PARAMETER VALUES(100,NULL,'00','TOMINUTE',8);
INSERT INTO TB_RPT_PARAMETER VALUES(101,NULL,'00','TOHOUR',8);
INSERT INTO TB_RPT_PARAMETER VALUES(102,NULL,'00','TOSECOND',8);
INSERT INTO TB_RPT_PARAMETER VALUES(103,NULL,'2005','FROMYEAR',8);
INSERT INTO TB_RPT_PARAMETER VALUES(104,NULL,'00','FROMMINUTE',8);
INSERT INTO TB_RPT_PARAMETER VALUES(105,NULL,'01','FROMMONTH',8);
INSERT INTO TB_RPT_PARAMETER VALUES(106,NULL,'2006','TOYEAR',8);
INSERT INTO TB_RPT_PARAMETER VALUES(107,NULL,'00','FROMHOUR',8);
INSERT INTO TB_RPT_PARAMETER VALUES(108,NULL,'31','TODAY',8);
INSERT INTO TB_RPT_PARAMETER VALUES(109,NULL,'(1=1)','FILTER',8);
INSERT INTO TB_RPT_PARAMETER VALUES(110,NULL,'12','TOMONTH',8);
INSERT INTO TB_RPT_PARAMETER VALUES(111,NULL,'31','JOBID',8);
INSERT INTO TB_RPT_PARAMETER VALUES(112,NULL,'00','FROMSECOND',8);
INSERT INTO TB_RPT_PARAMETER VALUES(113,NULL,'01','FROMDAY',9);
INSERT INTO TB_RPT_PARAMETER VALUES(114,NULL,'00','TOMINUTE',9);
INSERT INTO TB_RPT_PARAMETER VALUES(115,NULL,'00','TOHOUR',9);
INSERT INTO TB_RPT_PARAMETER VALUES(116,NULL,'00','FROMHOUR',9);
INSERT INTO TB_RPT_PARAMETER VALUES(117,NULL,'2005','FROMYEAR',9);
INSERT INTO TB_RPT_PARAMETER VALUES(118,NULL,'00','FROMMINUTE',9);
INSERT INTO TB_RPT_PARAMETER VALUES(119,NULL,'01','FROMMONTH',9);
INSERT INTO TB_RPT_PARAMETER VALUES(120,NULL,'2006','TOYEAR',9);
INSERT INTO TB_RPT_PARAMETER VALUES(121,NULL,'31','TODAY',9);
INSERT INTO TB_RPT_PARAMETER VALUES(122,NULL,'00','TOSECOND',9);
INSERT INTO TB_RPT_PARAMETER VALUES(123,NULL,'(1=1)','FILTER',9);
INSERT INTO TB_RPT_PARAMETER VALUES(124,NULL,'12','TOMONTH',9);
INSERT INTO TB_RPT_PARAMETER VALUES(125,NULL,'1','JOBID',9);
INSERT INTO TB_RPT_PARAMETER VALUES(126,NULL,'00','FROMSECOND',9);
CREATE TABLE TB_CRYSTAL_REPORTS (ID VARCHAR2(100) not null, CHARVALUE VARCHAR2(2000), FID INTEGER(10), USER_ID VARCHAR2(40), constraint TB_CRYSTAL_REPORTS_P primary key (ID));
CREATE TABLE TB_FORM_LOCATION (ID INTEGER PRIMARY KEY not null, CLIENT_IDENTITY VARCHAR2(255), HEIGHT INTEGER(10), LEFT INTEGER(10), NAME VARCHAR2(255), TOP INTEGER(10), USER_ID VARCHAR2(40), WIDTH INTEGER(10));
CREATE TABLE TB_RPT_FUNCTION (ID INTEGER PRIMARY KEY not null, CODE VARCHAR2(4000), COMMENTARY VARCHAR2(4000), LARGECODE INTEGER(1), NAME VARCHAR2(255), REPORT_ID INTEGER(18));
INSERT INTO TB_RPT_FUNCTION VALUES(1,unistr('WorkspaceName = Me.Application.Workspace.Name \u000d\u000a'),NULL,0,'WORKSPACENAME',1);
INSERT INTO TB_RPT_FUNCTION VALUES(2,unistr('GETUSERNAME = Me.Connection.Identifier.ShortConnectionString\u000d\u000a'),NULL,0,'GETUSERNAME',1);
INSERT INTO TB_RPT_FUNCTION VALUES(3,unistr('Dim valueToFormat as string = Me.FunctionParameters.Item(0)\u000d\u000aDim format as string = Me.FunctionParameters.Item(1)\u000d\u000aDim digit as integer  = format.Substring(format.LastIndexOf("D")+1).Length-1\u000d\u000aIf me.Connection.Identifier.DatabaseType = Autodesk.Map.IM.Data.Provider.ConnectionIdentifier.Oracle.Type Then\u000d\u000a    COMMON_TO_CHAR = "to_char(" & valueToFormat & ",  " & format & ")"\u000d\u000aElseIf me.Connection.Identifier.DatabaseType = Autodesk.Map.IM.Data.Provider.ConnectionIdentifier.SqlServer.Type Then\u000d\u000a    COMMON_TO_CHAR = "str(" & valueToFormat & ",  " & valueToFormat.Length & ",  " & digit & ")"\u000d\u000aElse\u000d\u000a    COMMON_TO_CHAR = "round(" & valueToFormat & ",  " & digit & ")"\u000d\u000aEnd If'),NULL,0,'COMMON_TO_CHAR',1);
INSERT INTO TB_RPT_FUNCTION VALUES(4,unistr('Dim FromYear, FromMon, FromDay, FromHour, FromMin, FromSec as integer\u000d\u000aFromYear = System.Convert.ToInt32(Me.Parameter("FromYear"))\u000d\u000aFromMon =System.Convert.ToInt32(Me.Parameter("FromMonth"))\u000d\u000aFromDay = System.Convert.ToInt32(Me.Parameter("FromDay"))\u000d\u000aFromHour =System.Convert.ToInt32(Me.Parameter("FromHour"))\u000d\u000aFromMin = System.Convert.ToInt32(Me.Parameter("FromMinute"))\u000d\u000aFromSec = System.Convert.ToInt32(Me.Parameter("FromSecond"))\u000d\u000aDim FromD as string\u000d\u000aFromD = string.Format("''{0:D4}-{1:D2}-{2:D2} {3:D2}:{4:D2}:{5:D2}''", FromYear, FromMon, FromDay, FromHour, FromMin, FromSec)\u000d\u000aIf me.Connection.Identifier.DatabaseType = Autodesk.Map.IM.Data.Provider.ConnectionIdentifier.Oracle.Type Then\u000d\u000a    FromDate  = "To_Date(" & FromD & ", ''YYYY-MM-DD HH24:MI:SS'')"\u000d\u000aelse\u000d\u000a    FromDate = FromD \u000d\u000aend if'),NULL,0,'FROMDATE',1);
INSERT INTO TB_RPT_FUNCTION VALUES(5,unistr('If me.Connection.Identifier.DatabaseType = Autodesk.Map.IM.Data.Provider.ConnectionIdentifier.Oracle.Type then\u000d\u000a    dim oracleIdentifier as  Autodesk.Map.IM.Data.Provider.ConnectionIdentifier.Oracle\u000d\u000a    oracleIdentifier = me.Connection.Identifier\u000d\u000a    GETDATASOURCE = oracleIdentifier.ServiceName\u000d\u000aelse\u000d\u000a    GETDATASOURCE = ""\u000d\u000aend if\u000d\u000a'),NULL,0,'GETDATASOURCE',1);
INSERT INTO TB_RPT_FUNCTION VALUES(6,unistr('Dim EndYear, EndMon, EndDay, EndHour, EndMin, EndSec as integer\u000d\u000aEndYear = System.Convert.ToInt32(Me.Parameter("ToYear"))\u000d\u000aEndMon =System.Convert.ToInt32(Me.Parameter("ToMonth"))\u000d\u000aEndDay = System.Convert.ToInt32(Me.Parameter("ToDay"))\u000d\u000aEndHour =System.Convert.ToInt32(Me.Parameter("ToHour"))\u000d\u000aEndMin = System.Convert.ToInt32(Me.Parameter("ToMinute"))\u000d\u000aEndSec = System.Convert.ToInt32(Me.Parameter("ToSecond"))\u000d\u000aDim EndD as string\u000d\u000aEndD = string.Format("''{0:D4}-{1:D2}-{2:D2} {3:D2}:{4:D2}:{5:D2}''", EndYear, EndMon, EndDay, EndHour, EndMin, EndSec)\u000d\u000aIf me.Connection.Identifier.DatabaseType = Autodesk.Map.IM.Data.Provider.ConnectionIdentifier.Oracle.Type Then\u000d\u000a    EndDate  = "To_Date(" & EndD & ", ''YYYY-MM-DD HH24:MI:SS'')"\u000d\u000aelse\u000d\u000a    EndDate = EndD \u000d\u000aend if'),NULL,0,'ENDDATE',1);
INSERT INTO TB_RPT_FUNCTION VALUES(7,unistr('WorkspaceName = Me.Application.Workspace.Name \u000d\u000a'),NULL,0,'WORKSPACENAME',2);
INSERT INTO TB_RPT_FUNCTION VALUES(8,unistr('GETUSERNAME = Me.Connection.Identifier.ShortConnectionString\u000d\u000a'),NULL,0,'GETUSERNAME',2);
INSERT INTO TB_RPT_FUNCTION VALUES(9,unistr('Dim valueToFormat as string = Me.FunctionParameters.Item(0)\u000d\u000aDim format as string = Me.FunctionParameters.Item(1)\u000d\u000aDim digit as integer  = format.Substring(format.LastIndexOf("D")+1).Length-1\u000d\u000aIf me.Connection.Identifier.DatabaseType = Autodesk.Map.IM.Data.Provider.ConnectionIdentifier.Oracle.Type Then\u000d\u000a    COMMON_TO_CHAR = "to_char(" & valueToFormat & ",  " & format & ")"\u000d\u000aElseIf me.Connection.Identifier.DatabaseType = Autodesk.Map.IM.Data.Provider.ConnectionIdentifier.SqlServer.Type Then\u000d\u000a    COMMON_TO_CHAR = "str(" & valueToFormat & ",  " & valueToFormat.Length & ",  " & digit & ")"\u000d\u000aElse\u000d\u000a    COMMON_TO_CHAR = "round(" & valueToFormat & ",  " & digit & ")"\u000d\u000aEnd If'),NULL,0,'COMMON_TO_CHAR',2);
INSERT INTO TB_RPT_FUNCTION VALUES(10,unistr('Dim FromYear, FromMon, FromDay, FromHour, FromMin, FromSec as integer\u000d\u000aFromYear = System.Convert.ToInt32(Me.Parameter("FromYear"))\u000d\u000aFromMon =System.Convert.ToInt32(Me.Parameter("FromMonth"))\u000d\u000aFromDay = System.Convert.ToInt32(Me.Parameter("FromDay"))\u000d\u000aFromHour =System.Convert.ToInt32(Me.Parameter("FromHour"))\u000d\u000aFromMin = System.Convert.ToInt32(Me.Parameter("FromMinute"))\u000d\u000aFromSec = System.Convert.ToInt32(Me.Parameter("FromSecond"))\u000d\u000aDim FromD as string\u000d\u000aFromD = string.Format("''{0:D4}-{1:D2}-{2:D2} {3:D2}:{4:D2}:{5:D2}''", FromYear, FromMon, FromDay, FromHour, FromMin, FromSec)\u000d\u000aIf me.Connection.Identifier.DatabaseType = Autodesk.Map.IM.Data.Provider.ConnectionIdentifier.Oracle.Type Then\u000d\u000a    FromDate  = "To_Date(" & FromD & ", ''YYYY-MM-DD HH24:MI:SS'')"\u000d\u000aelse\u000d\u000a    FromDate = FromD \u000d\u000aend if'),NULL,0,'FROMDATE',2);
INSERT INTO TB_RPT_FUNCTION VALUES(11,unistr('If me.Connection.EnterpriseMode then\u000d\u000a    ROWNUM  = "rownum"\u000d\u000aelse\u000d\u000a    ROWNUM  = "'' ''" \u000d\u000aend if'),NULL,0,'ROWNUM',2);
INSERT INTO TB_RPT_FUNCTION VALUES(12,unistr('If me.Connection.Identifier.DatabaseType = Autodesk.Map.IM.Data.Provider.ConnectionIdentifier.Oracle.Type then\u000d\u000a    dim oracleIdentifier as  Autodesk.Map.IM.Data.Provider.ConnectionIdentifier.Oracle\u000d\u000a    oracleIdentifier = me.Connection.Identifier\u000d\u000a    GETDATASOURCE = oracleIdentifier.ServiceName\u000d\u000aelse\u000d\u000a    GETDATASOURCE = ""\u000d\u000aend if\u000d\u000a'),NULL,0,'GETDATASOURCE',2);
INSERT INTO TB_RPT_FUNCTION VALUES(13,unistr('Dim EndYear, EndMon, EndDay, EndHour, EndMin, EndSec as integer\u000d\u000aEndYear = System.Convert.ToInt32(Me.Parameter("ToYear"))\u000d\u000aEndMon =System.Convert.ToInt32(Me.Parameter("ToMonth"))\u000d\u000aEndDay = System.Convert.ToInt32(Me.Parameter("ToDay"))\u000d\u000aEndHour =System.Convert.ToInt32(Me.Parameter("ToHour"))\u000d\u000aEndMin = System.Convert.ToInt32(Me.Parameter("ToMinute"))\u000d\u000aEndSec = System.Convert.ToInt32(Me.Parameter("ToSecond"))\u000d\u000aDim EndD as string\u000d\u000aEndD = string.Format("''{0:D4}-{1:D2}-{2:D2} {3:D2}:{4:D2}:{5:D2}''", EndYear, EndMon, EndDay, EndHour, EndMin, EndSec)\u000d\u000aIf me.Connection.Identifier.DatabaseType = Autodesk.Map.IM.Data.Provider.ConnectionIdentifier.Oracle.Type Then\u000d\u000a    EndDate  = "To_Date(" & EndD & ", ''YYYY-MM-DD HH24:MI:SS'')"\u000d\u000aelse\u000d\u000a    EndDate = EndD \u000d\u000aend if'),NULL,0,'ENDDATE',2);
INSERT INTO TB_RPT_FUNCTION VALUES(14,unistr('WorkspaceName = Me.Application.Workspace.Name \u000d\u000a'),NULL,0,'WORKSPACENAME',3);
INSERT INTO TB_RPT_FUNCTION VALUES(15,unistr('GETUSERNAME = Me.Connection.Identifier.ShortConnectionString\u000d\u000a'),NULL,0,'GETUSERNAME',3);
INSERT INTO TB_RPT_FUNCTION VALUES(16,unistr('Dim valueToFormat as string = Me.FunctionParameters.Item(0)\u000d\u000aDim format as string = Me.FunctionParameters.Item(1)\u000d\u000aDim digit as integer  = format.Substring(format.LastIndexOf("D")+1).Length-1\u000d\u000aIf me.Connection.Identifier.DatabaseType = Autodesk.Map.IM.Data.Provider.ConnectionIdentifier.Oracle.Type Then\u000d\u000a    COMMON_TO_CHAR = "to_char(" & valueToFormat & ",  " & format & ")"\u000d\u000aElseIf me.Connection.Identifier.DatabaseType = Autodesk.Map.IM.Data.Provider.ConnectionIdentifier.SqlServer.Type Then\u000d\u000a    COMMON_TO_CHAR = "str(" & valueToFormat & ",  " & valueToFormat.Length & ",  " & digit & ")"\u000d\u000aElse\u000d\u000a    COMMON_TO_CHAR = "round(" & valueToFormat & ",  " & digit & ")"\u000d\u000aEnd If'),NULL,0,'COMMON_TO_CHAR',3);
INSERT INTO TB_RPT_FUNCTION VALUES(17,unistr('Dim FromYear, FromMon, FromDay, FromHour, FromMin, FromSec as integer\u000d\u000aFromYear = System.Convert.ToInt32(Me.Parameter("FromYear"))\u000d\u000aFromMon =System.Convert.ToInt32(Me.Parameter("FromMonth"))\u000d\u000aFromDay = System.Convert.ToInt32(Me.Parameter("FromDay"))\u000d\u000aFromHour =System.Convert.ToInt32(Me.Parameter("FromHour"))\u000d\u000aFromMin = System.Convert.ToInt32(Me.Parameter("FromMinute"))\u000d\u000aFromSec = System.Convert.ToInt32(Me.Parameter("FromSecond"))\u000d\u000aDim FromD as string\u000d\u000aFromD = string.Format("''{0:D4}-{1:D2}-{2:D2} {3:D2}:{4:D2}:{5:D2}''", FromYear, FromMon, FromDay, FromHour, FromMin, FromSec)\u000d\u000aIf me.Connection.Identifier.DatabaseType = Autodesk.Map.IM.Data.Provider.ConnectionIdentifier.Oracle.Type Then\u000d\u000a    FromDate  = "To_Date(" & FromD & ", ''YYYY-MM-DD HH24:MI:SS'')"\u000d\u000aelse\u000d\u000a    FromDate = FromD \u000d\u000aend if'),NULL,0,'FROMDATE',3);
INSERT INTO TB_RPT_FUNCTION VALUES(18,unistr('If me.Connection.EnterpriseMode then\u000d\u000a    ROWNUM  = "rownum"\u000d\u000aelse\u000d\u000a    ROWNUM  = "'' ''" \u000d\u000aend if\u000d\u000a'),NULL,0,'ROWNUM',3);
INSERT INTO TB_RPT_FUNCTION VALUES(19,unistr('If me.Connection.Identifier.DatabaseType = Autodesk.Map.IM.Data.Provider.ConnectionIdentifier.Oracle.Type then\u000d\u000a    dim oracleIdentifier as  Autodesk.Map.IM.Data.Provider.ConnectionIdentifier.Oracle\u000d\u000a    oracleIdentifier = me.Connection.Identifier\u000d\u000a    GETDATASOURCE = oracleIdentifier.ServiceName\u000d\u000aelse\u000d\u000a    GETDATASOURCE = ""\u000d\u000aend if\u000d\u000a'),NULL,0,'GETDATASOURCE',3);
INSERT INTO TB_RPT_FUNCTION VALUES(20,unistr('Dim EndYear, EndMon, EndDay, EndHour, EndMin, EndSec as integer\u000d\u000aEndYear = System.Convert.ToInt32(Me.Parameter("ToYear"))\u000d\u000aEndMon =System.Convert.ToInt32(Me.Parameter("ToMonth"))\u000d\u000aEndDay = System.Convert.ToInt32(Me.Parameter("ToDay"))\u000d\u000aEndHour =System.Convert.ToInt32(Me.Parameter("ToHour"))\u000d\u000aEndMin = System.Convert.ToInt32(Me.Parameter("ToMinute"))\u000d\u000aEndSec = System.Convert.ToInt32(Me.Parameter("ToSecond"))\u000d\u000aDim EndD as string\u000d\u000aEndD = string.Format("''{0:D4}-{1:D2}-{2:D2} {3:D2}:{4:D2}:{5:D2}''", EndYear, EndMon, EndDay, EndHour, EndMin, EndSec)\u000d\u000aIf me.Connection.Identifier.DatabaseType = Autodesk.Map.IM.Data.Provider.ConnectionIdentifier.Oracle.Type Then\u000d\u000a    EndDate  = "To_Date(" & EndD & ", ''YYYY-MM-DD HH24:MI:SS'')"\u000d\u000aelse\u000d\u000a    EndDate = EndD \u000d\u000aend if'),NULL,0,'ENDDATE',3);
INSERT INTO TB_RPT_FUNCTION VALUES(21,unistr('WorkspaceName = Me.Application.Workspace.Name \u000d\u000a'),NULL,0,'WORKSPACENAME',4);
INSERT INTO TB_RPT_FUNCTION VALUES(22,unistr('GETUSERNAME = Me.Connection.Identifier.ShortConnectionString\u000d\u000a'),NULL,0,'GETUSERNAME',4);
INSERT INTO TB_RPT_FUNCTION VALUES(23,unistr('Dim valueToFormat as string = Me.FunctionParameters.Item(0)\u000d\u000aDim format as string = Me.FunctionParameters.Item(1)\u000d\u000aDim digit as integer  = format.Substring(format.LastIndexOf("D")+1).Length-1\u000d\u000aIf me.Connection.Identifier.DatabaseType = Autodesk.Map.IM.Data.Provider.ConnectionIdentifier.Oracle.Type Then\u000d\u000a    COMMON_TO_CHAR = "to_char(" & valueToFormat & ",  " & format & ")"\u000d\u000aElseIf me.Connection.Identifier.DatabaseType = Autodesk.Map.IM.Data.Provider.ConnectionIdentifier.SqlServer.Type Then\u000d\u000a    COMMON_TO_CHAR = "str(" & valueToFormat & ",  " & valueToFormat.Length & ",  " & digit & ")"\u000d\u000aElse\u000d\u000a    COMMON_TO_CHAR = "round(" & valueToFormat & ",  " & digit & ")"\u000d\u000aEnd If'),NULL,0,'COMMON_TO_CHAR',4);
INSERT INTO TB_RPT_FUNCTION VALUES(24,unistr('Dim FromYear, FromMon, FromDay, FromHour, FromMin, FromSec as integer\u000d\u000aFromYear = System.Convert.ToInt32(Me.Parameter("FromYear"))\u000d\u000aFromMon =System.Convert.ToInt32(Me.Parameter("FromMonth"))\u000d\u000aFromDay = System.Convert.ToInt32(Me.Parameter("FromDay"))\u000d\u000aFromHour =System.Convert.ToInt32(Me.Parameter("FromHour"))\u000d\u000aFromMin = System.Convert.ToInt32(Me.Parameter("FromMinute"))\u000d\u000aFromSec = System.Convert.ToInt32(Me.Parameter("FromSecond"))\u000d\u000aDim FromD as string\u000d\u000aFromD = string.Format("''{0:D4}-{1:D2}-{2:D2} {3:D2}:{4:D2}:{5:D2}''", FromYear, FromMon, FromDay, FromHour, FromMin, FromSec)\u000d\u000aIf me.Connection.Identifier.DatabaseType = Autodesk.Map.IM.Data.Provider.ConnectionIdentifier.Oracle.Type Then\u000d\u000a    FromDate  = "To_Date(" & FromD & ", ''YYYY-MM-DD HH24:MI:SS'')"\u000d\u000aelse\u000d\u000a    FromDate = FromD \u000d\u000aend if'),NULL,0,'FROMDATE',4);
INSERT INTO TB_RPT_FUNCTION VALUES(25,unistr('If me.Connection.EnterpriseMode then\u000d\u000a    ROWNUM  = "rownum"\u000d\u000aelse\u000d\u000a    ROWNUM = "'' ''" \u000d\u000aend if'),NULL,0,'ROWNUM',4);
INSERT INTO TB_RPT_FUNCTION VALUES(26,unistr('If me.Connection.Identifier.DatabaseType = Autodesk.Map.IM.Data.Provider.ConnectionIdentifier.Oracle.Type then\u000d\u000a    dim oracleIdentifier as  Autodesk.Map.IM.Data.Provider.ConnectionIdentifier.Oracle\u000d\u000a    oracleIdentifier = me.Connection.Identifier\u000d\u000a    GETDATASOURCE = oracleIdentifier.ServiceName\u000d\u000aelse\u000d\u000a    GETDATASOURCE = ""\u000d\u000aend if\u000d\u000a'),NULL,0,'GETDATASOURCE',4);
INSERT INTO TB_RPT_FUNCTION VALUES(27,unistr('Dim EndYear, EndMon, EndDay, EndHour, EndMin, EndSec as integer\u000d\u000aEndYear = System.Convert.ToInt32(Me.Parameter("ToYear"))\u000d\u000aEndMon =System.Convert.ToInt32(Me.Parameter("ToMonth"))\u000d\u000aEndDay = System.Convert.ToInt32(Me.Parameter("ToDay"))\u000d\u000aEndHour =System.Convert.ToInt32(Me.Parameter("ToHour"))\u000d\u000aEndMin = System.Convert.ToInt32(Me.Parameter("ToMinute"))\u000d\u000aEndSec = System.Convert.ToInt32(Me.Parameter("ToSecond"))\u000d\u000aDim EndD as string\u000d\u000aEndD = string.Format("''{0:D4}-{1:D2}-{2:D2} {3:D2}:{4:D2}:{5:D2}''", EndYear, EndMon, EndDay, EndHour, EndMin, EndSec)\u000d\u000aIf me.Connection.Identifier.DatabaseType = Autodesk.Map.IM.Data.Provider.ConnectionIdentifier.Oracle.Type Then\u000d\u000a    EndDate  = "To_Date(" & EndD & ", ''YYYY-MM-DD HH24:MI:SS'')"\u000d\u000aelse\u000d\u000a    EndDate = EndD \u000d\u000aend if'),NULL,0,'ENDDATE',4);
INSERT INTO TB_RPT_FUNCTION VALUES(28,unistr('WorkspaceName = Me.Application.Workspace.Name \u000d\u000a'),NULL,0,'WORKSPACENAME',5);
INSERT INTO TB_RPT_FUNCTION VALUES(29,unistr('GETUSERNAME = Me.Connection.Identifier.ShortConnectionString\u000d\u000a'),NULL,0,'GETUSERNAME',5);
INSERT INTO TB_RPT_FUNCTION VALUES(30,unistr('Dim valueToFormat as string = Me.FunctionParameters.Item(0)\u000d\u000aDim format as string = Me.FunctionParameters.Item(1)\u000d\u000aDim digit as integer  = format.Substring(format.LastIndexOf("D")+1).Length-1\u000d\u000aIf me.Connection.Identifier.DatabaseType = Autodesk.Map.IM.Data.Provider.ConnectionIdentifier.Oracle.Type Then\u000d\u000a    COMMON_TO_CHAR = "to_char(" & valueToFormat & ",  " & format & ")"\u000d\u000aElseIf me.Connection.Identifier.DatabaseType = Autodesk.Map.IM.Data.Provider.ConnectionIdentifier.SqlServer.Type Then\u000d\u000a    COMMON_TO_CHAR = "str(" & valueToFormat & ",  " & valueToFormat.Length & ",  " & digit & ")"\u000d\u000aElse\u000d\u000a    COMMON_TO_CHAR = "round(" & valueToFormat & ",  " & digit & ")"\u000d\u000aEnd If'),NULL,0,'COMMON_TO_CHAR',5);
INSERT INTO TB_RPT_FUNCTION VALUES(31,unistr('Dim FromYear, FromMon, FromDay, FromHour, FromMin, FromSec as integer\u000d\u000aFromYear = System.Convert.ToInt32(Me.Parameter("FromYear"))\u000d\u000aFromMon =System.Convert.ToInt32(Me.Parameter("FromMonth"))\u000d\u000aFromDay = System.Convert.ToInt32(Me.Parameter("FromDay"))\u000d\u000aFromHour =System.Convert.ToInt32(Me.Parameter("FromHour"))\u000d\u000aFromMin = System.Convert.ToInt32(Me.Parameter("FromMinute"))\u000d\u000aFromSec = System.Convert.ToInt32(Me.Parameter("FromSecond"))\u000d\u000aDim FromD as string\u000d\u000aFromD = string.Format("''{0:D4}-{1:D2}-{2:D2} {3:D2}:{4:D2}:{5:D2}''", FromYear, FromMon, FromDay, FromHour, FromMin, FromSec)\u000d\u000aIf me.Connection.Identifier.DatabaseType = Autodesk.Map.IM.Data.Provider.ConnectionIdentifier.Oracle.Type Then\u000d\u000a    FromDate  = "To_Date(" & FromD & ", ''YYYY-MM-DD HH24:MI:SS'')"\u000d\u000aelse\u000d\u000a    FromDate = FromD \u000d\u000aend if'),NULL,0,'FROMDATE',5);
INSERT INTO TB_RPT_FUNCTION VALUES(32,unistr('If me.Connection.Identifier.DatabaseType = Autodesk.Map.IM.Data.Provider.ConnectionIdentifier.Oracle.Type then\u000d\u000a    dim oracleIdentifier as  Autodesk.Map.IM.Data.Provider.ConnectionIdentifier.Oracle\u000d\u000a    oracleIdentifier = me.Connection.Identifier\u000d\u000a    GETDATASOURCE = oracleIdentifier.ServiceName\u000d\u000aelse\u000d\u000a    GETDATASOURCE = ""\u000d\u000aend if\u000d\u000a'),NULL,0,'GETDATASOURCE',5);
INSERT INTO TB_RPT_FUNCTION VALUES(33,unistr('Dim EndYear, EndMon, EndDay, EndHour, EndMin, EndSec as integer\u000d\u000aEndYear = System.Convert.ToInt32(Me.Parameter("ToYear"))\u000d\u000aEndMon =System.Convert.ToInt32(Me.Parameter("ToMonth"))\u000d\u000aEndDay = System.Convert.ToInt32(Me.Parameter("ToDay"))\u000d\u000aEndHour =System.Convert.ToInt32(Me.Parameter("ToHour"))\u000d\u000aEndMin = System.Convert.ToInt32(Me.Parameter("ToMinute"))\u000d\u000aEndSec = System.Convert.ToInt32(Me.Parameter("ToSecond"))\u000d\u000aDim EndD as string\u000d\u000aEndD = string.Format("''{0:D4}-{1:D2}-{2:D2} {3:D2}:{4:D2}:{5:D2}''", EndYear, EndMon, EndDay, EndHour, EndMin, EndSec)\u000d\u000aIf me.Connection.Identifier.DatabaseType = Autodesk.Map.IM.Data.Provider.ConnectionIdentifier.Oracle.Type Then\u000d\u000a    EndDate  = "To_Date(" & EndD & ", ''YYYY-MM-DD HH24:MI:SS'')"\u000d\u000aelse\u000d\u000a    EndDate = EndD \u000d\u000aend if'),NULL,0,'ENDDATE',5);
INSERT INTO TB_RPT_FUNCTION VALUES(34,unistr('WorkspaceName = Me.Application.Workspace.Name \u000d\u000a'),NULL,0,'WORKSPACENAME',6);
INSERT INTO TB_RPT_FUNCTION VALUES(35,unistr('GETUSERNAME = Me.Connection.Identifier.ShortConnectionString\u000d\u000a'),NULL,0,'GETUSERNAME',6);
INSERT INTO TB_RPT_FUNCTION VALUES(36,unistr('Dim valueToFormat as string = Me.FunctionParameters.Item(0)\u000d\u000aDim format as string = Me.FunctionParameters.Item(1)\u000d\u000aDim digit as integer  = format.Substring(format.LastIndexOf("D")+1).Length-1\u000d\u000aIf me.Connection.Identifier.DatabaseType = Autodesk.Map.IM.Data.Provider.ConnectionIdentifier.Oracle.Type Then\u000d\u000a    COMMON_TO_CHAR = "to_char(" & valueToFormat & ",  " & format & ")"\u000d\u000aElseIf me.Connection.Identifier.DatabaseType = Autodesk.Map.IM.Data.Provider.ConnectionIdentifier.SqlServer.Type Then\u000d\u000a    COMMON_TO_CHAR = "str(" & valueToFormat & ",  " & valueToFormat.Length & ",  " & digit & ")"\u000d\u000aElse\u000d\u000a    COMMON_TO_CHAR = "round(" & valueToFormat & ",  " & digit & ")"\u000d\u000aEnd If'),NULL,0,'COMMON_TO_CHAR',6);
INSERT INTO TB_RPT_FUNCTION VALUES(37,unistr('Dim FromYear, FromMon, FromDay, FromHour, FromMin, FromSec as integer\u000d\u000aFromYear = System.Convert.ToInt32(Me.Parameter("FromYear"))\u000d\u000aFromMon =System.Convert.ToInt32(Me.Parameter("FromMonth"))\u000d\u000aFromDay = System.Convert.ToInt32(Me.Parameter("FromDay"))\u000d\u000aFromHour =System.Convert.ToInt32(Me.Parameter("FromHour"))\u000d\u000aFromMin = System.Convert.ToInt32(Me.Parameter("FromMinute"))\u000d\u000aFromSec = System.Convert.ToInt32(Me.Parameter("FromSecond"))\u000d\u000aDim FromD as string\u000d\u000aFromD = string.Format("''{0:D4}-{1:D2}-{2:D2} {3:D2}:{4:D2}:{5:D2}''", FromYear, FromMon, FromDay, FromHour, FromMin, FromSec)\u000d\u000aIf me.Connection.Identifier.DatabaseType = Autodesk.Map.IM.Data.Provider.ConnectionIdentifier.Oracle.Type Then\u000d\u000a    FromDate  = "To_Date(" & FromD & ", ''YYYY-MM-DD HH24:MI:SS'')"\u000d\u000aelse\u000d\u000a    FromDate = FromD \u000d\u000aend if'),NULL,0,'FROMDATE',6);
INSERT INTO TB_RPT_FUNCTION VALUES(38,unistr('If me.Connection.Identifier.DatabaseType = Autodesk.Map.IM.Data.Provider.ConnectionIdentifier.Oracle.Type then\u000d\u000a    dim oracleIdentifier as  Autodesk.Map.IM.Data.Provider.ConnectionIdentifier.Oracle\u000d\u000a    oracleIdentifier = me.Connection.Identifier\u000d\u000a    GETDATASOURCE = oracleIdentifier.ServiceName\u000d\u000aelse\u000d\u000a    GETDATASOURCE = ""\u000d\u000aend if\u000d\u000a'),NULL,0,'GETDATASOURCE',6);
INSERT INTO TB_RPT_FUNCTION VALUES(39,unistr('Dim EndYear, EndMon, EndDay, EndHour, EndMin, EndSec as integer\u000d\u000aEndYear = System.Convert.ToInt32(Me.Parameter("ToYear"))\u000d\u000aEndMon =System.Convert.ToInt32(Me.Parameter("ToMonth"))\u000d\u000aEndDay = System.Convert.ToInt32(Me.Parameter("ToDay"))\u000d\u000aEndHour =System.Convert.ToInt32(Me.Parameter("ToHour"))\u000d\u000aEndMin = System.Convert.ToInt32(Me.Parameter("ToMinute"))\u000d\u000aEndSec = System.Convert.ToInt32(Me.Parameter("ToSecond"))\u000d\u000aDim EndD as string\u000d\u000aEndD = string.Format("''{0:D4}-{1:D2}-{2:D2} {3:D2}:{4:D2}:{5:D2}''", EndYear, EndMon, EndDay, EndHour, EndMin, EndSec)\u000d\u000aIf me.Connection.Identifier.DatabaseType = Autodesk.Map.IM.Data.Provider.ConnectionIdentifier.Oracle.Type Then\u000d\u000a    EndDate  = "To_Date(" & EndD & ", ''YYYY-MM-DD HH24:MI:SS'')"\u000d\u000aelse\u000d\u000a    EndDate = EndD \u000d\u000aend if'),NULL,0,'ENDDATE',6);
INSERT INTO TB_RPT_FUNCTION VALUES(40,unistr('WorkspaceName = Me.Application.Workspace.Name \u000d\u000a'),NULL,0,'WORKSPACENAME',7);
INSERT INTO TB_RPT_FUNCTION VALUES(41,unistr('GETUSERNAME = Me.Connection.Identifier.ShortConnectionString\u000d\u000a'),NULL,0,'GETUSERNAME',7);
INSERT INTO TB_RPT_FUNCTION VALUES(42,unistr('Dim valueToFormat as string = Me.FunctionParameters.Item(0)\u000d\u000aDim format as string = Me.FunctionParameters.Item(1)\u000d\u000aDim digit as integer  = format.Substring(format.LastIndexOf("D")+1).Length-1\u000d\u000aIf me.Connection.Identifier.DatabaseType = Autodesk.Map.IM.Data.Provider.ConnectionIdentifier.Oracle.Type Then\u000d\u000a    COMMON_TO_CHAR = "to_char(" & valueToFormat & ",  " & format & ")"\u000d\u000aElseIf me.Connection.Identifier.DatabaseType = Autodesk.Map.IM.Data.Provider.ConnectionIdentifier.SqlServer.Type Then\u000d\u000a    COMMON_TO_CHAR = "str(" & valueToFormat & ",  " & valueToFormat.Length & ",  " & digit & ")"\u000d\u000aElse\u000d\u000a    COMMON_TO_CHAR = "round(" & valueToFormat & ",  " & digit & ")"\u000d\u000aEnd If'),NULL,0,'COMMON_TO_CHAR',7);
INSERT INTO TB_RPT_FUNCTION VALUES(43,unistr('Dim FromYear, FromMon, FromDay, FromHour, FromMin, FromSec as integer\u000d\u000aFromYear = System.Convert.ToInt32(Me.Parameter("FromYear"))\u000d\u000aFromMon =System.Convert.ToInt32(Me.Parameter("FromMonth"))\u000d\u000aFromDay = System.Convert.ToInt32(Me.Parameter("FromDay"))\u000d\u000aFromHour =System.Convert.ToInt32(Me.Parameter("FromHour"))\u000d\u000aFromMin = System.Convert.ToInt32(Me.Parameter("FromMinute"))\u000d\u000aFromSec = System.Convert.ToInt32(Me.Parameter("FromSecond"))\u000d\u000aDim FromD as string\u000d\u000aFromD = string.Format("''{0:D4}-{1:D2}-{2:D2} {3:D2}:{4:D2}:{5:D2}''", FromYear, FromMon, FromDay, FromHour, FromMin, FromSec)\u000d\u000aIf me.Connection.Identifier.DatabaseType = Autodesk.Map.IM.Data.Provider.ConnectionIdentifier.Oracle.Type Then\u000d\u000a    FromDate  = "To_Date(" & FromD & ", ''YYYY-MM-DD HH24:MI:SS'')"\u000d\u000aelse\u000d\u000a    FromDate = FromD \u000d\u000aend if'),NULL,0,'FROMDATE',7);
INSERT INTO TB_RPT_FUNCTION VALUES(44,unistr('If me.Connection.Identifier.DatabaseType = Autodesk.Map.IM.Data.Provider.ConnectionIdentifier.Oracle.Type then\u000d\u000a    dim oracleIdentifier as  Autodesk.Map.IM.Data.Provider.ConnectionIdentifier.Oracle\u000d\u000a    oracleIdentifier = me.Connection.Identifier\u000d\u000a    GETDATASOURCE = oracleIdentifier.ServiceName\u000d\u000aelse\u000d\u000a    GETDATASOURCE = ""\u000d\u000aend if\u000d\u000a'),NULL,0,'GETDATASOURCE',7);
INSERT INTO TB_RPT_FUNCTION VALUES(45,unistr('Dim EndYear, EndMon, EndDay, EndHour, EndMin, EndSec as integer\u000d\u000aEndYear = System.Convert.ToInt32(Me.Parameter("ToYear"))\u000d\u000aEndMon =System.Convert.ToInt32(Me.Parameter("ToMonth"))\u000d\u000aEndDay = System.Convert.ToInt32(Me.Parameter("ToDay"))\u000d\u000aEndHour =System.Convert.ToInt32(Me.Parameter("ToHour"))\u000d\u000aEndMin = System.Convert.ToInt32(Me.Parameter("ToMinute"))\u000d\u000aEndSec = System.Convert.ToInt32(Me.Parameter("ToSecond"))\u000d\u000aDim EndD as string\u000d\u000aEndD = string.Format("''{0:D4}-{1:D2}-{2:D2} {3:D2}:{4:D2}:{5:D2}''", EndYear, EndMon, EndDay, EndHour, EndMin, EndSec)\u000d\u000aIf me.Connection.Identifier.DatabaseType = Autodesk.Map.IM.Data.Provider.ConnectionIdentifier.Oracle.Type Then\u000d\u000a    EndDate  = "To_Date(" & EndD & ", ''YYYY-MM-DD HH24:MI:SS'')"\u000d\u000aelse\u000d\u000a    EndDate = EndD \u000d\u000aend if'),NULL,0,'ENDDATE',7);
INSERT INTO TB_RPT_FUNCTION VALUES(46,unistr('WorkspaceName = Me.Application.Workspace.Name \u000d\u000a'),NULL,0,'WORKSPACENAME',8);
INSERT INTO TB_RPT_FUNCTION VALUES(47,unistr('GETUSERNAME = Me.Connection.Identifier.ShortConnectionString\u000d\u000a'),NULL,0,'GETUSERNAME',8);
INSERT INTO TB_RPT_FUNCTION VALUES(48,unistr('Dim valueToFormat as string = Me.FunctionParameters.Item(0)\u000d\u000aDim format as string = Me.FunctionParameters.Item(1)\u000d\u000aDim digit as integer  = format.Substring(format.LastIndexOf("D")+1).Length-1\u000d\u000aIf me.Connection.Identifier.DatabaseType = Autodesk.Map.IM.Data.Provider.ConnectionIdentifier.Oracle.Type Then\u000d\u000a    COMMON_TO_CHAR = "to_char(" & valueToFormat & ",  " & format & ")"\u000d\u000aElseIf me.Connection.Identifier.DatabaseType = Autodesk.Map.IM.Data.Provider.ConnectionIdentifier.SqlServer.Type Then\u000d\u000a    COMMON_TO_CHAR = "str(" & valueToFormat & ",  " & valueToFormat.Length & ",  " & digit & ")"\u000d\u000aElse\u000d\u000a    COMMON_TO_CHAR = "round(" & valueToFormat & ",  " & digit & ")"\u000d\u000aEnd If'),NULL,0,'COMMON_TO_CHAR',8);
INSERT INTO TB_RPT_FUNCTION VALUES(49,unistr('Dim FromYear, FromMon, FromDay, FromHour, FromMin, FromSec as integer\u000d\u000aFromYear = System.Convert.ToInt32(Me.Parameter("FromYear"))\u000d\u000aFromMon =System.Convert.ToInt32(Me.Parameter("FromMonth"))\u000d\u000aFromDay = System.Convert.ToInt32(Me.Parameter("FromDay"))\u000d\u000aFromHour =System.Convert.ToInt32(Me.Parameter("FromHour"))\u000d\u000aFromMin = System.Convert.ToInt32(Me.Parameter("FromMinute"))\u000d\u000aFromSec = System.Convert.ToInt32(Me.Parameter("FromSecond"))\u000d\u000aDim FromD as string\u000d\u000aFromD = string.Format("''{0:D4}-{1:D2}-{2:D2} {3:D2}:{4:D2}:{5:D2}''", FromYear, FromMon, FromDay, FromHour, FromMin, FromSec)\u000d\u000aIf me.Connection.Identifier.DatabaseType = Autodesk.Map.IM.Data.Provider.ConnectionIdentifier.Oracle.Type Then\u000d\u000a    FromDate  = "To_Date(" & FromD & ", ''YYYY-MM-DD HH24:MI:SS'')"\u000d\u000aelse\u000d\u000a    FromDate = FromD \u000d\u000aend if'),NULL,0,'FROMDATE',8);
INSERT INTO TB_RPT_FUNCTION VALUES(50,unistr('If me.Connection.Identifier.DatabaseType = Autodesk.Map.IM.Data.Provider.ConnectionIdentifier.Oracle.Type then\u000d\u000a    dim oracleIdentifier as  Autodesk.Map.IM.Data.Provider.ConnectionIdentifier.Oracle\u000d\u000a    oracleIdentifier = me.Connection.Identifier\u000d\u000a    GETDATASOURCE = oracleIdentifier.ServiceName\u000d\u000aelse\u000d\u000a    GETDATASOURCE = ""\u000d\u000aend if\u000d\u000a'),NULL,0,'GETDATASOURCE',8);
INSERT INTO TB_RPT_FUNCTION VALUES(51,unistr('Dim EndYear, EndMon, EndDay, EndHour, EndMin, EndSec as integer\u000d\u000aEndYear = System.Convert.ToInt32(Me.Parameter("ToYear"))\u000d\u000aEndMon =System.Convert.ToInt32(Me.Parameter("ToMonth"))\u000d\u000aEndDay = System.Convert.ToInt32(Me.Parameter("ToDay"))\u000d\u000aEndHour =System.Convert.ToInt32(Me.Parameter("ToHour"))\u000d\u000aEndMin = System.Convert.ToInt32(Me.Parameter("ToMinute"))\u000d\u000aEndSec = System.Convert.ToInt32(Me.Parameter("ToSecond"))\u000d\u000aDim EndD as string\u000d\u000aEndD = string.Format("''{0:D4}-{1:D2}-{2:D2} {3:D2}:{4:D2}:{5:D2}''", EndYear, EndMon, EndDay, EndHour, EndMin, EndSec)\u000d\u000aIf me.Connection.Identifier.DatabaseType = Autodesk.Map.IM.Data.Provider.ConnectionIdentifier.Oracle.Type Then\u000d\u000a    EndDate  = "To_Date(" & EndD & ", ''YYYY-MM-DD HH24:MI:SS'')"\u000d\u000aelse\u000d\u000a    EndDate = EndD \u000d\u000aend if'),NULL,0,'ENDDATE',8);
INSERT INTO TB_RPT_FUNCTION VALUES(52,unistr('WorkspaceName = Me.Application.Workspace.Name \u000d\u000a'),NULL,0,'WORKSPACENAME',9);
INSERT INTO TB_RPT_FUNCTION VALUES(53,unistr('GETUSERNAME = Me.Connection.Identifier.ShortConnectionString\u000d\u000a'),NULL,0,'GETUSERNAME',9);
INSERT INTO TB_RPT_FUNCTION VALUES(54,unistr('Dim valueToFormat as string = Me.FunctionParameters.Item(0)\u000d\u000aDim format as string = Me.FunctionParameters.Item(1)\u000d\u000aDim digit as integer  = format.Substring(format.LastIndexOf("D")+1).Length-1\u000d\u000aIf me.Connection.Identifier.DatabaseType = Autodesk.Map.IM.Data.Provider.ConnectionIdentifier.Oracle.Type Then\u000d\u000a    COMMON_TO_CHAR = "to_char(" & valueToFormat & ",  " & format & ")"\u000d\u000aElseIf me.Connection.Identifier.DatabaseType = Autodesk.Map.IM.Data.Provider.ConnectionIdentifier.SqlServer.Type Then\u000d\u000a    COMMON_TO_CHAR = "str(" & valueToFormat & ",  " & valueToFormat.Length & ",  " & digit & ")"\u000d\u000aElse\u000d\u000a    COMMON_TO_CHAR = "round(" & valueToFormat & ",  " & digit & ")"\u000d\u000aEnd If'),NULL,0,'COMMON_TO_CHAR',9);
INSERT INTO TB_RPT_FUNCTION VALUES(55,unistr('Dim FromYear, FromMon, FromDay, FromHour, FromMin, FromSec as integer\u000d\u000aFromYear = System.Convert.ToInt32(Me.Parameter("FromYear"))\u000d\u000aFromMon =System.Convert.ToInt32(Me.Parameter("FromMonth"))\u000d\u000aFromDay = System.Convert.ToInt32(Me.Parameter("FromDay"))\u000d\u000aFromHour =System.Convert.ToInt32(Me.Parameter("FromHour"))\u000d\u000aFromMin = System.Convert.ToInt32(Me.Parameter("FromMinute"))\u000d\u000aFromSec = System.Convert.ToInt32(Me.Parameter("FromSecond"))\u000d\u000aDim FromD as string\u000d\u000aFromD = string.Format("''{0:D4}-{1:D2}-{2:D2} {3:D2}:{4:D2}:{5:D2}''", FromYear, FromMon, FromDay, FromHour, FromMin, FromSec)\u000d\u000aIf me.Connection.Identifier.DatabaseType = Autodesk.Map.IM.Data.Provider.ConnectionIdentifier.Oracle.Type Then\u000d\u000a    FromDate  = "To_Date(" & FromD & ", ''YYYY-MM-DD HH24:MI:SS'')"\u000d\u000aelse\u000d\u000a    FromDate = FromD \u000d\u000aend if'),NULL,0,'FROMDATE',9);
INSERT INTO TB_RPT_FUNCTION VALUES(56,unistr('If me.Connection.Identifier.DatabaseType = Autodesk.Map.IM.Data.Provider.ConnectionIdentifier.Oracle.Type then\u000d\u000a    dim oracleIdentifier as  Autodesk.Map.IM.Data.Provider.ConnectionIdentifier.Oracle\u000d\u000a    oracleIdentifier = me.Connection.Identifier\u000d\u000a    GETDATASOURCE = oracleIdentifier.ServiceName\u000d\u000aelse\u000d\u000a    GETDATASOURCE = ""\u000d\u000aend if\u000d\u000a'),NULL,0,'GETDATASOURCE',9);
INSERT INTO TB_RPT_FUNCTION VALUES(57,unistr('Dim EndYear, EndMon, EndDay, EndHour, EndMin, EndSec as integer\u000d\u000aEndYear = System.Convert.ToInt32(Me.Parameter("ToYear"))\u000d\u000aEndMon =System.Convert.ToInt32(Me.Parameter("ToMonth"))\u000d\u000aEndDay = System.Convert.ToInt32(Me.Parameter("ToDay"))\u000d\u000aEndHour =System.Convert.ToInt32(Me.Parameter("ToHour"))\u000d\u000aEndMin = System.Convert.ToInt32(Me.Parameter("ToMinute"))\u000d\u000aEndSec = System.Convert.ToInt32(Me.Parameter("ToSecond"))\u000d\u000aDim EndD as string\u000d\u000aEndD = string.Format("''{0:D4}-{1:D2}-{2:D2} {3:D2}:{4:D2}:{5:D2}''", EndYear, EndMon, EndDay, EndHour, EndMin, EndSec)\u000d\u000aIf me.Connection.Identifier.DatabaseType = Autodesk.Map.IM.Data.Provider.ConnectionIdentifier.Oracle.Type Then\u000d\u000a    EndDate  = "To_Date(" & EndD & ", ''YYYY-MM-DD HH24:MI:SS'')"\u000d\u000aelse\u000d\u000a    EndDate = EndD \u000d\u000aend if'),NULL,0,'ENDDATE',9);
CREATE TABLE TB_FEATURE_DOCUMENT (ID INTEGER PRIMARY KEY not null, AUTHOR VARCHAR2(255), COMMENTARY VARCHAR2(1000), CREATIONDATE DATETIME_as_text, FID_PARENT INTEGER(10), FILENAME VARCHAR2(1000), TITLE VARCHAR2(255));
CREATE TABLE TB_GN_DIALOG_MACHINE_USER (ID INTEGER PRIMARY KEY not null, CLIENT_IDENTITY VARCHAR2(255), DIALOG_ID INTEGER(18), HEIGHT INTEGER(10), LEFT INTEGER(10), TOP INTEGER(10), USER_ID VARCHAR2(40), WIDTH INTEGER(10));
CREATE TABLE TB_GN_REPORT (ID INTEGER PRIMARY KEY not null, DESKTOP INTEGER(1) default 1, DIALOG_ID INTEGER(18), FILENAME VARCHAR2(255), NAME VARCHAR2(255), PROPS VARCHAR2(1000), REPORTTYPE VARCHAR2(255), USERGROUPS VARCHAR2(2000), WEB INTEGER(1) default 1);
CREATE TABLE TB_GN_DIRECTORY_ALIAS (ID INTEGER PRIMARY KEY not null, ALIASNAME VARCHAR2(255), DIRECTORYNAME VARCHAR2(255));
CREATE TABLE TB_GN_DIALOG_FILTER (ID INTEGER PRIMARY KEY not null, DIALOG_ID INTEGER(18), FILTER VARCHAR2(2000), ISPUBLIC INTEGER(1), NAME VARCHAR2(255), USER_ID VARCHAR2(40));
CREATE TABLE TB_GN_DOCUMENT_BAR_ITEM (ID VARCHAR2(40) not null, BAR_ID INTEGER(18), CAPTION VARCHAR2(255), NAME VARCHAR2(255), PARENT_NAME VARCHAR2(255), PICTUREFILE VARCHAR2(255), constraint TB_GN_DOCUMENT_BAR_ITEM_P primary key (ID));
INSERT INTO TB_GN_DOCUMENT_BAR_ITEM VALUES('a6470a3e-4bba-4c93-8207-d60d26ce30e7',1,'Report','Autodesk.Map.IM.Construct.PlugIn/ReportTB',NULL,'ConstructionReport.ico');
INSERT INTO TB_GN_DOCUMENT_BAR_ITEM VALUES('68e0fbb6-1b6b-4b0a-a9da-ec4161bcff80',2,'Report Designer','Autodesk.Map.IM.Forms.Basis.DocumentPluginReportdesigner/tbbReportDesigner',NULL,'ReportDesigner.ico');
INSERT INTO TB_GN_DOCUMENT_BAR_ITEM VALUES('99f1d612-8df1-40fc-96ae-f5039f0e02c1',1,'Intersection','Autodesk.Map.IM.Construct.PlugIn/IntersectionTB',NULL,'ConstructIntersection.ico');
INSERT INTO TB_GN_DOCUMENT_BAR_ITEM VALUES('f85dd707-c4cd-49d5-b0f1-154dc3adf6ca',1,'Arc intersection','Autodesk.Map.IM.Construct.PlugIn/ArcIntersectionTB',NULL,'ConstructArcIntersection.ico');
INSERT INTO TB_GN_DOCUMENT_BAR_ITEM VALUES('70aef696-99e3-445c-88c7-1df1e230fba7',1,'Orthogonal calculation','Autodesk.Map.IM.Construct.PlugIn/OrthogonalCalculationTB',NULL,'ConstructOrthogonalCalculation.ico');
INSERT INTO TB_GN_DOCUMENT_BAR_ITEM VALUES('637a1b2a-0efc-4eab-9522-3a3099d29332',1,'Polar calculation','Autodesk.Map.IM.Construct.PlugIn/PolarCalculationTB',NULL,'ConstructPolarCalculation.ico');
INSERT INTO TB_GN_DOCUMENT_BAR_ITEM VALUES('da032023-0528-49e4-8143-76327b0db096',1,'Orthogonal projection','Autodesk.Map.IM.Construct.PlugIn/ProjectionTB',NULL,'ConstructProjection.ico');
INSERT INTO TB_GN_DOCUMENT_BAR_ITEM VALUES('3add703d-00b8-447d-8b9f-e61f477b044a',1,'Snap/trim','Autodesk.Map.IM.Construct.PlugIn/SnapTrimTB',NULL,'ConstructSnapTrim.ico');
INSERT INTO TB_GN_DOCUMENT_BAR_ITEM VALUES('68878c12-e4c3-4ded-88d2-0588c9438e8b',1,'Split','Autodesk.Map.IM.Construct.PlugIn/SplitTB',NULL,'ConstructSplit.ico');
INSERT INTO TB_GN_DOCUMENT_BAR_ITEM VALUES('11104d1c-799d-4d36-a7b8-d5a1d233a89e',1,'Join lines','Autodesk.Map.IM.Construct.PlugIn/JoinLineTB',NULL,'ConstructJoinLine.ico');
INSERT INTO TB_GN_DOCUMENT_BAR_ITEM VALUES('8922b496-cde5-47e8-b3ae-039cc70a0910',1,'Add vertex','Autodesk.Map.IM.Construct.PlugIn/AddVertexTB',NULL,'ConstructAddVertex.ico');
INSERT INTO TB_GN_DOCUMENT_BAR_ITEM VALUES('88cb05f1-36d5-40d2-a6cb-46aeafe477ac',1,'Remove vertex','Autodesk.Map.IM.Construct.PlugIn/RemoveVertexTB',NULL,'ConstructRemoveVertex.ico');
INSERT INTO TB_GN_DOCUMENT_BAR_ITEM VALUES('81b7ed4a-690f-4167-8544-a6c2d8542cf8',1,'Insert point','Autodesk.Map.IM.Construct.PlugIn/PointInsertionTB',NULL,'ConstructInsertPoint.ico');
INSERT INTO TB_GN_DOCUMENT_BAR_ITEM VALUES('7cb245e2-7087-4c92-a4a0-50e9f322e124',1,'Extract point','Autodesk.Map.IM.Construct.PlugIn/PointExtractionTB',NULL,'ConstructExtractPoint.ico');
INSERT INTO TB_GN_DOCUMENT_BAR_ITEM VALUES('3b68ad37-7050-474e-86c8-8c5c76cddb6c',1,'Offset','Autodesk.Map.IM.Construct.PlugIn/WallBuilderTB',NULL,'ConstructOffset.ico');
INSERT INTO TB_GN_DOCUMENT_BAR_ITEM VALUES('08730f38-4182-4812-afe5-5d05426e3b6d',1,'Right angle course','Autodesk.Map.IM.Construct.PlugIn/RightAngleCourseTB',NULL,'ConstructRightAngleCourse.ico');
INSERT INTO TB_GN_DOCUMENT_BAR_ITEM VALUES('6670837a-2d71-4b03-b981-53449409330f',1,'Free standpoint','Autodesk.Map.IM.Construct.PlugIn/FreeStandpointTB',NULL,'ConstructFreeStandpoint.ico');
INSERT INTO TB_GN_DOCUMENT_BAR_ITEM VALUES('f8424d5a-b4a8-453d-a9b9-c4a4df99a09e',1,'Center','Autodesk.Map.IM.Construct.PlugIn/CenterTB',NULL,'ConstructCenter.ico');
CREATE TABLE TB_RPT_CHART_CODE (ID INTEGER PRIMARY KEY not null, CODE VARCHAR2(4000), CONTROL_ID INTEGER(18), ORDER_INDEX INTEGER(5));
CREATE TABLE TB_GN_DIALOG_BAR_FILTER (ID VARCHAR2(40) not null, BAR_ID INTEGER(18) not null, NAME VARCHAR2(255), USERGROUP_ID VARCHAR2(40), constraint TB_GN_DIALOG_BAR_FILTER_P primary key (ID));
CREATE TABLE TB_GN_CONTROL (ID INTEGER PRIMARY KEY not null, ALIGNRIGHT INTEGER(1), ALLOWDOUBLECLICK INTEGER(1), ALLOWMULTIROWUPDATE INTEGER(1), ALLOWREFERENCE INTEGER(1) default 1, ASSEMBLYNAME VARCHAR2(255), BASEVISIBILITY INTEGER(1), CAPTION VARCHAR2(255), CLASSNAME VARCHAR2(255), CLASSNAMESPACE VARCHAR2(255), COLUMNNAME VARCHAR2(50), COLWIDTH INTEGER(20), CUSTOMPROPS VARCHAR2(1000), DATEFORMAT VARCHAR2(50), DEFAULTVALUE VARCHAR2(255), DETAILCONTROL VARCHAR2(100), DETAILDOCUMENT VARCHAR2(100), DETAILFIELDISNUMERIC INTEGER(1) default 1, DETAILFIELDNAME VARCHAR2(255), DETAILFILTER VARCHAR2(255), DETAILLIST VARCHAR2(255), DETAILORDERBY VARCHAR2(255), DETAILTABLE VARCHAR2(4000), DIALOG_ID INTEGER(18), ENFORCEUPPER INTEGER(1), FALSEVALUE VARCHAR2(100), FIDBUTTON INTEGER(1), FILENAME VARCHAR2(2000), FILESELECTION INTEGER(1), FILTER VARCHAR2(2000), FILTERCOMBOBOX INTEGER(1), FONTNAME VARCHAR2(100), FONTSIZE INTEGER(10), FONTSTYLE VARCHAR2(10), FORECOLOR VARCHAR2(100), FORMULA VARCHAR2(4000), GRIDORDER INTEGER(5), GROUPLOCKED VARCHAR2(2000), GROUPSUSPEND VARCHAR2(2000), HEIGHT INTEGER(20), HELPCONTEXT VARCHAR2(255), HELPFILENAME VARCHAR2(255), HELPURL VARCHAR2(255), HIDEATGRID INTEGER(1), HIGHLIGHTBUTTON INTEGER(1), IGNORENULL INTEGER(1), ISLOCKED INTEGER(1), ISOBLIGATE INTEGER(1), ISUNIQUE INTEGER(1), ITEMHEIGHT INTEGER(10), ITEMWIDTH INTEGER(10), LEFT INTEGER(20), LINESIZE INTEGER(2), MASTERFIELDNAME VARCHAR2(40), MASTERFILTER VARCHAR2(2000), MASTERLIST VARCHAR2(255), MASTERORDERBY VARCHAR2(255), MASTERTABLE VARCHAR2(100), MULTILINE INTEGER(1), NAME VARCHAR2(255), NEXTCONTROL VARCHAR2(255), NULLVALUE VARCHAR2(100), PLUGINASSEMBLYNAME VARCHAR2(100), PLUGINBASECLASSNAME VARCHAR2(100), PLUGINCLASSNAME VARCHAR2(100), PLUGINCLASSNAMESPACE VARCHAR2(100), PLUGINCONTROLNAME VARCHAR2(100), PLUGINNAME VARCHAR2(100), PRECISION VARCHAR2(10), PRECISIONXY INTEGER(2), PRECISIONZ INTEGER(2), PRIORITY INTEGER(10), PROJECTIONBUTTON INTEGER(1), REFERENCEBUTTON INTEGER(1), SCRIPT_ID VARCHAR2(40), SHOWENDPOINTONLY INTEGER(1), SHOWINTERPRETATION INTEGER(1), SHOWSTARTPOINTONLY INTEGER(1), SHOWX INTEGER(1), SHOWY INTEGER(1), SHOWZ INTEGER(1), SQL VARCHAR2(2000), STRETCHIMAGE INTEGER(1), TABID INTEGER(2), TEXT VARCHAR2(2000), TOOLTIPTEXT VARCHAR2(255), TOP INTEGER(20), TRUEVALUE VARCHAR2(100), USEBUFFER INTEGER(1), VALIDATIONCODE VARCHAR2(4000), VALIDATIONMESSAGE VARCHAR2(2000), VERTICAL INTEGER(1), WIDTH INTEGER(20), WORDWRAP INTEGER(1), constraint IDX_GN_CONTROL_NADI unique (DIALOG_ID, NAME));
CREATE TABLE TB_GN_DOCUMENT_BAR_FILTER (ID VARCHAR2(40) not null, BAR_ID INTEGER(18) not null, NAME VARCHAR2(255), USERGROUP_ID VARCHAR2(40), constraint TB_GN_DOCUMENT_BAR_FILTER_P primary key (ID));
CREATE TABLE TB_TOPOLOGY (ID INTEGER PRIMARY KEY not null, ARC_LINEARIZE REAL(20,8), CAPTION VARCHAR2(255) not null, DEFAULT_FLOW INTEGER(1), INITIALIZED INTEGER(1), NAME VARCHAR2(255) not null, POINT_SNAP REAL(20,8), POLY_LINEARIZE REAL(20,8), SPATIAL_TOLERANCE REAL(20,8), TYPE VARCHAR2(1), AREA_MODIFICATION_TOLERANCE REAL(20,8), constraint sqlite_autoindex_TB_TOPOLOGY_1 unique (NAME));
CREATE TABLE TB_INTERSECTION (ID INTEGER PRIMARY KEY not null, ADJUST_EXCLUDE VARCHAR2(4000), ADJUST_SECOND INTEGER(1) default 0 not null, BUFFER_PRIM_FC REAL(20,8) default 0.001 not null, F_CLASS_NAME_INTER VARCHAR2(20) not null, F_CLASS_NAME_PRIM VARCHAR2(30) not null, F_CLASS_NAME_SEC VARCHAR2(30) not null, NAME VARCHAR2(255) not null, PRIM_JOBID INTEGER(18) default 1 not null, PRIM_UPDATE_STATEMENT VARCHAR2(4000), SEC_JOBID INTEGER(18) default 1 not null, SEC_UPDATE_STATEMENT VARCHAR2(4000), STORE_GEOMETRY INTEGER(1) default 0 not null, TOL_AREA_NOMINAL REAL(20,8) default 0.5 not null, TOLERANCE REAL(20,8) not null, TYPE VARCHAR2(2) not null, WHERE_CLAUSE_PRIM VARCHAR2(500), WHERE_CLAUSE_SEC VARCHAR2(500), CAPTION VARCHAR2(255) not null, constraint sqlite_autoindex_TB_INTERSECTION_1 unique (NAME));
CREATE TABLE TB_FUNCTIONALITEM (ID VARCHAR2(36) not null, CMDGLOBALNAME VARCHAR2(255) not null, CMDLOCALNAME VARCHAR2(255) not null, constraint TB_FUNCTIONALITEM_P primary key (ID));
INSERT INTO TB_FUNCTIONALITEM VALUES('1e60c532-6e92-4af5-ada5-ae25873dc8f3','TBGENERATEGRAPHIC','TBGENERATEGRAPHIC');
INSERT INTO TB_FUNCTIONALITEM VALUES('a82116f6-8fb0-11dd-90eb-de5c55d89593','TBGENERATEGRAPHICADVANCED','TBGENERATEGRAPHICADVANCED');
INSERT INTO TB_FUNCTIONALITEM VALUES('67090c2c-443f-478b-ad77-ac547d5c8b23','TBGENERATEGRAPHICTIMING','TBGENERATEGRAPHICTIMING');
INSERT INTO TB_FUNCTIONALITEM VALUES('bb154296-10b1-4533-ba36-42771c819e30','TBFEATUREDEL','TBFEATUREDEL');
INSERT INTO TB_FUNCTIONALITEM VALUES('4f438364-755b-48f8-a54b-40bc0e7bab18','TBATTRIBUTES','TBATTRIBUTES');
INSERT INTO TB_FUNCTIONALITEM VALUES('c575daa7-b4b6-436a-955f-d23ca02cebac','TBCREATELABEL','TBCREATELABEL');
INSERT INTO TB_FUNCTIONALITEM VALUES('af526180-3727-4dde-aa04-62a10f5e03bc','TBDIGITIZE','TBDIGITIZE');
INSERT INTO TB_FUNCTIONALITEM VALUES('d63aae28-5e2a-4175-ad26-1ba3ca6af096','TBEXECUTE','TBEXECUTE');
INSERT INTO TB_FUNCTIONALITEM VALUES('d3a4a5d2-dd2a-42e6-b8d5-4fef79ae5bbf','TBGEOMETRYVALIDATE','TBGEOMETRYVALIDATE');
INSERT INTO TB_FUNCTIONALITEM VALUES('d3e48c63-7d1a-451b-a963-6e4a299f07be','TBPROFILEMANAGEROPEN','TBPROFILEMANAGEROPEN');
INSERT INTO TB_FUNCTIONALITEM VALUES('4c3e419f-bef5-4dac-ac33-fbad6ff31385','TBDOCOPTIONS','TBDOCOPTIONS');
INSERT INTO TB_FUNCTIONALITEM VALUES('d6b5fa3c-a31c-4fe3-a160-6ed2a25b8db8','TBFLYIN','TBFLYIN');
INSERT INTO TB_FUNCTIONALITEM VALUES('fc93669d-dcef-4357-be07-b2565e48ec43','TBJOBMANAGER','TBJOBMANAGER');
INSERT INTO TB_FUNCTIONALITEM VALUES('8b8d4c29-ee47-48d3-88d4-ad2734adc0b4','TBLINEREPORTOPEN','TBLINEREPORTOPEN');
INSERT INTO TB_FUNCTIONALITEM VALUES('9a703864-8763-46a2-8d91-1c4689d1a05e','TBREPORTOPEN','TBREPORTOPEN');
INSERT INTO TB_FUNCTIONALITEM VALUES('ea380174-6c95-4b6c-a3db-2dbea885bdc2','TBSPATIALREPORTOPEN','TBSPATIALREPORTOPEN');
INSERT INTO TB_FUNCTIONALITEM VALUES('b0792761-09ec-4f94-8055-f1384c34f853','TBCOGOREPORTOPEN','TBCOGOREPORTOPEN');
INSERT INTO TB_FUNCTIONALITEM VALUES('f70c91c0-d649-44e5-b1d3-7b088a99913e','TBDATACHECK','TBDATACHECK');
INSERT INTO TB_FUNCTIONALITEM VALUES('44e95521-73e9-462c-a1da-75e3faab1ec4','TBPLOT','TBPLOT');
INSERT INTO TB_FUNCTIONALITEM VALUES('ae03d053-6e6a-4065-a8b1-b3a7cb7017e4','TBBATCHPLOT','TBBATCHPLOT');
INSERT INTO TB_FUNCTIONALITEM VALUES('4cf407c0-992e-11dd-96f4-f2c455d89593','TBPLOTNEW','TBPLOTNEW');
INSERT INTO TB_FUNCTIONALITEM VALUES('3134dd24-992f-11dd-82b7-1cce55d89593','TBPLOTTEMPLATENEW','TBPLOTTEMPLATENEW');
INSERT INTO TB_FUNCTIONALITEM VALUES('1d92a3ff-cc1b-4c52-8927-6fa11d6a350c','TBPLOTIMPORT','TBPLOTIMPORT');
INSERT INTO TB_FUNCTIONALITEM VALUES('2d4ae058-f949-46c6-9c26-3bb4750a51b9','TBPLOTEXPORT','TBPLOTEXPORT');
INSERT INTO TB_FUNCTIONALITEM VALUES('fafe9159-a09b-4382-aaad-1fc07876ff42','TBCOGO','TBCOGO');
INSERT INTO TB_FUNCTIONALITEM VALUES('7764be37-46aa-483f-b1e5-dc10e19b2b99','TBDMOPEN','TBDMOPEN');
INSERT INTO TB_FUNCTIONALITEM VALUES('b8c4f8f6-e97e-40a7-8254-6c9b1f4396be','TBDMOPENDEFAULT','TBDMOPENDEFAULT');
INSERT INTO TB_FUNCTIONALITEM VALUES('50ba3e94-6af8-40c8-aa18-bb7b452cb3da','TBDMCREATE','TBDMCREATE');
INSERT INTO TB_FUNCTIONALITEM VALUES('41ccf023-2e34-4b38-b644-fbe2f7028a61','TBDMEDIT','TBDMEDIT');
INSERT INTO TB_FUNCTIONALITEM VALUES('54b66c72-8742-4859-a57e-e797544cb042','TBDMSAVE','TBDMSAVE');
INSERT INTO TB_FUNCTIONALITEM VALUES('44c8aa9e-cd58-4344-bfe1-0f1f91f93344','TBDMSAVEAS','TBDMSAVEAS');
INSERT INTO TB_FUNCTIONALITEM VALUES('f10c5d47-091d-4cea-a4ca-9fa590bcd587','TBDMPROPERTIES','TBDMPROPERTIES');
INSERT INTO TB_FUNCTIONALITEM VALUES('d6d91842-7c28-418b-a4dd-20fa582924fc','TBDMMAPPING','TBDMMAPPING');
INSERT INTO TB_FUNCTIONALITEM VALUES('1b544378-c897-492a-be6d-c367e94e1fa1','TBSURVEY','TBSURVEY');
INSERT INTO TB_FUNCTIONALITEM VALUES('72868634-fd04-452b-8f95-d5148d7282e0','TBTEMPLATEEXPORT','TBTEMPLATEEXPORT');
INSERT INTO TB_FUNCTIONALITEM VALUES('549d1d48-9219-4673-be07-b865641794f5','TBTEMPLATEIMPORT','TBTEMPLATEIMPORT');
INSERT INTO TB_FUNCTIONALITEM VALUES('1ff24cce-4178-42b3-8216-1c7d10d9c75f','TBWWIMPORT','TBWWIMPORT');
INSERT INTO TB_FUNCTIONALITEM VALUES('ba84d0f6-1203-4441-8350-afab4c5ee919','TBWWEXPORT','TBWWEXPORT');
INSERT INTO TB_FUNCTIONALITEM VALUES('3a1f301e-5efb-4d71-a4ed-ac29104e76e5','TBIMPORTINTERLISDATA','TBIMPORTINTERLISDATA');
INSERT INTO TB_FUNCTIONALITEM VALUES('586d0de0-fa02-4fd8-ac87-7b474bb0eb47','TBCOMPLETEIMPORTINTERLISDATA','TBCOMPLETEIMPORTINTERLISDATA');
INSERT INTO TB_FUNCTIONALITEM VALUES('ccb334cf-963a-4a9c-89a0-16ebea6dac6c','TBEXPORTINTERLISDATA','TBEXPORTINTERLISDATA');
INSERT INTO TB_FUNCTIONALITEM VALUES('841c2245-9f25-4227-be8c-6427ab7a666e','TBCOORDINATEIMPORT','TBCOORDINATEIMPORT');
INSERT INTO TB_FUNCTIONALITEM VALUES('8f72d0ad-01c9-4105-b466-8133dd4cfb65','TBCOORDINATEEXPORT','TBCOORDINATEEXPORT');
INSERT INTO TB_FUNCTIONALITEM VALUES('5a4c6a20-038b-4aac-8afe-693067375f89','TBNASIMPORT','TBNASIMPORT');
CREATE TABLE TB_FCONT (ID INTEGER PRIMARY KEY not null, CAPTION VARCHAR2(255) not null, IMAGE VARCHAR2(255), NAME VARCHAR2(255) not null, TARGET_KEY VARCHAR2(255) not null, constraint TB_FCONT_NAME_U unique (NAME));
CREATE TABLE TB_TOPIC (ID INTEGER PRIMARY KEY not null, CAPTION VARCHAR2(255) not null, NAME VARCHAR2(255) not null, TOPIC_ID INTEGER(18), constraint sqlite_autoindex_TB_TOPIC_1 unique (CAPTION), constraint sqlite_autoindex_TB_TOPIC_2 unique (NAME));
INSERT INTO TB_TOPIC VALUES(1,'Construct','CONSTRUCT',NULL);
INSERT INTO TB_TOPIC VALUES(2,'Templates','TEMPLATES',NULL);
CREATE TABLE TB_WORKFLOW (ID INTEGER PRIMARY KEY not null, CAPTION VARCHAR2(255) not null, IS_SYSTEM INTEGER(1) default 0 not null, NAME VARCHAR2(255) not null, PARENT_ID INTEGER(18), PICTURE VARCHAR2(255), PRIORITY INTEGER(10), SCRIPTCODE VARCHAR2(4000), TARGET VARCHAR2(1) default 'C' not null, constraint sqlite_autoindex_TB_WORKFLOW_1 unique (CAPTION), constraint sqlite_autoindex_TB_WORKFLOW_2 unique (NAME));
CREATE TABLE TB_EXPLORER_GROUP_VIEW (ID VARCHAR2(36) not null, EXPLORER_GROUP_ID INTEGER(18) not null, SELECTED INTEGER(1) default 0 not null, USER_ID VARCHAR2(36), primary key (ID));
INSERT INTO TB_EXPLORER_GROUP_VIEW VALUES('a919ec8c-631e-4ca3-bbf0-603ac118fc82',1,1,NULL);
INSERT INTO TB_EXPLORER_GROUP_VIEW VALUES('3518adf4-0aca-428d-a6e4-8ee5bcf1bdf3',1,1,NULL);
CREATE TABLE TB_JOB_SWITCH (IP VARCHAR2(255) not null, JOB_ID INTEGER(18) not null, LEASE TIMESTAMP_as_text(6) not null, constraint TB_JOB_SWITCH_P primary key (IP));
CREATE TABLE TB_VIEWPORT (ID VARCHAR2(36) not null, GEOM FDO_GEOMETRY_as_blob not null, NAME VARCHAR2(255) not null, POSITION_FINDER_ID INTEGER(10), POSITION_FINDER_KEY_1 VARCHAR2(255), POSITION_FINDER_KEY_2 VARCHAR2(255), POSITION_FINDER_KEY_3 VARCHAR2(255), POSITION_FINDER_KEY_4 VARCHAR2(255), USER_ID VARCHAR2(36), primary key (ID));
CREATE TABLE TB_VIEWPORT_VIEW (ID VARCHAR2(36) not null, SELECTED INTEGER(1) default 0 not null, USER_ID VARCHAR2(36), VIEWPORT_ID VARCHAR2(36) not null, primary key (ID));
CREATE TABLE TB_TMP_INTERSECTED (ID INTEGER PRIMARY KEY not null, F_CLASS_ID INTEGER(10) not null, FID INTEGER(10) not null, JOB_ID INTEGER(10) not null);
CREATE TABLE TB_LRS (ID INTEGER PRIMARY KEY not null, CAPTION VARCHAR2(255) not null, NAME VARCHAR2(255) not null, OFFSET_SYSTEM INTEGER(2) not null, PREFIX VARCHAR2(7) not null, constraint TB_LRS_CAPTION_U unique (CAPTION), constraint TB_LRS_PREFIX_U unique (PREFIX));
CREATE TABLE TB_RPT_REPORT (ID INTEGER PRIMARY KEY not null, COMMENTARY VARCHAR2(4000), HEIGHT INTEGER(10) default 2800, HTMLTITLE VARCHAR2(255), ISPRIVATE INTEGER(1), LANDSCAPE INTEGER(1), MODULNAME VARCHAR2(255), NAME VARCHAR2(255), PAPERKIND INTEGER(5), WIDTH INTEGER(10) default 2100, CAPTION VARCHAR2(255) not null);
INSERT INTO TB_RPT_REPORT VALUES(1,NULL,2969,'Topobase Reports',0,0,'TB_COGO','ARC Intersection',9,2101,'ARC Intersection');
INSERT INTO TB_RPT_REPORT VALUES(2,NULL,2969,'Topobase Reports',0,0,'TB_COGO','Center',9,2101,'Center');
INSERT INTO TB_RPT_REPORT VALUES(3,NULL,2969,'Topobase Reports',0,0,'TB_COGO','Free Standpoint',9,2101,'Free Standpoint');
INSERT INTO TB_RPT_REPORT VALUES(4,NULL,2969,'Topobase Reports',0,0,'TB_COGO','General',9,2101,'General');
INSERT INTO TB_RPT_REPORT VALUES(5,NULL,2969,'Topobase Reports',0,0,'TB_COGO','Intersection',9,2101,'Intersection');
INSERT INTO TB_RPT_REPORT VALUES(6,NULL,2969,'Topobase Reports',0,0,'TB_COGO','Orthogonal',9,2101,'Orthogonal');
INSERT INTO TB_RPT_REPORT VALUES(7,NULL,2969,'Topobase Reports',0,0,'TB_COGO','Polar',9,2101,'Polar');
INSERT INTO TB_RPT_REPORT VALUES(8,NULL,2969,'Topobase Reports',0,0,'TB_COGO','Projection',9,2101,'Projection');
INSERT INTO TB_RPT_REPORT VALUES(9,NULL,2969,'Topobase Reports',0,0,'TB_COGO','Snap_Trim',9,2101,'Snap_Trim');
CREATE TABLE TB_LRS_FC (ID INTEGER PRIMARY KEY not null, F_CLASS_ID INTEGER(18) not null, ID_LRS INTEGER(18) not null, LOCK_GEOMETRY INTEGER(1) default 0 not null, LRS_BEHAVIOR INTEGER(2) default 1 not null, LRS_ROLE INTEGER(2) not null, ORIENTATION_BEHAVIOR INTEGER(2) default 2 not null);
CREATE TABLE TB_UNIT (ID INTEGER PRIMARY KEY not null, BASE_OFFSET REAL, CAPTION NVARCHAR2(255), ID_UNIT_TYPE INTEGER(18) not null, NAME NVARCHAR2(255) not null, SCALE REAL, SYMBOL NVARCHAR2(255));
INSERT INTO TB_UNIT VALUES(0,0.0,'no unit',0,'Unknown',1.0,NULL);
INSERT INTO TB_UNIT VALUES(1001,0.0,'angstrom',1,'Angstroem',1.0e-10,'Å');
INSERT INTO TB_UNIT VALUES(1002,0.0,'astronomical unit',1,'AstronomicalUnit',149597870691.0,'AU');
INSERT INTO TB_UNIT VALUES(1003,0.0,'centimeter',1,'Centimeter',0.01,'cm');
INSERT INTO TB_UNIT VALUES(1004,0.0,'decameter',1,'Decameter',10.0,'dam');
INSERT INTO TB_UNIT VALUES(1005,0.0,'decimeter',1,'Decimeter',0.1,'dm');
INSERT INTO TB_UNIT VALUES(1006,0.0,'foot',1,'Foot',0.3048,'ft');
INSERT INTO TB_UNIT VALUES(1007,0.0,'gigameter',1,'Gigameter',1000000000.0,'Gm');
INSERT INTO TB_UNIT VALUES(1008,0.0,'hectometer',1,'Hectometer',100.0,'hm');
INSERT INTO TB_UNIT VALUES(1009,0.0,'inch',1,'Inch',0.0254,'in');
INSERT INTO TB_UNIT VALUES(1010,0.0,'kilometer',1,'Kilometer',1000.0,'km');
INSERT INTO TB_UNIT VALUES(1011,0.0,'light year',1,'Lightyear',9460730472580800.0,'ly');
INSERT INTO TB_UNIT VALUES(1012,0.0,'meter',1,'Meter',1.0,'m');
INSERT INTO TB_UNIT VALUES(1013,0.0,'microfoot',1,'Microfoot',3.048e-07,'µft');
INSERT INTO TB_UNIT VALUES(1014,0.0,'micrometer',1,'Micrometer',1.0e-06,'µm');
INSERT INTO TB_UNIT VALUES(1015,0.0,'mile',1,'Mile',1609.344,'mi');
INSERT INTO TB_UNIT VALUES(1016,0.0,'millimeter',1,'Millimeter',0.001,'mm');
INSERT INTO TB_UNIT VALUES(1017,0.0,'millifoot',1,'Millifoot',0.0003048,'mft');
INSERT INTO TB_UNIT VALUES(1018,0.0,'nanometer',1,'Nanometer',1.0e-09,'nm');
INSERT INTO TB_UNIT VALUES(1019,0.0,'parsec',1,'Parsec',30856775813057000.0,'pc');
INSERT INTO TB_UNIT VALUES(1020,0.0,'yard',1,'Yard',0.9144,'yd');
INSERT INTO TB_UNIT VALUES(1021,0.0,'chain (Benoit)',1,'BenoitChain',20.116782494375872,'ch (Benoit)');
INSERT INTO TB_UNIT VALUES(1022,0.0,'foot (Benoit)',1,'BenoitFoot',0.30479973476327082,'ft (Benoit)');
INSERT INTO TB_UNIT VALUES(1023,0.0,'link (Benoit)',1,'BenoitLink',0.20116782494375873,'li (Benoit)');
INSERT INTO TB_UNIT VALUES(1024,0.0,'mile (Benoit)',1,'BenoitMile',1609.34259955007,'mi (Benoit)');
INSERT INTO TB_UNIT VALUES(1025,0.0,'yard (Benoit)',1,'BenoitYard',0.91439920428981247,'yd (Benoit)');
INSERT INTO TB_UNIT VALUES(1026,0.0,'chain',1,'Chain',20.1168,'ch');
INSERT INTO TB_UNIT VALUES(1027,0.0,'chain (Clarke)',1,'ClarkeChain',20.1166195164,'ch (Clarke)');
INSERT INTO TB_UNIT VALUES(1028,0.0,'foot (Clarke)',1,'ClarkeFoot',0.3047972654,'ft (Clarke)');
INSERT INTO TB_UNIT VALUES(1029,0.0,'link (Clarke)',1,'ClarkeLink',0.201166195164,'li (Clarke)');
INSERT INTO TB_UNIT VALUES(1030,0.0,'mile (Clarke)',1,'ClarkeMile',1609.329561312,'mi (Clarke)');
INSERT INTO TB_UNIT VALUES(1031,0.0,'yard (Clarke)',1,'ClarkeYard',0.9143917962,'yd (Clarke)');
INSERT INTO TB_UNIT VALUES(1032,0.0,'fathom',1,'Fathom',1.8288,'fathom');
INSERT INTO TB_UNIT VALUES(1033,0.0,'furlong',1,'Furlong',201.168,'furlong');
INSERT INTO TB_UNIT VALUES(1034,0.0,'chain (Indian)',1,'IndianChain',20.116767934848248,'ch (Indian)');
INSERT INTO TB_UNIT VALUES(1035,0.0,'foot (Indian)',1,'IndianFoot',0.3047995141643674,'ft (Indian)');
INSERT INTO TB_UNIT VALUES(1036,0.0,'link (Indian)',1,'IndianLink',0.20116767934848251,'li (Indian)');
INSERT INTO TB_UNIT VALUES(1037,0.0,'mile (Indian)',1,'IndianMile',1609.34143478786,'mi (Indian)');
INSERT INTO TB_UNIT VALUES(1038,0.0,'yard (Indian)',1,'IndianYard',0.91439854249310226,'yd (Indian)');
INSERT INTO TB_UNIT VALUES(1039,0.0,'link',1,'Link',0.201168,'li');
INSERT INTO TB_UNIT VALUES(1040,0.0,'chain (modified american)',1,'ModifiedAmericanChain',20.117608696977396,'ch (modified US)');
INSERT INTO TB_UNIT VALUES(1041,0.0,'foot (modified american)',1,'ModifiedAmericanFoot',0.30481225298450598,'ft (modified US)');
INSERT INTO TB_UNIT VALUES(1042,0.0,'link (modified american)',1,'ModifiedAmericanLink',0.20117608696977393,'li (modified US)');
INSERT INTO TB_UNIT VALUES(1043,0.0,'mile (modified american)',1,'ModifiedAmericanMile',1609.4086957581915,'mi (modified US)');
INSERT INTO TB_UNIT VALUES(1044,0.0,'yard (modified american)',1,'ModifiedAmericanYard',0.91443675895351795,'yd (modified US)');
INSERT INTO TB_UNIT VALUES(1045,0.0,'nautical mile',1,'NauticalMile',1852.0,'nmi');
INSERT INTO TB_UNIT VALUES(1046,0.0,'nautical mile (UK)',1,'NauticalMileUK',1853.184,'nmi (UK)');
INSERT INTO TB_UNIT VALUES(1047,0.0,'rod',1,'Rod',5.0292,'rod');
INSERT INTO TB_UNIT VALUES(1048,0.0,'chain (Sears)',1,'SearsChain',20.116765121552632,'ch (Sears)');
INSERT INTO TB_UNIT VALUES(1049,0.0,'foot (Sears)',1,'SearsFoot',0.30479947153867626,'ft (Sears)');
INSERT INTO TB_UNIT VALUES(1050,0.0,'link (Sears)',1,'SearsLink',0.20116765121552632,'li (Sears)');
INSERT INTO TB_UNIT VALUES(1051,0.0,'mile (Sears)',1,'SearsMile',1609.3412097242106,'mi (Sears)');
INSERT INTO TB_UNIT VALUES(1052,0.0,'yard (Sears)',1,'SearsYard',0.91439841461602878,'yd (Sears)');
INSERT INTO TB_UNIT VALUES(1053,0.0,'survey chain',1,'SurveyChain',20.116840233680467,'ch (US)');
INSERT INTO TB_UNIT VALUES(1054,0.0,'survey foot',1,'SurveyFoot',0.30480060960121919,'ft (US)');
INSERT INTO TB_UNIT VALUES(1055,0.0,'survey link',1,'SurveyLink',0.20116840233680466,'li (US)');
INSERT INTO TB_UNIT VALUES(1056,0.0,'survey mile',1,'SurveyMile',1609.3472186944373,'mi (US)');
INSERT INTO TB_UNIT VALUES(1057,0.0,'survey yard',1,'SurveyYard',0.91440182880365761,'yd (US)');
INSERT INTO TB_UNIT VALUES(2001,0.0,'square angstroem',2,'SquareAngstroem',1.0e-20,'Å²');
INSERT INTO TB_UNIT VALUES(2002,0.0,'square astronomical unit',2,'SquareAstronomicalUnit',2.2379522915281156e+22,'AU²');
INSERT INTO TB_UNIT VALUES(2003,0.0,'square centimeter',2,'SquareCentimeter',0.0001,'cm²');
INSERT INTO TB_UNIT VALUES(2004,0.0,'are',2,'SquareDecameter',100.0,'a');
INSERT INTO TB_UNIT VALUES(2005,0.0,'square decimeter',2,'SquareDecimeter',0.01,'dm²');
INSERT INTO TB_UNIT VALUES(2006,0.0,'square foot',2,'SquareFoot',0.09290304,'sq ft');
INSERT INTO TB_UNIT VALUES(2007,0.0,'square gigameter',2,'SquareGigameter',1.0e+18,'Gm²');
INSERT INTO TB_UNIT VALUES(2008,0.0,'hectare',2,'SquareHectometer',10000.0,'ha');
INSERT INTO TB_UNIT VALUES(2009,0.0,'square inch',2,'SquareInch',0.00064516,'sq in');
INSERT INTO TB_UNIT VALUES(2010,0.0,'square kilometer',2,'SquareKilometer',1000000.0,'km²');
INSERT INTO TB_UNIT VALUES(2011,0.0,'square lightyear',2,'SquareLightyear',8.9505421074818928e+31,'ly²');
INSERT INTO TB_UNIT VALUES(2012,0.0,'square meter',2,'SquareMeter',1.0,'m²');
INSERT INTO TB_UNIT VALUES(2013,0.0,'square microfoot',2,'SquareMicrofoot',9.290304e-14,'sq µft');
INSERT INTO TB_UNIT VALUES(2014,0.0,'square micrometer',2,'SquareMicrometer',1.0e-12,'µm²');
INSERT INTO TB_UNIT VALUES(2015,0.0,'square mile',2,'SquareMile',2589988.110336,'sq mi');
INSERT INTO TB_UNIT VALUES(2016,0.0,'square millimeter',2,'SquareMillimeter',1.0e-06,'mm²');
INSERT INTO TB_UNIT VALUES(2017,0.0,'square millifoot',2,'SquareMillifoot',9.290304e-08,'sq mft');
INSERT INTO TB_UNIT VALUES(2018,0.0,'square nanometer',2,'SquareNanometer',1.0e-18,'nm²');
INSERT INTO TB_UNIT VALUES(2019,0.0,'square parsec',2,'SquareParsec',9.5214061357725951e+32,'pc²');
INSERT INTO TB_UNIT VALUES(2020,0.0,'square yard',2,'SquareYard',0.83612736,'sq yd');
INSERT INTO TB_UNIT VALUES(2021,0.0,'square chain (Benoit)',2,'SquareBenoitChain',404.6849379260276,'sq ch (Benoit)');
INSERT INTO TB_UNIT VALUES(2022,0.0,'square foot (Benoit)',2,'SquareBenoitFoot',0.092902878311760237,'sq ft (Benoit)');
INSERT INTO TB_UNIT VALUES(2023,0.0,'square link (Benoit)',2,'SquareBenoitLink',0.040468493792602756,'sq li (Benoit)');
INSERT INTO TB_UNIT VALUES(2024,0.0,'square mile (Benoit)',2,'SquareBenoitMile',2589983.6027265764,'sq mi (Benoit)');
INSERT INTO TB_UNIT VALUES(2025,0.0,'square yard (Benoit)',2,'SquareBenoitYard',0.83612590480584215,'sq yd (Benoit)');
INSERT INTO TB_UNIT VALUES(2026,0.0,'square chain',2,'SquareChain',404.68564224,'sq ch');
INSERT INTO TB_UNIT VALUES(2027,0.0,'square chain (Clarke)',2,'SquareClarkeChain',404.67838076760535,'sq ch (Clarke)');
INSERT INTO TB_UNIT VALUES(2028,0.0,'square foot (Clarke)',2,'SquareClarkeFoot',0.092901372995318032,'sq ft (Clarke)');
INSERT INTO TB_UNIT VALUES(2029,0.0,'square link (Clarke)',2,'SquareClarkeLink',0.040467838076760535,'sq li (Clarke)');
INSERT INTO TB_UNIT VALUES(2030,0.0,'square mile (Clarke)',2,'SquareClarkeMile',2589941.6369126742,'sq mi (Clarke)');
INSERT INTO TB_UNIT VALUES(2031,0.0,'square yard (Clarke)',2,'SquareClarkeYard',0.83611235695786235,'sq yd (Clarke)');
INSERT INTO TB_UNIT VALUES(2032,0.0,'square fathom',2,'SquareFathom',3.34450944,'sq fathom');
INSERT INTO TB_UNIT VALUES(2033,0.0,'square furlong',2,'SquareFurlong',40468.564224,'sq furlong');
INSERT INTO TB_UNIT VALUES(2034,0.0,'square chain (Indian)',2,'SquareIndianChain',404.68435214453871,'sq ch (Indian)');
INSERT INTO TB_UNIT VALUES(2035,0.0,'square foot (Indian)',2,'SquareIndianFoot',0.09290274383483442,'sq ft (Indian)');
INSERT INTO TB_UNIT VALUES(2036,0.0,'square link (Indian)',2,'SquareIndianLink',0.040468435214453868,'sq li (Indian)');
INSERT INTO TB_UNIT VALUES(2037,0.0,'square mile (Indian)',2,'SquareIndianMile',2589979.8537250478,'sq mi (Indian)');
INSERT INTO TB_UNIT VALUES(2038,0.0,'square yard (Indian)',2,'SquareIndianYard',0.83612469451350979,'sq yd (Indian)');
INSERT INTO TB_UNIT VALUES(2039,0.0,'square link',2,'SquareLink',0.040468564224,'sq li');
INSERT INTO TB_UNIT VALUES(2040,0.0,'square chain (modified american)',2,'SquareModifiedAmericanChain',404.71817968470049,'sq ch (modified US)');
INSERT INTO TB_UNIT VALUES(2041,0.0,'square foot (modified american)',2,'SquareModifiedAmericanFoot',0.092910509569490471,'sq ft (modified US)');
INSERT INTO TB_UNIT VALUES(2042,0.0,'square link (modified american)',2,'SquareModifiedAmericanLink',0.040471817968470047,'sq li (modified US)');
INSERT INTO TB_UNIT VALUES(2043,0.0,'square mile (modified american)',2,'SquareModifiedAmericanMile',2590196.3499820828,'sq mi (modified US)');
INSERT INTO TB_UNIT VALUES(2044,0.0,'square yard (modified american)',2,'SquareModifiedAmericanYard',0.8361945861254142,'sq yd (modified US)');
INSERT INTO TB_UNIT VALUES(2045,0.0,'square nautical mile',2,'SquareNauticalMile',3429904.0,'sq nmi');
INSERT INTO TB_UNIT VALUES(2046,0.0,'square nautical mile (UK)',2,'SquareNauticalMileUK',3434290.937856,'sq nmi (UK)');
INSERT INTO TB_UNIT VALUES(2047,0.0,'square rod',2,'SquareRod',25.29285264,'sq rod');
INSERT INTO TB_UNIT VALUES(2048,0.0,'square chain (Sears)',2,'SquareSearsChain',404.68423895571647,'sq ch (Sears)');
INSERT INTO TB_UNIT VALUES(2049,0.0,'square foot (Sears)',2,'SquareSearsFoot',0.09290271785025632,'sq ft (Sears)');
INSERT INTO TB_UNIT VALUES(2050,0.0,'square link (Sears)',2,'SquareSearsLink',0.040468423895571648,'sq li (Sears)');
INSERT INTO TB_UNIT VALUES(2051,0.0,'square mile (Sears)',2,'SquareSearsMile',2589979.1293165856,'sq mi (Sears)');
INSERT INTO TB_UNIT VALUES(2052,0.0,'square yard (Sears)',2,'SquareSearsYard',0.83612446065230683,'sq yd (Sears)');
INSERT INTO TB_UNIT VALUES(2053,0.0,'square survey chain',2,'SquareSurveyChain',404.68726098742519,'sq ch (US)');
INSERT INTO TB_UNIT VALUES(2054,0.0,'square survey foot',2,'SquareSurveyFoot',0.092903411613274839,'sq ft (US)');
INSERT INTO TB_UNIT VALUES(2055,0.0,'square survey link',2,'SquareSurveyLink',0.040468726098742518,'sq li (US)');
INSERT INTO TB_UNIT VALUES(2056,0.0,'square survey mile',2,'SquareSurveyMile',2589998.4703195212,'sq mi (US)');
INSERT INTO TB_UNIT VALUES(2057,0.0,'square survey yard',2,'SquareSurveyYard',0.83613070451947358,'sq yd (US)');
INSERT INTO TB_UNIT VALUES(2900,0.0,'acre',2,'Acre',4046.8564224,'acre');
INSERT INTO TB_UNIT VALUES(2901,0.0,'are',2,'Are',100.0,'a');
INSERT INTO TB_UNIT VALUES(2902,0.0,'hectare',2,'Hectare',10000.0,'ha');
INSERT INTO TB_UNIT VALUES(3001,0.0,'degree clockwise',3,'DegreeClockwise',-0.017453292519943296,'°');
INSERT INTO TB_UNIT VALUES(3002,0.0,'degree counter-clockwise',3,'DegreeCounterClockwise',0.017453292519943296,'°');
INSERT INTO TB_UNIT VALUES(3003,0.0,'gon clockwise',3,'GonClockwise',-0.015707963267948967,'gon');
INSERT INTO TB_UNIT VALUES(3004,0.0,'gon counter-clockwise',3,'GonCounterClockwise',0.015707963267948967,'gon');
INSERT INTO TB_UNIT VALUES(3005,0.0,'radian clockwise',3,'RadianClockwise',-1.0,'rad');
INSERT INTO TB_UNIT VALUES(3006,0.0,'radian counter-clockwise',3,'RadianCounterClockwise',1.0,'rad');
INSERT INTO TB_UNIT VALUES(3007,0.0,'arcminute clockwise',3,'ArcMinuteClockwise',-0.00029088820866572158,'''');
INSERT INTO TB_UNIT VALUES(3008,0.0,'arcminute counter-clockwise',3,'ArcMinuteCounterClockwise',0.00029088820866572158,'''');
INSERT INTO TB_UNIT VALUES(3009,0.0,'arcsecond clockwise',3,'ArcSecondClockwise',-4.8481368110953598e-06,'"');
INSERT INTO TB_UNIT VALUES(3010,0.0,'arcsecond counter-clockwise',3,'ArcSecondCounterClockwise',4.8481368110953598e-06,'"');
INSERT INTO TB_UNIT VALUES(4001,273.15,'degree Celsius (absolute)',4,'Celsius',1.0,'°C');
INSERT INTO TB_UNIT VALUES(4002,255.37222222222223,'degree Fahrenheit (absolute)',4,'Fahrenheit',0.55555555555555558,'°F');
INSERT INTO TB_UNIT VALUES(4003,0.0,'kelvin (absolute)',4,'Kelvin',1.0,'K');
INSERT INTO TB_UNIT VALUES(4004,0.0,'degree Rankine (absolute)',4,'Rankine',0.55555555555555558,'°R');
INSERT INTO TB_UNIT VALUES(5001,0.0,'dram',5,'Dram',0.0017718451953125001,'dr');
INSERT INTO TB_UNIT VALUES(5002,0.0,'grain',5,'Grain',6.479891e-05,'gr');
INSERT INTO TB_UNIT VALUES(5003,0.0,'gram',5,'Gram',0.001,'g');
INSERT INTO TB_UNIT VALUES(5004,0.0,'kilogram',5,'Kilogram',1.0,'kg');
INSERT INTO TB_UNIT VALUES(5005,0.0,'long hundredweight',5,'LongHundredweight',50.80234544,'long cwt');
INSERT INTO TB_UNIT VALUES(5006,0.0,'long ton',5,'LongTon',1016.0469088,'long t');
INSERT INTO TB_UNIT VALUES(5007,0.0,'ounce',5,'Ounce',0.028349523125,'oz');
INSERT INTO TB_UNIT VALUES(5008,0.0,'pound',5,'Pound',0.45359237,'lb');
INSERT INTO TB_UNIT VALUES(5009,0.0,'short hundredweight',5,'ShortHundredweight',45.359237,'short cwt');
INSERT INTO TB_UNIT VALUES(5010,0.0,'short ton',5,'ShortTon',907.18474,'short t');
INSERT INTO TB_UNIT VALUES(5011,0.0,'stone',5,'Stone',6.35029318,'stone');
INSERT INTO TB_UNIT VALUES(5012,0.0,'tonne',5,'Tonne',1000.0,'t');
INSERT INTO TB_UNIT VALUES(5013,0.0,'slug',5,'Slug',14.593902937206364,'slug');
INSERT INTO TB_UNIT VALUES(6001,0.0,'day',6,'Day',86400.0,'d');
INSERT INTO TB_UNIT VALUES(6002,0.0,'hour',6,'Hour',3600.0,'h');
INSERT INTO TB_UNIT VALUES(6003,0.0,'year (julian)',6,'JulianYear',31557600.0,'a');
INSERT INTO TB_UNIT VALUES(6004,0.0,'microsecond',6,'MicroSecond',1.0e-06,'µs');
INSERT INTO TB_UNIT VALUES(6005,0.0,'millisecond',6,'MilliSecond',0.001,'ms');
INSERT INTO TB_UNIT VALUES(6006,0.0,'minute',6,'Minute',60.0,'min');
INSERT INTO TB_UNIT VALUES(6007,0.0,'nanosecond',6,'NanoSecond',1.0e-09,'ns');
INSERT INTO TB_UNIT VALUES(6008,0.0,'second',6,'Second',1.0,'s');
INSERT INTO TB_UNIT VALUES(6009,0.0,'tropical year',6,'TropicalYear',31556925.187470719,'y');
INSERT INTO TB_UNIT VALUES(7003,0.0,'cubic centimeter',7,'CubicCentimeter',1.0e-06,'cm³');
INSERT INTO TB_UNIT VALUES(7005,0.0,'litre',7,'Litre',0.001,'L');
INSERT INTO TB_UNIT VALUES(7006,0.0,'cubic foot',7,'CubicFoot',0.028316846592,'cu ft');
INSERT INTO TB_UNIT VALUES(7009,0.0,'cubic inch',7,'CubicInch',1.6387064e-05,'cu in');
INSERT INTO TB_UNIT VALUES(7012,0.0,'cubic meter',7,'CubicMeter',1.0,'m³');
INSERT INTO TB_UNIT VALUES(7016,0.0,'cubic millimeter',7,'CubicMillimeter',1.0e-09,'mm³');
INSERT INTO TB_UNIT VALUES(7020,0.0,'cubic yard',7,'CubicYard',0.764554857984,'cu yd');
INSERT INTO TB_UNIT VALUES(7900,0.0,'acre-foot',7,'AcreFoot',1233.4818375475199,'acre-foot');
INSERT INTO TB_UNIT VALUES(7901,0.0,'gallon (US)',7,'GallonUS',0.003785411784,'gal (US)');
INSERT INTO TB_UNIT VALUES(7902,0.0,'gallon (UK)',7,'GallonUK',0.00454609,'gal (UK)');
INSERT INTO TB_UNIT VALUES(7903,0.0,'board foot',7,'BoardFoot',0.002359737216,'bd ft');
INSERT INTO TB_UNIT VALUES(8001,0.0,'kilovolt',8,'Kilovolt',1000.0,'kV');
INSERT INTO TB_UNIT VALUES(8002,0.0,'millivolt',8,'Millivolt',0.001,'mV');
INSERT INTO TB_UNIT VALUES(8003,0.0,'volt',8,'Volt',1.0,'V');
INSERT INTO TB_UNIT VALUES(9001,0.0,'bar',9,'Bar',100000.0,'bar');
INSERT INTO TB_UNIT VALUES(9002,0.0,'hectopascal',9,'Hectopascal',100.0,'hPa');
INSERT INTO TB_UNIT VALUES(9003,0.0,'inch mercury',9,'InchMercury',3386.3881578947367,'inHg');
INSERT INTO TB_UNIT VALUES(9004,0.0,'kilopascal',9,'Kilopascal',1000.0,'kPa');
INSERT INTO TB_UNIT VALUES(9005,0.0,'pascal',9,'Pascal',1.0,'Pa');
INSERT INTO TB_UNIT VALUES(9006,0.0,'pound-force per square inch',9,'Psi',6894.7572931683617,'psi');
INSERT INTO TB_UNIT VALUES(9007,0.0,'standard atmosphere',9,'StandardAtmosphere',101325.0,'atm');
INSERT INTO TB_UNIT VALUES(9008,0.0,'technical atmosphere',9,'TechnicalAtmosphere',98066.5,'at');
INSERT INTO TB_UNIT VALUES(9009,0.0,'torr',9,'Torr',133.32236842105263,'Torr');
INSERT INTO TB_UNIT VALUES(9010,0.0,'megapascal',9,'Megapascal',1000000.0,'MPa');
INSERT INTO TB_UNIT VALUES(9011,0.0,'pound-force per square foot',9,'Psf',47.880258980335846,'psf');
INSERT INTO TB_UNIT VALUES(9012,0.0,'newton per square millimeter',9,'NewtonPerSquareMillimeter',1000000.0,'N/mm²');
INSERT INTO TB_UNIT VALUES(9013,0.0,'decanewton per square millimeter',9,'DecanewtonPerSquareMillimeter',10000000.0,'daN/mm²');
INSERT INTO TB_UNIT VALUES(9014,0.0,'decanewton per square meter',9,'DecanewtonPerSquareMeter',10.0,'daN/m²');
INSERT INTO TB_UNIT VALUES(9017,0.0,'kilopound-force per square inch',9,'KilopoundForcePerSquareInch',6894757.2931683613,'ksi');
INSERT INTO TB_UNIT VALUES(9018,0.0,'kilopound-force per square foot',9,'KilopoundForcePerSquareFoot',47880.258980335842,'ksf');
INSERT INTO TB_UNIT VALUES(9019,0.0,'kilogram-force per square millimeter',9,'KilogramForcePerSquareMillimeter',9806650.0,'kgf/mm²');
INSERT INTO TB_UNIT VALUES(9020,0.0,'kilogram-force per square centimeter',9,'KilogramForcePerSquareCentimeter',98066.5,'kgf/cm²');
INSERT INTO TB_UNIT VALUES(9021,0.0,'kilogram-force per square meter',9,'KilogramForcePerSquareMeter',9.80665,'kgf/m²');
INSERT INTO TB_UNIT VALUES(9022,0.0,'tonne-force per square centimeter',9,'TonneForcePerSquareCentimeter',98066500.0,'Tf/cm²');
INSERT INTO TB_UNIT VALUES(9023,0.0,'tonne-force per square meter',9,'TonneForcePerSquareMeter',9806.65,'Tf/m²');
INSERT INTO TB_UNIT VALUES(9024,0.0,'short ton-force per square foot',9,'ShortTonForcePerSquareFoot',95760.517960671685,'tonf/sq ft');
INSERT INTO TB_UNIT VALUES(9025,0.0,'inch of water (60°F)',9,'InchWater60DegreeFahrenheit',248.84,'inAq (60°F)');
INSERT INTO TB_UNIT VALUES(9026,0.0,'millimeter mercury (technical definition)',9,'MillimeterMercuryTD',133.322387415,'mmHg');
INSERT INTO TB_UNIT VALUES(9027,0.0,'inch mercury (technical definition)',9,'InchMercuryTD',3386.388640341,'inHg');
INSERT INTO TB_UNIT VALUES(10001,0.0,'ampere',10,'Ampere',1.0,'A');
INSERT INTO TB_UNIT VALUES(10002,0.0,'milliampere',10,'MilliAmpere',0.001,'mA');
INSERT INTO TB_UNIT VALUES(10003,0.0,'kiloampere',10,'KiloAmpere',1000.0,'kA');
INSERT INTO TB_UNIT VALUES(11001,0.0,'gigawatt',11,'Gigawatt',1000000000.0,'GW');
INSERT INTO TB_UNIT VALUES(11002,0.0,'kilowatt',11,'Kilowatt',1000.0,'kW');
INSERT INTO TB_UNIT VALUES(11003,0.0,'megawatt',11,'Megawatt',1000000.0,'MW');
INSERT INTO TB_UNIT VALUES(11004,0.0,'milliwatt',11,'Milliwatt',0.001,'mW');
INSERT INTO TB_UNIT VALUES(11005,0.0,'watt',11,'Watt',1.0,'W');
INSERT INTO TB_UNIT VALUES(11006,0.0,'ton of refrigeration (IT)',11,'TonOfRefrigerationInternationalTable',3516.8528420666667,'ton (IT)');
INSERT INTO TB_UNIT VALUES(11007,0.0,'ton of refrigeration (59°F)',11,'TonOfRefrigeration59DegreeFahrenheit',3516.0133333333333,'ton (59°F)');
INSERT INTO TB_UNIT VALUES(11008,0.0,'electrical horsepower',11,'HorsepowerElectrical',746.0,'hp(E)');
INSERT INTO TB_UNIT VALUES(11009,0.0,'metric horsepower',11,'HorsepowerMetric',735.49875,'hp(M)');
INSERT INTO TB_UNIT VALUES(11010,0.0,'mechanical horsepower',11,'HorsepowerMechanical',745.69987158227025,'hp');
INSERT INTO TB_UNIT VALUES(11011,0.0,'kilogram-force meter per second',11,'KilogramForceMeterPerSecond',9.80665,'kgf-m/s');
INSERT INTO TB_UNIT VALUES(11012,0.0,'foot-pound force per second',11,'FootPoundForcePerSecond',1.3558179483314004,'ft-lbf/s');
INSERT INTO TB_UNIT VALUES(11013,0.0,'calorie (IT) per second',11,'CalorieInternationalTablePerSecond',4.1868,'cal (IT)/s');
INSERT INTO TB_UNIT VALUES(11014,0.0,'kilocalorie (IT) per second',11,'KilocalorieInternationalTablePerSecond',4186.8,'kcal (IT)/s');
INSERT INTO TB_UNIT VALUES(11015,0.0,'British thermal unit (IT) per second',11,'BritishThermalUnitInternationalTablePerSecond',1055.05585262,'Btu/s');
INSERT INTO TB_UNIT VALUES(11016,0.0,'British thermal unit (IT) per hour',11,'BritishThermalUnitInternationalTablePerHour',0.29307107017222223,'Btu/h');
INSERT INTO TB_UNIT VALUES(11017,0.0,'million British thermal unit (IT) per hour',11,'MillionBritishThermalUnitInternationalTablePerHour',293071.07017222222,'MMBtu/h');
INSERT INTO TB_UNIT VALUES(11018,0.0,'thousand British thermal unit (IT) per hour',11,'ThousandBritishThermalUnitInternationalTablePerHour',293.07107017222222,'MBtu/h');
INSERT INTO TB_UNIT VALUES(11900,0.0,'kilo volt-ampere',11,'Kilovoltampere',1000.0,'kVA');
INSERT INTO TB_UNIT VALUES(11901,0.0,'kilo volt-ampere reactive',11,'Kilovoltamperereactive',1000.0,'kVAR');
INSERT INTO TB_UNIT VALUES(11902,0.0,'volt-ampere',11,'Voltampere',1.0,'VA');
INSERT INTO TB_UNIT VALUES(11903,0.0,'volt-ampere reactive',11,'Voltamperereactive',1.0,'VAR');
INSERT INTO TB_UNIT VALUES(12001,0.0,'gigajoule',12,'Gigajoule',1000000000.0,'GJ');
INSERT INTO TB_UNIT VALUES(12002,0.0,'gigawatt-hour',12,'Gigawatthour',3600000000000.0,'GWh');
INSERT INTO TB_UNIT VALUES(12003,0.0,'kilojoule',12,'Kilojoule',1000.0,'kJ');
INSERT INTO TB_UNIT VALUES(12004,0.0,'kilowatt-hour',12,'Kilowatthour',3600000.0,'kWh');
INSERT INTO TB_UNIT VALUES(12005,0.0,'joule',12,'Joule',1.0,'J');
INSERT INTO TB_UNIT VALUES(12006,0.0,'megajoule',12,'Megajoule',1000000.0,'MJ');
INSERT INTO TB_UNIT VALUES(12007,0.0,'megawatt-hour',12,'Megawatthour',3600000000.0,'MWh');
INSERT INTO TB_UNIT VALUES(12008,0.0,'millijoule',12,'Millijoule',0.001,'mJ');
INSERT INTO TB_UNIT VALUES(12009,0.0,'watt-hour',12,'Watthour',3600.0,'Wh');
INSERT INTO TB_UNIT VALUES(12010,0.0,'British thermal unit (IT)',12,'BritishThermalUnitInternationalTable',1055.05585262,'btu (IT)');
INSERT INTO TB_UNIT VALUES(12011,0.0,'British thermal unit (59°F)',12,'BritishThermalUnit59DegreeFahrenheit',1054.804,'btu (59°F)');
INSERT INTO TB_UNIT VALUES(12012,0.0,'therm (IT)',12,'ThermInternationalTable',105505585.262,'thm (IT)');
INSERT INTO TB_UNIT VALUES(12013,0.0,'therm (59°F)',12,'Therm59DegreeFahrenheit',105480400.0,'thm (59°F)');
INSERT INTO TB_UNIT VALUES(12014,0.0,'calorie (IT)',12,'CalorieInternationalTable',4.1868,'cal (IT)');
INSERT INTO TB_UNIT VALUES(12015,0.0,'kilocalorie (IT)',12,'KilocalorieInternationalTable',4186.8,'kcal (IT)');
INSERT INTO TB_UNIT VALUES(13001,0.0,'gigaohm',13,'Gigaohm',1000000000.0,'GΩ');
INSERT INTO TB_UNIT VALUES(13002,0.0,'kiloohm',13,'Kiloohm',1000.0,'kΩ');
INSERT INTO TB_UNIT VALUES(13003,0.0,'megaohm',13,'Megaohm',1000000.0,'MΩ');
INSERT INTO TB_UNIT VALUES(13004,0.0,'milliohm',13,'Milliohm',0.001,'mΩ');
INSERT INTO TB_UNIT VALUES(13005,0.0,'ohm',13,'Ohm',1.0,'Ω');
INSERT INTO TB_UNIT VALUES(14001,0.0,'kilosiemens',14,'Kilosiemens',1000.0,'kS');
INSERT INTO TB_UNIT VALUES(14002,0.0,'millisiemens',14,'Millisiemens',0.001,'mS');
INSERT INTO TB_UNIT VALUES(14003,0.0,'siemens',14,'Siemens',1.0,'S');
INSERT INTO TB_UNIT VALUES(15001,0.0,'ampere-hour',15,'Amperehour',3600.0,'Ah');
INSERT INTO TB_UNIT VALUES(15002,0.0,'coulomb',15,'Coulomb',1.0,'C');
INSERT INTO TB_UNIT VALUES(15003,0.0,'kilocoulomb',15,'Kilocoulomb',1000.0,'kC');
INSERT INTO TB_UNIT VALUES(15004,0.0,'milli ampere-hour',15,'Milliamperehour',3.6,'mAh');
INSERT INTO TB_UNIT VALUES(15005,0.0,'millicoulomb',15,'Millicoulomb',0.001,'mC');
INSERT INTO TB_UNIT VALUES(16001,0.0,'farad',16,'Farad',1.0,'F');
INSERT INTO TB_UNIT VALUES(16002,0.0,'microfarad',16,'Microfarad',1.0e-06,'µF');
INSERT INTO TB_UNIT VALUES(16003,0.0,'millifarad',16,'Millifarad',0.001,'mF');
INSERT INTO TB_UNIT VALUES(16004,0.0,'nanofarad',16,'Nanofarad',1.0e-09,'nF');
INSERT INTO TB_UNIT VALUES(16005,0.0,'picofarad',16,'Picofarad',1.0e-12,'pF');
INSERT INTO TB_UNIT VALUES(17001,0.0,'henry',17,'Henry',1.0,'H');
INSERT INTO TB_UNIT VALUES(17002,0.0,'microhenry',17,'Microhenry',1.0e-06,'µH');
INSERT INTO TB_UNIT VALUES(17003,0.0,'millihenry',17,'Millihenry',0.001,'mH');
INSERT INTO TB_UNIT VALUES(17004,0.0,'nanohenry',17,'Nanohenry',1.0e-09,'nH');
INSERT INTO TB_UNIT VALUES(18001,0.0,'dyne',18,'Dyne',1.0e-05,'dyn');
INSERT INTO TB_UNIT VALUES(18002,0.0,'kilopond',18,'Kilopond',9.80665,'kp');
INSERT INTO TB_UNIT VALUES(18003,0.0,'newton',18,'Newton',1.0,'N');
INSERT INTO TB_UNIT VALUES(18004,0.0,'pound-force',18,'PoundForce',4.4482216152605,'lbf');
INSERT INTO TB_UNIT VALUES(18005,0.0,'poundal',18,'Poundal',0.138254954376,'pdl');
INSERT INTO TB_UNIT VALUES(18006,0.0,'decanewton',18,'Decanewton',10.0,'daN');
INSERT INTO TB_UNIT VALUES(18007,0.0,'kilonewton',18,'Kilonewton',1000.0,'kN');
INSERT INTO TB_UNIT VALUES(18008,0.0,'meganewton',18,'Meganewton',1000000.0,'MN');
INSERT INTO TB_UNIT VALUES(18009,0.0,'kilopound-force',18,'KilopoundForce',4448.2216152605,'kip');
INSERT INTO TB_UNIT VALUES(19001,0.0,'ohm per 1000 foot',19,'OhmPer1000Foot',0.0032808398950131233,'Ω/1000ft');
INSERT INTO TB_UNIT VALUES(19002,0.0,'ohm per 1000 yard',19,'OhmPer1000Yard',0.0010936132983377078,'Ω/1000yd');
INSERT INTO TB_UNIT VALUES(19003,0.0,'ohm per foot',19,'OhmPerFoot',3.2808398950131235,'Ω/ft');
INSERT INTO TB_UNIT VALUES(19004,0.0,'ohm per kilometer',19,'OhmPerKilometer',0.001,'Ω/km');
INSERT INTO TB_UNIT VALUES(19005,0.0,'ohm per meter',19,'OhmPerMeter',1.0,'Ω/m');
INSERT INTO TB_UNIT VALUES(19006,0.0,'ohm per mile',19,'OhmPerMile',0.00062137119223733392,'Ω/mi');
INSERT INTO TB_UNIT VALUES(20001,0.0,'newton per kilometer',20,'NewtonPerKilometer',0.001,'N/km');
INSERT INTO TB_UNIT VALUES(20002,0.0,'newton per meter',20,'NewtonPerMeter',1.0,'N/m');
INSERT INTO TB_UNIT VALUES(20003,0.0,'pound-force per 1000 foot',20,'PoundForcePer1000Foot',0.014593902937206365,'lbf/1000ft');
INSERT INTO TB_UNIT VALUES(20004,0.0,'pound-force per 1000 yard',20,'PoundForcePer1000Yard',0.004864634312402122,'lbf/1000yd');
INSERT INTO TB_UNIT VALUES(20005,0.0,'pound-force per foot',20,'PoundForcePerFoot',14.593902937206364,'lbf/ft');
INSERT INTO TB_UNIT VALUES(20006,0.0,'pound-force per mile',20,'PoundForcePerMile',0.0027639967684102962,'lbf/mi');
INSERT INTO TB_UNIT VALUES(20007,0.0,'decanewton per meter',20,'DecanewtonPerMeter',10.0,'daN/m');
INSERT INTO TB_UNIT VALUES(20008,0.0,'kilonewton per meter',20,'KilonewtonPerMeter',1000.0,'kN/m');
INSERT INTO TB_UNIT VALUES(20009,0.0,'meganewton per meter',20,'MeganewtonPerMeter',1000000.0,'MN/m');
INSERT INTO TB_UNIT VALUES(20010,0.0,'kilopound-force per foot',20,'KilopoundForcePerFoot',14593.902937206365,'kip/ft');
INSERT INTO TB_UNIT VALUES(20011,0.0,'kilogram-force per meter',20,'KilogramForcePerMeter',9.80665,'kgf/m');
INSERT INTO TB_UNIT VALUES(20012,0.0,'tonne-force per meter',20,'TonneForcePerMeter',9806.65,'Tf/m');
INSERT INTO TB_UNIT VALUES(21001,0.0,'kilogram per kilometer',21,'KilogramPerKilometer',0.001,'kg/km');
INSERT INTO TB_UNIT VALUES(21002,0.0,'kilogram per meter',21,'KilogramPerMeter',1.0,'kg/m');
INSERT INTO TB_UNIT VALUES(21003,0.0,'pound per 1000 foot',21,'PoundPer1000Foot',0.0014881639435695539,'lb/1000ft');
INSERT INTO TB_UNIT VALUES(21004,0.0,'pound per 1000 yard',21,'PoundPer1000Yard',0.00049605464785651789,'lb/1000yd');
INSERT INTO TB_UNIT VALUES(21005,0.0,'pound per foot',21,'PoundPerFoot',1.4881639435695537,'lb/ft');
INSERT INTO TB_UNIT VALUES(21006,0.0,'pound per mile',21,'PoundPerMile',0.00028184923173665794,'lb/mi');
INSERT INTO TB_UNIT VALUES(22001,0.0,'newton meter',22,'NewtonMeter',1.0,'N m');
INSERT INTO TB_UNIT VALUES(22002,0.0,'kilogram-force meter',22,'KilogramForceMeter',9.80665,'kgf m');
INSERT INTO TB_UNIT VALUES(22003,0.0,'foot-pound force',22,'FootPoundForce',1.3558179483314004,'ft-lbf');
INSERT INTO TB_UNIT VALUES(22004,0.0,'inch-pound force',22,'InchPoundForce',0.1129848290276167,'in-lbf');
INSERT INTO TB_UNIT VALUES(22005,0.0,'decanewton meter',22,'DecanewtonMeter',10.0,'daN m');
INSERT INTO TB_UNIT VALUES(22006,0.0,'kilonewton meter',22,'KilonewtonMeter',1000.0,'kN m');
INSERT INTO TB_UNIT VALUES(22007,0.0,'meganewton meter',22,'MeganewtonMeter',1000000.0,'MN m');
INSERT INTO TB_UNIT VALUES(22008,0.0,'foot-kilopound force',22,'FootKilopoundForce',1355.8179483314004,'ft-kip');
INSERT INTO TB_UNIT VALUES(22009,0.0,'kilogram-force foot',22,'KilogramForceFoot',2.98906692,'kgf ft');
INSERT INTO TB_UNIT VALUES(22010,0.0,'short ton-force foot',22,'ShortTonForceFoot',2711.6358966628009,'tonf ft');
INSERT INTO TB_UNIT VALUES(22011,0.0,'tonne-force meter',22,'TonneForceMeter',9806.65,'Tf m');
INSERT INTO TB_UNIT VALUES(23001,0.0,'hertz',23,'Hertz',1.0,'Hz');
INSERT INTO TB_UNIT VALUES(23002,0.0,'revolution per minute',23,'RevolutionPerMinute',0.016666666666666666,'rpm');
INSERT INTO TB_UNIT VALUES(24001,0.0,'meter per second',24,'MeterPerSecond',1.0,'m/s');
INSERT INTO TB_UNIT VALUES(24002,0.0,'meter per minute',24,'MeterPerMinute',0.016666666666666666,'m/min');
INSERT INTO TB_UNIT VALUES(24003,0.0,'centimeter per minute',24,'CentimeterPerMinute',0.00016666666666666666,'cm/min');
INSERT INTO TB_UNIT VALUES(24004,0.0,'kilometer per hour',24,'KilometerPerHour',0.27777777777777779,'km/h');
INSERT INTO TB_UNIT VALUES(24005,0.0,'foot per second',24,'FootPerSecond',0.3048,'ft/s');
INSERT INTO TB_UNIT VALUES(24006,0.0,'foot per minute',24,'FootPerMinute',0.00508,'ft/min');
INSERT INTO TB_UNIT VALUES(24007,0.0,'mile per hour',24,'MilePerHour',0.44704,'mi/h');
INSERT INTO TB_UNIT VALUES(25001,0.0,'meter per second squared',25,'MeterPerSecondSquared',1.0,'m/s²');
INSERT INTO TB_UNIT VALUES(25002,0.0,'foot per second squared',25,'FootPerSecondSquared',0.3048,'ft/s²');
INSERT INTO TB_UNIT VALUES(26001,0.0,'cubic meter per second',26,'CubicMeterPerSecond',1.0,'m³/s');
INSERT INTO TB_UNIT VALUES(26002,0.0,'cubic meter per hour',26,'CubicMeterPerHour',0.00027777777777777778,'m³/h');
INSERT INTO TB_UNIT VALUES(26003,0.0,'cubic foot per second',26,'CubicFootPerSecond',0.028316846592,'cu ft/s');
INSERT INTO TB_UNIT VALUES(26004,0.0,'cubic foot per minute',26,'CubicFootPerMinute',0.0004719474432,'CFM');
INSERT INTO TB_UNIT VALUES(26005,0.0,'litre per second',26,'LitrePerSecond',0.001,'L/s');
INSERT INTO TB_UNIT VALUES(26006,0.0,'litre per minute',26,'LitrePerMinute',1.6666666666666668e-05,'L/min');
INSERT INTO TB_UNIT VALUES(26007,0.0,'gallon (US) per second',26,'GallonUSPerSecond',0.003785411784,'gps');
INSERT INTO TB_UNIT VALUES(26008,0.0,'gallon (US) per minute',26,'GallonUSPerMinute',6.30901964e-05,'gpm');
INSERT INTO TB_UNIT VALUES(26009,0.0,'gallon (US) per hour',26,'GallonUSPerHour',1.0515032733333334e-06,'gph');
INSERT INTO TB_UNIT VALUES(27001,0.0,'steradian',27,'Steradian',1.0,'sr');
INSERT INTO TB_UNIT VALUES(28001,0.0,'kilogram per cubic meter',28,'KilogramPerCubicMeter',1.0,'kg/m³');
INSERT INTO TB_UNIT VALUES(28002,0.0,'gram per cubic centimeter',28,'GramPerCubicCentimeter',1000.0,'g/cm³');
INSERT INTO TB_UNIT VALUES(28003,0.0,'pound per cubic foot',28,'PoundPerCubicFoot',16.018463373960138,'lb/cu ft');
INSERT INTO TB_UNIT VALUES(28004,0.0,'pound per cubic inch',28,'PoundPerCubicInch',27679.904710203122,'lb/cu in');
INSERT INTO TB_UNIT VALUES(29001,0.0,'watt per square meter',29,'WattPerSquareMeter',1.0,'W/m²');
INSERT INTO TB_UNIT VALUES(29002,0.0,'kilowatt per square meter',29,'KilowattPerSquareMeter',1000.0,'kW/m²');
INSERT INTO TB_UNIT VALUES(29003,0.0,'watt per square foot',29,'WattPerSquareFoot',10.763910416709722,'W/sq ft');
INSERT INTO TB_UNIT VALUES(29004,0.0,'kilowatt per square foot',29,'KilowattPerSquareFoot',10763.910416709723,'kW/sq ft');
INSERT INTO TB_UNIT VALUES(30001,0.0,'pascal per meter',30,'PascalPerMeter',1.0,'Pa/m');
INSERT INTO TB_UNIT VALUES(30002,0.0,'inch water (60°F) per 100 foot',30,'InchWater60DegreeFahrenheitPer100Foot',8.1640419947506562,'inAq (60°F)/100ft');
INSERT INTO TB_UNIT VALUES(30003,0.0,'inch mercury (technical definition) per 100 foot',30,'InchMercuryTDPer100Foot',111.1019895125,'inHg/100ft');
INSERT INTO TB_UNIT VALUES(30004,0.0,'millimeter mercury (technical definition) per 100 foot',30,'MillimeterMercuryTDPer100Foot',4.3740940752952753,'mmHg/100ft');
INSERT INTO TB_UNIT VALUES(31001,0.0,'mole',31,'Mole',1.0,'mol');
INSERT INTO TB_UNIT VALUES(32001,0.0,'candela',32,'Candela',1.0,'cd');
INSERT INTO TB_UNIT VALUES(33001,0.0,'lumen',33,'Lumen',1.0,'lm');
INSERT INTO TB_UNIT VALUES(34001,0.0,'lux',34,'Lux',1.0,'lx');
INSERT INTO TB_UNIT VALUES(34002,0.0,'footcandle',34,'Footcandle',10.763910416709722,'fc');
INSERT INTO TB_UNIT VALUES(34003,0.0,'footlambert',34,'Footlambert',3.4262590996353906,'fL');
INSERT INTO TB_UNIT VALUES(35001,0.0,'candela per square meter',35,'CandelaPerSquareMeter',1.0,'cd/m²');
INSERT INTO TB_UNIT VALUES(35002,0.0,'candela per square foot',35,'CandelaPerSquareFoot',10.763910416709722,'cd/sq ft');
CREATE TABLE TB_UNIT_TYPE (ID INTEGER PRIMARY KEY not null, CAPTION NVARCHAR2(255), EXP_ELECTRICCURRENT INTEGER(9) default 0 not null, EXP_LENGTH INTEGER(9) default 0 not null, EXP_LUMINOUSINTENSITY INTEGER(9) default 0 not null, EXP_MASS INTEGER(9) default 0 not null, EXP_SUBSTANCEAMOUNT INTEGER(9) default 0 not null, EXP_TEMPERATURE INTEGER(9) default 0 not null, EXP_TIME INTEGER(9) default 0 not null, ID_MAJOR_UNIT INTEGER(18), ID_MINOR_UNIT INTEGER(18), NAME NVARCHAR2(255) not null);
INSERT INTO TB_UNIT_TYPE VALUES(0,'None',0,0,0,0,0,0,0,0,NULL,'Unknown');
INSERT INTO TB_UNIT_TYPE VALUES(1,'Length',0,1,0,0,0,0,0,1012,NULL,'Length');
INSERT INTO TB_UNIT_TYPE VALUES(2,'Area',0,2,0,0,0,0,0,2012,NULL,'Area');
INSERT INTO TB_UNIT_TYPE VALUES(3,'Angle',0,0,0,0,0,0,0,3001,NULL,'Angle');
INSERT INTO TB_UNIT_TYPE VALUES(4,'Temperature',0,0,0,0,0,1,0,4001,NULL,'Temperature');
INSERT INTO TB_UNIT_TYPE VALUES(5,'Mass',0,0,0,1,0,0,0,5004,NULL,'Mass');
INSERT INTO TB_UNIT_TYPE VALUES(6,'Time',0,0,0,0,0,0,1,6002,NULL,'Time');
INSERT INTO TB_UNIT_TYPE VALUES(7,'Volume',0,3,0,0,0,0,0,7012,NULL,'Volume');
INSERT INTO TB_UNIT_TYPE VALUES(8,'Potential',-1,2,0,1,0,0,-3,8003,NULL,'Voltage');
INSERT INTO TB_UNIT_TYPE VALUES(9,'Pressure',0,-1,0,1,0,0,-2,9005,NULL,'Pressure');
INSERT INTO TB_UNIT_TYPE VALUES(10,'Current',1,0,0,0,0,0,0,10001,NULL,'Current');
INSERT INTO TB_UNIT_TYPE VALUES(11,'Power',0,2,0,1,0,0,-3,11005,NULL,'Power');
INSERT INTO TB_UNIT_TYPE VALUES(12,'Energy',0,2,0,1,0,0,-2,12009,NULL,'Energy');
INSERT INTO TB_UNIT_TYPE VALUES(13,'Resistance',-2,2,0,1,0,0,-3,13005,NULL,'Resistance');
INSERT INTO TB_UNIT_TYPE VALUES(14,'Conductivity',2,-2,0,-1,0,0,3,14003,NULL,'Conductivity');
INSERT INTO TB_UNIT_TYPE VALUES(15,'Charge',1,0,0,0,0,0,1,15002,NULL,'Charge');
INSERT INTO TB_UNIT_TYPE VALUES(16,'Capacitance',2,-2,0,-1,0,0,4,16001,NULL,'Capacitance');
INSERT INTO TB_UNIT_TYPE VALUES(17,'Inductance',-2,2,0,1,0,0,-2,17001,NULL,'Inductance');
INSERT INTO TB_UNIT_TYPE VALUES(18,'Force',0,1,0,1,0,0,-2,18003,NULL,'Force');
INSERT INTO TB_UNIT_TYPE VALUES(19,'Resistance per length',-2,1,0,1,0,0,-3,19005,NULL,'ResistancePerLength');
INSERT INTO TB_UNIT_TYPE VALUES(20,'Force per length',0,0,0,1,0,0,-2,20002,NULL,'ForcePerLength');
INSERT INTO TB_UNIT_TYPE VALUES(21,'Mass per length',0,-1,0,1,0,0,0,21002,NULL,'MassPerLength');
INSERT INTO TB_UNIT_TYPE VALUES(22,'Torque',0,2,0,1,0,0,-2,22001,NULL,'Torque');
INSERT INTO TB_UNIT_TYPE VALUES(23,'Frequency',0,0,0,0,0,0,-1,NULL,NULL,'Frequency');
INSERT INTO TB_UNIT_TYPE VALUES(24,'Velocity',0,1,0,0,0,0,-1,NULL,NULL,'Velocity');
INSERT INTO TB_UNIT_TYPE VALUES(25,'Acceleration',0,1,0,0,0,0,-2,NULL,NULL,'Acceleration');
INSERT INTO TB_UNIT_TYPE VALUES(26,'Volumetric flow',0,3,0,0,0,0,-1,NULL,NULL,'VolumetricFlow');
INSERT INTO TB_UNIT_TYPE VALUES(27,'Solid angle',0,0,0,0,0,0,0,NULL,NULL,'SolidAngle');
INSERT INTO TB_UNIT_TYPE VALUES(28,'Mass density',0,-3,0,1,0,0,0,NULL,NULL,'MassDensity');
INSERT INTO TB_UNIT_TYPE VALUES(29,'Power density',0,0,0,1,0,0,-3,NULL,NULL,'PowerDensity');
INSERT INTO TB_UNIT_TYPE VALUES(30,'Head loss',0,-2,0,1,0,0,-2,NULL,NULL,'HeadLoss');
INSERT INTO TB_UNIT_TYPE VALUES(31,'Substance amount',0,0,0,0,1,0,0,NULL,NULL,'SubstanceAmount');
INSERT INTO TB_UNIT_TYPE VALUES(32,'Luminous intensity',0,0,1,0,0,0,0,NULL,NULL,'LuminousIntensity');
INSERT INTO TB_UNIT_TYPE VALUES(33,'Luminous flux',0,0,1,0,0,0,0,NULL,NULL,'LuminousFlux');
INSERT INTO TB_UNIT_TYPE VALUES(34,'Illuminance',0,-2,1,0,0,0,0,NULL,NULL,'Illuminance');
INSERT INTO TB_UNIT_TYPE VALUES(35,'Luminance',0,-2,1,0,0,0,0,NULL,NULL,'Luminance');
CREATE TABLE TB_HOR_ALIGNMENT_TBD (ID INTEGER PRIMARY KEY not null, SHORT_VALUE VARCHAR2(30), VALUE VARCHAR2(255), DATE_OF_CREATION DATETIME_as_text, DESIGNER VARCHAR2(255), COMMENTARY VARCHAR2(2000), ACTIVE INTEGER(1) default 1, PRIORITY INTEGER(10));
INSERT INTO TB_HOR_ALIGNMENT_TBD VALUES(1,'Left','Left',NULL,'Autodesk, Inc.','Horizontal Alignment',1,NULL);
INSERT INTO TB_HOR_ALIGNMENT_TBD VALUES(2,'Center','Center',NULL,'Autodesk, Inc.','Horizontal Alignment',1,NULL);
INSERT INTO TB_HOR_ALIGNMENT_TBD VALUES(3,'Right','Right',NULL,'Autodesk, Inc.','Horizontal Alignment',1,NULL);
CREATE TABLE TB_VER_ALIGNMENT_TBD (ID INTEGER PRIMARY KEY not null, SHORT_VALUE VARCHAR2(30), VALUE VARCHAR2(255), DATE_OF_CREATION DATETIME_as_text, DESIGNER VARCHAR2(255), COMMENTARY VARCHAR2(2000), ACTIVE INTEGER(1) default 1, PRIORITY INTEGER(10));
INSERT INTO TB_VER_ALIGNMENT_TBD VALUES(1,'Bottom','Bottom',NULL,'Autodesk, Inc.','Vertical Alignment',1,NULL);
INSERT INTO TB_VER_ALIGNMENT_TBD VALUES(2,'Baseline','Baseline',NULL,'Autodesk, Inc.','Vertical Alignment',1,NULL);
INSERT INTO TB_VER_ALIGNMENT_TBD VALUES(3,'Halfline','Halfline',NULL,'Autodesk, Inc.','Vertical Alignment',1,NULL);
INSERT INTO TB_VER_ALIGNMENT_TBD VALUES(4,'Capline','Capline',NULL,'Autodesk, Inc.','Vertical Alignment',1,NULL);
INSERT INTO TB_VER_ALIGNMENT_TBD VALUES(5,'Top','Top',NULL,'Autodesk, Inc.','Vertical Alignment',1,NULL);
CREATE TABLE CONSTRUCT (FID INTEGER PRIMARY KEY not null);
CREATE TABLE CONSTRUCT_LINES (FID INTEGER PRIMARY KEY not null, GEOM FDO_GEOMETRY_as_blob, LENGTH REAL(20,8), DESCRIPTION VARCHAR2(48), FID_PARENT INTEGER(10));
CREATE TABLE CONSTRUCT_MARKERS (FID INTEGER PRIMARY KEY not null, GEOM FDO_GEOMETRY_as_blob, ORIENTATION REAL(6,3) default 90 not null, Z REAL(20,8), QUALITY INTEGER(10), DESCRIPTION VARCHAR2(48), FID_PARENT INTEGER(10));
CREATE TABLE CONSTRUCT_POINTS (FID INTEGER PRIMARY KEY not null, GEOM FDO_GEOMETRY_as_blob, ORIENTATION REAL(6,3) default 90 not null, Z REAL(20,8), QUALITY INTEGER(10), DESCRIPTION VARCHAR2(48), FID_PARENT INTEGER(10));
CREATE TABLE CONSTRUCT_POINTS_TBL (FID INTEGER PRIMARY KEY not null, GEOM FDO_GEOMETRY_as_blob, LABEL_DEF_ID INTEGER(18), FID_PARENT INTEGER(10), LABEL_TEXT VARCHAR2(2000), HORIZONTAL_ALIGNMENT VARCHAR2(10) default 'Left' not null, VERTICAL_ALIGNMENT VARCHAR2(10) default 'Baseline' not null, ORIENTATION REAL(6,3) default 90 not null, PRE VARCHAR2(255), SUF VARCHAR2(255));
CREATE TABLE TB_FEATURE_GROUP (FID INTEGER PRIMARY KEY not null, GEOM FDO_GEOMETRY_as_blob, ORIENTATION REAL(6,3) default 90 not null, Z REAL(20,8), QUALITY INTEGER(10), DATE_CREATION DATETIME_as_text, FID_TEMPLATE INTEGER(10), IS_MIRROR INTEGER(1), SCALE_FACTOR REAL(20,8), USER_FLAG VARCHAR2(255));
CREATE TABLE TB_FEATURE_GROUP_FEATURE (FID INTEGER PRIMARY KEY not null, F_CLASS_ID INTEGER(10), FID_FEATURE INTEGER(10), FID_FEATURE_GROUP INTEGER(10), FID_TEMPLATE_FEATURE INTEGER(10), USER_FLAG VARCHAR2(255), DATE_CREATION DATETIME_as_text);
CREATE TABLE TEST_CLASSE_01 (FID INTEGER PRIMARY KEY not null, TEST_ATTRIBUT_01 VARCHAR2(10), TEST_ATTRIBUT_02 INTEGER(10), TEST_ATTRIBUT_03 INTEGER(10) default 0, TEST_ATTRIBUT_05 VARCHAR2(10) not null);
CREATE TABLE TEST_CLASSE_GEO_01 (FID INTEGER PRIMARY KEY not null, GEOM FDO_GEOMETRY_as_blob, ORIENTATION REAL(6,3) default 90 not null, Z REAL(20,8), QUALITY INTEGER(10));
CREATE TRIGGER CONSTRUCT_BI_FID before insert on CONSTRUCT for each row
when new.FID = -1
begin
  update TB_SEQUENCE_EMULATION set NEXT_VALUE = NEXT_VALUE+1 where SEQUENCE_NAME = 'TB_UFID_S';
  insert into CONSTRUCT (FID)
    values ((select NEXT_VALUE-1 from TB_SEQUENCE_EMULATION where SEQUENCE_NAME = 'TB_UFID_S'));
  select raise(ignore);
end;
CREATE TRIGGER CONSTRUCT_AI_FID after insert on CONSTRUCT for each row
begin
  delete from TB_UFID where FID = new.FID and F_CLASS_ID = 1;
  insert into TB_UFID (FID, F_CLASS_ID, TOUCH_TS, LOCKED)
    values (new.FID, 1, current_timestamp, 0);
end;
CREATE TRIGGER CONSTRUCT_BU_FID before update of FID on CONSTRUCT for each row
when new.fid != old.fid
begin
  select raise(ROLLBACK, 'FID of feature class CONSTRUCT cannot be changed.');
end;
CREATE TRIGGER CONSTRUCT_AU_FID after update on CONSTRUCT for each row
begin
  update TB_UFID set TOUCH_TS = current_timestamp where FID = new.FID;
end;
CREATE TRIGGER CONSTRUCT_AD_FID after delete on CONSTRUCT for each row
begin
  update TB_UFID set TOUCH_TS = current_timestamp where FID = old.FID;
end;
CREATE TRIGGER CONSTRUCT_LINES_AI_FID after insert on CONSTRUCT_LINES for each row
begin
  delete from TB_UFID where FID = new.FID and F_CLASS_ID = 2;
  insert into TB_UFID (FID, F_CLASS_ID, TOUCH_TS, LOCKED)
    values (new.FID, 2, current_timestamp, 0);
end;
CREATE TRIGGER CONSTRUCT_LINES_BU_FID before update of FID on CONSTRUCT_LINES for each row
when new.fid != old.fid
begin
  select raise(ROLLBACK, 'FID of feature class CONSTRUCT_LINES cannot be changed.');
end;
CREATE TRIGGER CONSTRUCT_LINES_AU_FID after update on CONSTRUCT_LINES for each row
begin
  update TB_UFID set TOUCH_TS = current_timestamp where FID = new.FID;
end;
CREATE TRIGGER CONSTRUCT_LINES_AD_FID after delete on CONSTRUCT_LINES for each row
begin
  update TB_UFID set TOUCH_TS = current_timestamp where FID = old.FID;
end;
CREATE TRIGGER CONSTRUCT_LINES_BI_FID before insert on CONSTRUCT_LINES for each row
when new.FID = -1
begin
  update TB_SEQUENCE_EMULATION set NEXT_VALUE = NEXT_VALUE+1 where SEQUENCE_NAME = 'TB_UFID_S';
  insert into CONSTRUCT_LINES (FID, GEOM, LENGTH, DESCRIPTION, FID_PARENT)
    values ((select NEXT_VALUE-1 from TB_SEQUENCE_EMULATION where SEQUENCE_NAME = 'TB_UFID_S'), new.GEOM, new.LENGTH, new.DESCRIPTION, new.FID_PARENT);
  select raise(ignore);
end;
CREATE TRIGGER CONSTRUCT_MARKERS_AI_FID after insert on CONSTRUCT_MARKERS for each row
begin
  delete from TB_UFID where FID = new.FID and F_CLASS_ID = 3;
  insert into TB_UFID (FID, F_CLASS_ID, TOUCH_TS, LOCKED)
    values (new.FID, 3, current_timestamp, 0);
end;
CREATE TRIGGER CONSTRUCT_MARKERS_BU_FID before update of FID on CONSTRUCT_MARKERS for each row
when new.fid != old.fid
begin
  select raise(ROLLBACK, 'FID of feature class CONSTRUCT_MARKERS cannot be changed.');
end;
CREATE TRIGGER CONSTRUCT_MARKERS_AU_FID after update on CONSTRUCT_MARKERS for each row
begin
  update TB_UFID set TOUCH_TS = current_timestamp where FID = new.FID;
end;
CREATE TRIGGER CONSTRUCT_MARKERS_AD_FID after delete on CONSTRUCT_MARKERS for each row
begin
  update TB_UFID set TOUCH_TS = current_timestamp where FID = old.FID;
end;
CREATE TRIGGER CONSTRUCT_MARKERS_BI_FID before insert on CONSTRUCT_MARKERS for each row
when new.FID = -1
begin
  update TB_SEQUENCE_EMULATION set NEXT_VALUE = NEXT_VALUE+1 where SEQUENCE_NAME = 'TB_UFID_S';
  insert into CONSTRUCT_MARKERS (FID, GEOM, ORIENTATION, Z, QUALITY, DESCRIPTION, FID_PARENT)
    values ((select NEXT_VALUE-1 from TB_SEQUENCE_EMULATION where SEQUENCE_NAME = 'TB_UFID_S'), new.GEOM, new.ORIENTATION, new.Z, new.QUALITY, new.DESCRIPTION, new.FID_PARENT);
  select raise(ignore);
end;
CREATE TRIGGER CONSTRUCT_POINTS_AI_FID after insert on CONSTRUCT_POINTS for each row
begin
  delete from TB_UFID where FID = new.FID and F_CLASS_ID = 4;
  insert into TB_UFID (FID, F_CLASS_ID, TOUCH_TS, LOCKED)
    values (new.FID, 4, current_timestamp, 0);
end;
CREATE TRIGGER CONSTRUCT_POINTS_BU_FID before update of FID on CONSTRUCT_POINTS for each row
when new.fid != old.fid
begin
  select raise(ROLLBACK, 'FID of feature class CONSTRUCT_POINTS cannot be changed.');
end;
CREATE TRIGGER CONSTRUCT_POINTS_AU_FID after update on CONSTRUCT_POINTS for each row
begin
  update TB_UFID set TOUCH_TS = current_timestamp where FID = new.FID;
end;
CREATE TRIGGER CONSTRUCT_POINTS_AD_FID after delete on CONSTRUCT_POINTS for each row
begin
  update TB_UFID set TOUCH_TS = current_timestamp where FID = old.FID;
end;
CREATE TRIGGER CONSTRUCT_POINTS_BI_FID before insert on CONSTRUCT_POINTS for each row
when new.FID = -1
begin
  update TB_SEQUENCE_EMULATION set NEXT_VALUE = NEXT_VALUE+1 where SEQUENCE_NAME = 'TB_UFID_S';
  insert into CONSTRUCT_POINTS (FID, GEOM, ORIENTATION, Z, QUALITY, DESCRIPTION, FID_PARENT)
    values ((select NEXT_VALUE-1 from TB_SEQUENCE_EMULATION where SEQUENCE_NAME = 'TB_UFID_S'), new.GEOM, new.ORIENTATION, new.Z, new.QUALITY, new.DESCRIPTION, new.FID_PARENT);
  select raise(ignore);
end;
CREATE TRIGGER CONSTRUCT_POINTS_TBL_BI_FID before insert on CONSTRUCT_POINTS_TBL for each row
when new.FID = -1
begin
  update TB_SEQUENCE_EMULATION set NEXT_VALUE = NEXT_VALUE+1 where SEQUENCE_NAME = 'TB_UFID_S';
  insert into CONSTRUCT_POINTS_TBL (FID, GEOM, LABEL_DEF_ID, FID_PARENT, LABEL_TEXT, HORIZONTAL_ALIGNMENT, VERTICAL_ALIGNMENT, ORIENTATION, PRE, SUF)
    values ((select NEXT_VALUE-1 from TB_SEQUENCE_EMULATION where SEQUENCE_NAME = 'TB_UFID_S'), new.GEOM, new.LABEL_DEF_ID, new.FID_PARENT, new.LABEL_TEXT, new.HORIZONTAL_ALIGNMENT, new.VERTICAL_ALIGNMENT, new.ORIENTATION, new.PRE, new.SUF);
  select raise(ignore);
end;
CREATE TRIGGER CONSTRUCT_POINTS_TBL_AI_FID after insert on CONSTRUCT_POINTS_TBL for each row
begin
  delete from TB_UFID where FID = new.FID and F_CLASS_ID = 5;
  insert into TB_UFID (FID, F_CLASS_ID, TOUCH_TS, LOCKED)
    values (new.FID, 5, current_timestamp, 0);
end;
CREATE TRIGGER CONSTRUCT_POINTS_TBL_BU_FID before update of FID on CONSTRUCT_POINTS_TBL for each row
when new.fid != old.fid
begin
  select raise(ROLLBACK, 'FID of feature class CONSTRUCT_POINTS_TBL cannot be changed.');
end;
CREATE TRIGGER CONSTRUCT_POINTS_TBL_AU_FID after update on CONSTRUCT_POINTS_TBL for each row
begin
  update TB_UFID set TOUCH_TS = current_timestamp where FID = new.FID;
end;
CREATE TRIGGER CONSTRUCT_POINTS_TBL_AD_FID after delete on CONSTRUCT_POINTS_TBL for each row
begin
  update TB_UFID set TOUCH_TS = current_timestamp where FID = old.FID;
end;
CREATE TRIGGER TB_FEATURE_GROUP_AI_FID after insert on TB_FEATURE_GROUP for each row
begin
  delete from TB_UFID where FID = new.FID and F_CLASS_ID = 6;
  insert into TB_UFID (FID, F_CLASS_ID, TOUCH_TS, LOCKED)
    values (new.FID, 6, current_timestamp, 0);
end;
CREATE TRIGGER TB_FEATURE_GROUP_BU_FID before update of FID on TB_FEATURE_GROUP for each row
when new.fid != old.fid
begin
  select raise(ROLLBACK, 'FID of feature class TB_FEATURE_GROUP cannot be changed.');
end;
CREATE TRIGGER TB_FEATURE_GROUP_AU_FID after update on TB_FEATURE_GROUP for each row
begin
  update TB_UFID set TOUCH_TS = current_timestamp where FID = new.FID;
end;
CREATE TRIGGER TB_FEATURE_GROUP_AD_FID after delete on TB_FEATURE_GROUP for each row
begin
  update TB_UFID set TOUCH_TS = current_timestamp where FID = old.FID;
end;
CREATE TRIGGER TB_FEATURE_GROUP_BI_FID before insert on TB_FEATURE_GROUP for each row
when new.FID = -1
begin
  update TB_SEQUENCE_EMULATION set NEXT_VALUE = NEXT_VALUE+1 where SEQUENCE_NAME = 'TB_UFID_S';
  insert into TB_FEATURE_GROUP (FID, GEOM, ORIENTATION, Z, QUALITY, DATE_CREATION, FID_TEMPLATE, IS_MIRROR, SCALE_FACTOR, USER_FLAG)
    values ((select NEXT_VALUE-1 from TB_SEQUENCE_EMULATION where SEQUENCE_NAME = 'TB_UFID_S'), new.GEOM, new.ORIENTATION, new.Z, new.QUALITY, new.DATE_CREATION, new.FID_TEMPLATE, new.IS_MIRROR, new.SCALE_FACTOR, new.USER_FLAG);
  select raise(ignore);
end;
CREATE TRIGGER TB_FEATURE_GROUP_FEATURE_AD_FID after delete on TB_FEATURE_GROUP_FEATURE for each row
begin
  update TB_UFID set TOUCH_TS = current_timestamp where FID = old.FID;
end;
CREATE TRIGGER TB_FEATURE_GROUP_FEATURE_AI_FID after insert on TB_FEATURE_GROUP_FEATURE for each row
begin
  delete from TB_UFID where FID = new.FID and F_CLASS_ID = 7;
  insert into TB_UFID (FID, F_CLASS_ID, TOUCH_TS, LOCKED)
    values (new.FID, 7, current_timestamp, 0);
end;
CREATE TRIGGER TB_FEATURE_GROUP_FEATURE_AU_FID after update on TB_FEATURE_GROUP_FEATURE for each row
begin
  update TB_UFID set TOUCH_TS = current_timestamp where FID = new.FID;
end;
CREATE TRIGGER TB_FEATURE_GROUP_FEATURE_BU_FID before update of FID on TB_FEATURE_GROUP_FEATURE for each row
when new.fid != old.fid
begin
  select raise(ROLLBACK, 'FID of feature class TB_FEATURE_GROUP_FEATURE cannot be changed.');
end;
CREATE TRIGGER TB_FEATURE_GROUP_FEATURE_BI_FID before insert on TB_FEATURE_GROUP_FEATURE for each row
when new.FID = -1
begin
  update TB_SEQUENCE_EMULATION set NEXT_VALUE = NEXT_VALUE+1 where SEQUENCE_NAME = 'TB_UFID_S';
  insert into TB_FEATURE_GROUP_FEATURE (FID, F_CLASS_ID, FID_FEATURE, FID_FEATURE_GROUP, FID_TEMPLATE_FEATURE, USER_FLAG, DATE_CREATION)
    values ((select NEXT_VALUE-1 from TB_SEQUENCE_EMULATION where SEQUENCE_NAME = 'TB_UFID_S'), new.F_CLASS_ID, new.FID_FEATURE, new.FID_FEATURE_GROUP, new.FID_TEMPLATE_FEATURE, new.USER_FLAG, new.DATE_CREATION);
  select raise(ignore);
end;
CREATE TRIGGER TEST_CLASSE_01_AD_FID after delete on TEST_CLASSE_01 for each row
begin
  update TB_UFID set TOUCH_TS = current_timestamp where FID = old.FID;
end;
CREATE TRIGGER TEST_CLASSE_01_AI_FID after insert on TEST_CLASSE_01 for each row
begin
  delete from TB_UFID where FID = new.FID and F_CLASS_ID = 8;
  insert into TB_UFID (FID, F_CLASS_ID, TOUCH_TS, LOCKED)
    values (new.FID, 8, current_timestamp, 0);
end;
CREATE TRIGGER TEST_CLASSE_01_AU_FID after update on TEST_CLASSE_01 for each row
begin
  update TB_UFID set TOUCH_TS = current_timestamp where FID = new.FID;
end;
CREATE TRIGGER TEST_CLASSE_01_BU_FID before update of FID on TEST_CLASSE_01 for each row
when new.fid != old.fid
begin
  select raise(ROLLBACK, 'FID of feature class TEST_CLASSE_01 cannot be changed.');
end;
CREATE TRIGGER TEST_CLASSE_01_BI_FID before insert on TEST_CLASSE_01 for each row
when new.FID = -1
begin
  update TB_SEQUENCE_EMULATION set NEXT_VALUE = NEXT_VALUE+1 where SEQUENCE_NAME = 'TB_UFID_S';
  insert into TEST_CLASSE_01 (FID, TEST_ATTRIBUT_01, TEST_ATTRIBUT_02, TEST_ATTRIBUT_03, TEST_ATTRIBUT_05)
    values ((select NEXT_VALUE-1 from TB_SEQUENCE_EMULATION where SEQUENCE_NAME = 'TB_UFID_S'), new.TEST_ATTRIBUT_01, new.TEST_ATTRIBUT_02, new.TEST_ATTRIBUT_03, new.TEST_ATTRIBUT_05);
  select raise(ignore);
end;
CREATE TRIGGER TEST_CLASSE_GEO_01_BI_FID before insert on TEST_CLASSE_GEO_01 for each row
when new.FID = -1
begin
  update TB_SEQUENCE_EMULATION set NEXT_VALUE = NEXT_VALUE+1 where SEQUENCE_NAME = 'TB_UFID_S';
  insert into TEST_CLASSE_GEO_01 (FID, GEOM, ORIENTATION, Z, QUALITY)
    values ((select NEXT_VALUE-1 from TB_SEQUENCE_EMULATION where SEQUENCE_NAME = 'TB_UFID_S'), new.GEOM, new.ORIENTATION, new.Z, new.QUALITY);
  select raise(ignore);
end;
CREATE TRIGGER TEST_CLASSE_GEO_01_AI_FID after insert on TEST_CLASSE_GEO_01 for each row
begin
  delete from TB_UFID where FID = new.FID and F_CLASS_ID = 9;
  insert into TB_UFID (FID, F_CLASS_ID, TOUCH_TS, LOCKED)
    values (new.FID, 9, current_timestamp, 0);
end;
CREATE TRIGGER TEST_CLASSE_GEO_01_BU_FID before update of FID on TEST_CLASSE_GEO_01 for each row
when new.fid != old.fid
begin
  select raise(ROLLBACK, 'FID of feature class TEST_CLASSE_GEO_01 cannot be changed.');
end;
CREATE TRIGGER TEST_CLASSE_GEO_01_AU_FID after update on TEST_CLASSE_GEO_01 for each row
begin
  update TB_UFID set TOUCH_TS = current_timestamp where FID = new.FID;
end;
CREATE TRIGGER TEST_CLASSE_GEO_01_AD_FID after delete on TEST_CLASSE_GEO_01 for each row
begin
  update TB_UFID set TOUCH_TS = current_timestamp where FID = old.FID;
end;
CREATE INDEX TB_FCONT_MENU_ITEM_IX1 on TB_FCONT_MENU_ITEM (FCONT_ID);
CREATE INDEX TB_FCONT_MENU_ITEM_UG_REST_IX1 on TB_FCONT_MENU_ITEM_UG_RESTR (FCONT_MENU_ITEM_ID);
CREATE INDEX TB_JOB_FCLASS_JT_ID on TB_JOB_FCLASS (JOB_TOPIC_ID);
CREATE INDEX TB_JOB_TOPIC_JOB_ID on TB_JOB_TOPIC (JOB_ID);
CREATE INDEX TB_JOB_TOPIC_TOPIC_ID on TB_JOB_TOPIC (TOPIC_ID);
CREATE INDEX TB_JOB_TOPIC_STATE_JT_ID on TB_JOB_TOPIC_STATE (JOB_TOPIC_ID);
CREATE INDEX TB_JOB_VERSION_IDX1 on TB_JOB_VERSION (FID);
CREATE INDEX TB_JOB_VERSION_IDX2 on TB_JOB_VERSION (JOB_OLD_VERSION);
CREATE INDEX TB_JOB_VERSION_IDX3 on TB_JOB_VERSION (JOB_ID);
CREATE INDEX TB_JOB_VERSION_IDX4 on TB_JOB_VERSION (JOB_VERSION, JOB_ID);
CREATE INDEX TB_NET_RESULT_I on TB_NET_RESULT (PATH_ID);
CREATE INDEX TB_NET_RESULT_I1 on TB_NET_RESULT (LINK_ID);
CREATE INDEX TB_OPERATION_LOG_IDX1 on TB_OPERATION_LOG (FID);
CREATE INDEX TB_POINTNUMBER_INCREMENT_IDX on TB_POINTNUMBER_INCREMENT (PNGROUP_ID, PREFIX);
CREATE INDEX TB_REF_IX1 on TB_REF (TABLE_NAME);
CREATE INDEX TB_REF_FLD_IX1 on TB_REF_FLD (REF_ID);
CREATE INDEX TB_REF_SELECT_IX1 on TB_REF_SELECT (USER_ID);
CREATE INDEX IDX_TB_RELATIONS_CC on TB_RELATIONS (CHILD_COLUMN_NAME);
CREATE INDEX IDX_TB_RELATIONS_CT on TB_RELATIONS (CHILD_TABLE_NAME);
CREATE INDEX IDX_TB_RELATIONS_PC on TB_RELATIONS (PARENT_COLUMN_NAME);
CREATE INDEX IDX_TB_RELATIONS_PT on TB_RELATIONS (PARENT_TABLE_NAME);
CREATE INDEX IDX_SETTINGS_MI on TB_SETTINGS (MACHINE_ID);
CREATE INDEX TB_SETTINGS_ITEMKEY_IDX on TB_SETTINGS (ITEMKEY);
CREATE INDEX TB_SETTINGS_ITEMTHEMA_IDX on TB_SETTINGS (ITEMTHEMA);
CREATE INDEX TB_SETTINGS_USERID_IDX on TB_SETTINGS (USER_ID);
CREATE INDEX TB_TEMPLATE_EXPLORER_IX1 on TB_TEMPLATE_EXPLORER (ID_TEMPLATE);
CREATE INDEX TB_TEMPLATE_EXPLORER_IX2 on TB_TEMPLATE_EXPLORER (F_CLASS_ID);
CREATE INDEX TB_TEMPLATE_FEATURE_IX1 on TB_TEMPLATE_FEATURE (ID_TEMPLATE);
CREATE INDEX TB_TEMPLATE_RELATION_IX1 on TB_TEMPLATE_RELATION (ID_TEMPLATE_FEATURE_CHILD);
CREATE INDEX TB_TEMPLATE_RELATION_IX2 on TB_TEMPLATE_RELATION (ID_TEMPLATE_FEATURE_PARENT);
CREATE INDEX TB_UFID_TS on TB_UFID (F_CLASS_ID, TOUCH_TS);
CREATE INDEX IDX_GN_LIST_CONFIG_LI on TB_GN_LIST_CONFIG (LIST_ID);
CREATE INDEX IDX_GN_LIST_CONFIG_UI on TB_GN_LIST_CONFIG (USER_ID);
CREATE INDEX IDX_RPT_SQL_RI on TB_RPT_SQL (REPORT_ID);
CREATE INDEX IDX_RPT_SECTION_GI on TB_RPT_SECTION (GROUP_ID);
CREATE INDEX IDX_RPT_SQLCODE_RI on TB_RPT_SQL_CODE (REPORT_ID);
CREATE INDEX IDX_RPT_SQLCODE_SI on TB_RPT_SQL_CODE (SQL_ID);
CREATE INDEX IDX_RPT_PAGE_RI on TB_RPT_PAGE (REPORT_ID);
CREATE INDEX IDX_GN_DIALOG_HIGHLIGHT_DID on TB_GN_DIALOG_HIGHLIGHT (DIALOG_ID);
CREATE INDEX IDX_RPT_CHART_CI on TB_RPT_CHART (CONTROL_ID);
CREATE INDEX IDX_RPT_CHART_OI on TB_RPT_CHART (ORDER_INDEX);
CREATE INDEX IDX_RPT_CONTROL_ZI on TB_RPT_CONTROL (ZONE_ID);
CREATE INDEX IDX_GN_DIALOG_PROJECTION_DID on TB_GN_DIALOG_PROJECTION (DIALOG_ID);
CREATE INDEX IDX_RPT_ZONE_SI on TB_RPT_ZONE (SECTION_ID);
CREATE INDEX IDX_GN_INFO_REDIRECT_FN on TB_GN_INFO_REDIRECT (F_TABLE_NAME);
CREATE INDEX IDX_RPT_PLUGIN_RI on TB_RPT_PLUGIN (REPORT_ID);
CREATE INDEX IDX_GN_MENU_NODE_FILTER_MIN on TB_GN_MENU_NODE_FILTER (MENU_ITEM_NAME);
CREATE INDEX IDX_GN_MENU_NODE_FILTER_NON on TB_GN_MENU_NODE_FILTER (NODE_NAME);
CREATE INDEX IDX_GN_MENU_NODE_FILTER_UGI on TB_GN_MENU_NODE_FILTER (USERGROUP_ID);
CREATE INDEX IDX_GN_DIALOG_DETAIL_PID on TB_GN_DIALOG_DETAIL (MASTER_DIALOG_ID);
CREATE INDEX IDX_GN_FLYIN_USER_NA on TB_GN_FLYIN_USER (NAME);
CREATE INDEX IDX_GN_FLYIN_USER_UI on TB_GN_FLYIN_USER (USER_ID);
CREATE INDEX IDX_GN_DIALOG_TN on TB_GN_DIALOG (TABLENAME);
CREATE INDEX IDX_GN_DIALOG_USER_DI on TB_GN_DIALOG_USER (DIALOG_ID);
CREATE INDEX IDX_GN_DIALOG_USER_UI on TB_GN_DIALOG_USER (USER_ID);
CREATE INDEX IDX_GN_SELECTION_CID on TB_GN_SELECTION (CASE_ID);
CREATE INDEX IDX_GN_SELECTION_UID on TB_GN_SELECTION (USER_ID);
CREATE INDEX IDX_GN_REPORT_FILTER_DID on TB_GN_REPORT_FILTER (DIALOG_ID);
CREATE INDEX IDX_RPT_GROUP_PI on TB_RPT_GROUP (PAGE_ID);
CREATE INDEX IDX_RPT_GROUP_PRI on TB_RPT_GROUP (PARENT_ID);
CREATE INDEX IDX_GN_FLYIN_FILTER_BI on TB_GN_FLYIN_FILTER (FLYIN_ID);
CREATE INDEX IDX_GN_FLYIN_FILTER_GI on TB_GN_FLYIN_FILTER (USERGROUP_ID);
CREATE INDEX IDX_GN_MENU_FILTER_UGI on TB_GN_MENU_FILTER (USERGROUP_ID);
CREATE INDEX IDX_RPT_FUNCODE_FN on TB_RPT_FUNCTION_CODE (FUNCTION_NAME);
CREATE INDEX IDX_RPT_FUNCODE_RI on TB_RPT_FUNCTION_CODE (REPORT_ID);
CREATE INDEX IDX_RPT_PARAMETER_RI on TB_RPT_PARAMETER (REPORT_ID);
CREATE INDEX IDX_GN_CRYREP_UID on TB_CRYSTAL_REPORTS (USER_ID);
CREATE INDEX IDX_GN_FORM_LOC_USER_IT on TB_FORM_LOCATION (CLIENT_IDENTITY);
CREATE INDEX IDX_GN_FORM_LOC_USER_NM on TB_FORM_LOCATION (NAME);
CREATE INDEX IDX_GN_FORM_LOC_USER_UI on TB_FORM_LOCATION (USER_ID);
CREATE INDEX IDX_RPT_FUNCTION_RI on TB_RPT_FUNCTION (REPORT_ID);
CREATE INDEX IDX_FEATURE_DOC_FI on TB_FEATURE_DOCUMENT (FID_PARENT);
CREATE INDEX IDX_GN_DIALOG_MACH_USER_DI on TB_GN_DIALOG_MACHINE_USER (DIALOG_ID);
CREATE INDEX IDX_GN_DIALOG_MACH_USER_IT on TB_GN_DIALOG_MACHINE_USER (CLIENT_IDENTITY);
CREATE INDEX IDX_GN_DIALOG_MACH_USER_UI on TB_GN_DIALOG_MACHINE_USER (USER_ID);
CREATE INDEX IDX_GN_REPORT_DID on TB_GN_REPORT (DIALOG_ID);
CREATE INDEX IDX_GN_DIALOG_FILTER_DID on TB_GN_DIALOG_FILTER (DIALOG_ID);
CREATE INDEX IDX_GN_DOCUMENT_BAR_ITEM_BI on TB_GN_DOCUMENT_BAR_ITEM (BAR_ID);
CREATE INDEX IDX_RPT_CHART_CODE_CI on TB_RPT_CHART_CODE (CONTROL_ID);
CREATE INDEX IDX_GN_DIALOG_BAR_FILTER_BI on TB_GN_DIALOG_BAR_FILTER (BAR_ID);
CREATE INDEX IDX_GN_DIALOG_BAR_FILTER_GI on TB_GN_DIALOG_BAR_FILTER (USERGROUP_ID);
CREATE INDEX IDX_GN_CONTROL_DI on TB_GN_CONTROL (DIALOG_ID);
CREATE INDEX IDX_GN_DOCUMENT_BAR_FILTER_BI on TB_GN_DOCUMENT_BAR_FILTER (BAR_ID);
CREATE INDEX IDX_GN_DOCUMENT_BAR_FILTER_GI on TB_GN_DOCUMENT_BAR_FILTER (USERGROUP_ID);
CREATE INDEX CONSTRUCT_POINTS_IX1 on CONSTRUCT_POINTS (FID_PARENT);
CREATE INDEX CONSTRUCT_MARKERS_IX1 on CONSTRUCT_MARKERS (FID_PARENT);
CREATE INDEX CONSTRUCT_LINES_IX1 on CONSTRUCT_LINES (FID_PARENT);
CREATE INDEX TB_FEATURE_GROUP_IX1 on TB_FEATURE_GROUP (FID_TEMPLATE);
CREATE INDEX TB_FEATURE_GROUP_FEATURE_IX1 on TB_FEATURE_GROUP_FEATURE (FID_FEATURE);
CREATE INDEX TB_FEATURE_GROUP_FEATURE_IX2 on TB_FEATURE_GROUP_FEATURE (FID_FEATURE_GROUP);
CREATE INDEX TB_FEATURE_GROUP_FEATURE_IX3 on TB_FEATURE_GROUP_FEATURE (F_CLASS_ID);
COMMIT;
